"Timestamp";"CPU cores";"CPU capacity provisioned [MHZ]";"CPU usage [MHZ]";"CPU usage [%]";"Memory capacity provisioned [KB]";"Memory usage [KB]";"Memory usage [%]";"Disk read throughput [KB/s]";"Disk write throughput [KB/s]";"Disk size [GB]";"Network received throughput [KB/s]";"Network transmitted throughput [KB/s]"
"05.11.2015 00:00:00";"1";"0";"16";"0,75";"2097152";"83676";"3,99";"0";"4";"32";"0";"2"
"05.11.2015 00:05:00";"1";"0";"18";"0,82";"2097152";"96259";"4,59";"0";"4";"32";"0";"2"
"05.11.2015 00:10:00";"1";"0";"17";"0,76";"2097152";"98986";"4,72";"0";"3";"32";"0";"2"
"05.11.2015 00:15:00";"1";"0";"17";"0,76";"2097152";"134008";"6,39";"0";"3";"32";"0";"2"
"05.11.2015 00:20:00";"1";"0";"17";"0,78";"2097152";"140929";"6,72";"0";"3";"32";"0";"2"
"05.11.2015 00:25:00";"1";"0";"17";"0,79";"2097152";"63963";"3,05";"0";"3";"32";"0";"2"
"05.11.2015 00:30:00";"1";"0";"16";"0,76";"2097152";"66899";"3,19";"0";"3";"32";"0";"2"
"05.11.2015 00:35:00";"1";"0";"18";"0,84";"2097152";"50122";"2,39";"0";"3";"32";"0";"2"
"05.11.2015 00:40:00";"1";"0";"16";"0,72";"2097152";"83676";"3,99";"0";"3";"32";"0";"2"
"05.11.2015 00:45:00";"1";"0";"16";"0,73";"2097152";"83676";"3,99";"0";"3";"32";"0";"2"
"05.11.2015 00:50:00";"1";"0";"18";"0,81";"2097152";"87871";"4,19";"0";"3";"32";"0";"2"
"05.11.2015 00:55:00";"1";"0";"16";"0,72";"2097152";"96259";"4,59";"0";"3";"32";"0";"2"
"05.11.2015 01:00:00";"1";"0";"16";"0,74";"2097152";"132540";"6,32";"0";"3";"32";"0";"2"
"05.11.2015 01:05:00";"1";"0";"19";"0,85";"2097152";"100454";"4,79";"0";"4";"32";"0";"2"
"05.11.2015 01:10:00";"1";"0";"15";"0,71";"2097152";"54316";"2,59";"0";"3";"32";"0";"2"
"05.11.2015 01:15:00";"1";"0";"16";"0,74";"2097152";"45928";"2,19";"0";"3";"32";"0";"2"
"05.11.2015 01:20:00";"1";"0";"18";"0,82";"2097152";"90597";"4,32";"0";"3";"32";"0";"2"
"05.11.2015 01:25:00";"1";"0";"15";"0,71";"2097152";"90597";"4,32";"0";"3";"32";"0";"2"
"05.11.2015 01:30:00";"1";"0";"16";"0,76";"2097152";"79482";"3,79";"0";"3";"32";"0";"2"
"05.11.2015 01:35:00";"1";"0";"18";"0,82";"2097152";"73820";"3,52";"0";"3";"32";"0";"2"
"05.11.2015 01:40:00";"1";"0";"16";"0,72";"2097152";"50122";"2,39";"0";"3";"32";"0";"2"
"05.11.2015 01:45:00";"1";"0";"16";"0,73";"2097152";"63963";"3,05";"0";"3";"32";"0";"2"
"05.11.2015 01:50:00";"1";"0";"18";"0,83";"2097152";"62705";"2,99";"0";"3";"32";"0";"2"
"05.11.2015 01:55:00";"1";"0";"16";"0,72";"2097152";"75288";"3,59";"0";"3";"32";"0";"2"
"05.11.2015 02:00:00";"1";"0";"16";"0,73";"2097152";"62705";"2,99";"0";"3";"32";"0";"2"
"05.11.2015 02:05:00";"1";"0";"18";"0,83";"2097152";"83676";"3,99";"0";"4";"32";"0";"2"
"05.11.2015 02:10:00";"1";"0";"16";"0,72";"2097152";"71093";"3,39";"0";"3";"32";"0";"2"
"05.11.2015 02:15:00";"1";"0";"16";"0,74";"2097152";"75288";"3,59";"0";"3";"32";"0";"2"
"05.11.2015 02:20:00";"1";"0";"18";"0,81";"2097152";"71093";"3,39";"0";"3";"32";"0";"2"
"05.11.2015 02:25:00";"1";"0";"15";"0,72";"2097152";"83676";"3,99";"0";"3";"32";"0";"2"
"05.11.2015 02:30:00";"1";"0";"16";"0,73";"2097152";"66899";"3,19";"0";"3";"32";"0";"2"
"05.11.2015 02:35:00";"1";"0";"18";"0,82";"2097152";"75288";"3,59";"0";"4";"32";"0";"2"
"05.11.2015 02:40:00";"1";"0";"16";"0,71";"2097152";"66899";"3,19";"0";"3";"32";"0";"2"
"05.11.2015 02:45:00";"1";"0";"16";"0,74";"2097152";"72352";"3,45";"0";"3";"32";"0";"2"
"05.11.2015 02:50:00";"1";"0";"18";"0,84";"2097152";"79482";"3,79";"0";"3";"32";"0";"2"
"05.11.2015 02:55:00";"1";"0";"16";"0,75";"2097152";"108842";"5,19";"0";"3";"32";"0";"2"
"05.11.2015 03:00:00";"1";"0";"16";"0,74";"2097152";"104648";"4,99";"0";"3";"32";"0";"2"
"05.11.2015 03:05:00";"1";"0";"19";"0,86";"2097152";"113036";"5,39";"0";"3";"32";"0";"2"
"05.11.2015 03:10:00";"1";"0";"16";"0,72";"2097152";"79482";"3,79";"0";"3";"32";"0";"2"
"05.11.2015 03:15:00";"1";"0";"19";"0,88";"2097152";"93323";"4,45";"0";"17";"32";"0";"2"
"05.11.2015 03:20:00";"1";"0";"18";"0,83";"2097152";"92065";"4,39";"0";"3";"32";"0";"2"
"05.11.2015 03:25:00";"1";"0";"16";"0,73";"2097152";"75288";"3,59";"0";"3";"32";"0";"2"
"05.11.2015 03:30:00";"1";"0";"16";"0,73";"2097152";"75288";"3,59";"0";"3";"32";"0";"2"
"05.11.2015 03:35:00";"1";"0";"18";"0,83";"2097152";"96259";"4,59";"0";"3";"32";"0";"2"
"05.11.2015 03:40:00";"1";"0";"16";"0,73";"2097152";"75288";"3,59";"0";"3";"32";"0";"2"
"05.11.2015 03:45:00";"1";"0";"16";"0,75";"2097152";"75288";"3,59";"0";"3";"32";"0";"2"
"05.11.2015 03:50:00";"1";"0";"18";"0,82";"2097152";"63963";"3,05";"0";"3";"32";"0";"2"
"05.11.2015 03:55:00";"1";"0";"16";"0,73";"2097152";"62705";"2,99";"0";"3";"32";"0";"2"
"05.11.2015 04:00:00";"1";"0";"16";"0,73";"2097152";"80740";"3,85";"0";"3";"32";"0";"2"
"05.11.2015 04:05:00";"1";"0";"18";"0,83";"2097152";"108842";"5,19";"0";"3";"32";"0";"2"
"05.11.2015 04:10:00";"1";"0";"16";"0,72";"2097152";"84935";"4,05";"0";"3";"32";"0";"2"
"05.11.2015 04:15:00";"1";"0";"17";"0,76";"2097152";"100454";"4,79";"0";"3";"32";"0";"2"
"05.11.2015 04:20:00";"1";"0";"18";"0,81";"2097152";"71093";"3,39";"0";"3";"32";"0";"2"
"05.11.2015 04:25:00";"1";"0";"16";"0,72";"2097152";"71093";"3,39";"0";"3";"32";"0";"2"
"05.11.2015 04:30:00";"1";"0";"16";"0,73";"2097152";"58511";"2,79";"0";"3";"32";"0";"2"
"05.11.2015 04:35:00";"1";"0";"18";"0,83";"2097152";"62705";"2,99";"0";"3";"32";"0";"2"
"05.11.2015 04:40:00";"1";"0";"16";"0,72";"2097152";"58511";"2,79";"0";"3";"32";"0";"2"
"05.11.2015 04:45:00";"1";"0";"16";"0,73";"2097152";"76546";"3,65";"0";"3";"32";"0";"2"
"05.11.2015 04:50:00";"1";"0";"18";"0,84";"2097152";"61237";"2,92";"0";"3";"32";"0";"2"
"05.11.2015 04:55:00";"1";"0";"16";"0,73";"2097152";"61237";"2,92";"0";"3";"32";"0";"2"
"05.11.2015 05:00:00";"1";"0";"16";"0,76";"2097152";"108842";"5,19";"0";"3";"32";"0";"2"
"05.11.2015 05:05:00";"1";"0";"18";"0,83";"2097152";"104648";"4,99";"0";"4";"32";"0";"2"
"05.11.2015 05:10:00";"1";"0";"15";"0,71";"2097152";"83676";"3,99";"0";"3";"32";"0";"2"
"05.11.2015 05:15:00";"1";"0";"16";"0,74";"2097152";"83676";"3,99";"0";"3";"32";"0";"2"
"05.11.2015 05:20:00";"1";"0";"18";"0,82";"2097152";"66899";"3,19";"0";"3";"32";"0";"2"
"05.11.2015 05:25:00";"1";"0";"16";"0,73";"2097152";"75288";"3,59";"0";"3";"32";"0";"2"
"05.11.2015 05:30:00";"1";"0";"16";"0,74";"2097152";"83676";"3,99";"0";"3";"32";"0";"2"
"05.11.2015 05:35:00";"1";"0";"18";"0,82";"2097152";"83676";"3,99";"0";"3";"32";"0";"2"
"05.11.2015 05:40:00";"1";"0";"16";"0,71";"2097152";"62705";"2,99";"0";"3";"32";"0";"2"
"05.11.2015 05:45:00";"1";"0";"16";"0,74";"2097152";"100454";"4,79";"0";"3";"32";"0";"2"
"05.11.2015 05:50:00";"1";"0";"18";"0,82";"2097152";"71093";"3,39";"0";"3";"32";"0";"2"
"05.11.2015 05:55:00";"1";"0";"16";"0,72";"2097152";"79482";"3,79";"0";"3";"32";"0";"2"
"05.11.2015 06:00:00";"1";"0";"16";"0,73";"2097152";"117231";"5,59";"0";"3";"32";"0";"2"
"05.11.2015 06:05:00";"1";"0";"18";"0,83";"2097152";"84935";"4,05";"0";"4";"32";"0";"2"
"05.11.2015 06:10:00";"1";"0";"16";"0,72";"2097152";"96259";"4,59";"0";"3";"32";"0";"2"
"05.11.2015 06:15:00";"1";"0";"16";"0,74";"2097152";"73820";"3,52";"0";"3";"32";"0";"2"
"05.11.2015 06:20:00";"1";"0";"18";"0,82";"2097152";"83676";"3,99";"0";"3";"32";"0";"2"
"05.11.2015 06:25:00";"1";"0";"16";"0,74";"2097152";"84935";"4,05";"0";"3";"32";"0";"2"
"05.11.2015 06:30:00";"1";"0";"16";"0,73";"2097152";"93323";"4,45";"0";"3";"32";"0";"2"
"05.11.2015 06:35:00";"1";"0";"19";"0,86";"2097152";"79482";"3,79";"0";"3";"32";"0";"2"
"05.11.2015 06:40:00";"1";"0";"16";"0,73";"2097152";"96259";"4,59";"0";"3";"32";"0";"2"
"05.11.2015 06:45:00";"1";"0";"16";"0,74";"2097152";"87871";"4,19";"0";"3";"32";"0";"2"
"05.11.2015 06:50:00";"1";"0";"18";"0,83";"2097152";"92065";"4,39";"0";"3";"32";"0";"2"
"05.11.2015 06:55:00";"1";"0";"16";"0,73";"2097152";"87871";"4,19";"0";"3";"32";"0";"2"
"05.11.2015 07:00:00";"1";"0";"16";"0,73";"2097152";"87871";"4,19";"0";"3";"32";"0";"2"
"05.11.2015 07:05:00";"1";"0";"18";"0,83";"2097152";"80740";"3,85";"0";"3";"32";"0";"2"
"05.11.2015 07:10:00";"1";"0";"16";"0,72";"2097152";"71093";"3,39";"0";"3";"32";"0";"2"
"05.11.2015 07:15:00";"1";"0";"16";"0,73";"2097152";"59769";"2,85";"0";"3";"32";"0";"2"
"05.11.2015 07:20:00";"1";"0";"18";"0,81";"2097152";"47186";"2,25";"0";"3";"32";"0";"2"
"05.11.2015 07:25:00";"1";"0";"16";"0,72";"2097152";"55575";"2,65";"0";"3";"32";"0";"2"
"05.11.2015 07:30:00";"1";"0";"16";"0,73";"2097152";"66899";"3,19";"0";"3";"32";"0";"2"
"05.11.2015 07:35:00";"1";"0";"18";"0,82";"2097152";"96259";"4,59";"0";"3";"32";"0";"2"
"05.11.2015 07:40:00";"1";"0";"16";"0,73";"2097152";"103180";"4,92";"0";"3";"32";"0";"2"
"05.11.2015 07:45:00";"1";"0";"17";"0,78";"2097152";"65431";"3,12";"0";"4";"32";"0";"2"
"05.11.2015 07:50:00";"1";"0";"18";"0,82";"2097152";"71093";"3,39";"0";"3";"32";"0";"2"
"05.11.2015 07:55:00";"1";"0";"15";"0,72";"2097152";"73820";"3,52";"0";"4";"32";"0";"2"
"05.11.2015 08:00:00";"1";"0";"16";"0,72";"2097152";"76546";"3,65";"0";"4";"32";"0";"2"
"05.11.2015 08:05:00";"1";"0";"19";"0,85";"2097152";"76546";"3,65";"0";"3";"32";"0";"2"
"05.11.2015 08:10:00";"1";"0";"16";"0,72";"2097152";"93323";"4,45";"0";"3";"32";"0";"2"
"05.11.2015 08:15:00";"1";"0";"16";"0,73";"2097152";"72352";"3,45";"0";"3";"32";"0";"2"
"05.11.2015 08:20:00";"1";"0";"18";"0,84";"2097152";"73820";"3,52";"0";"3";"32";"0";"2"
"05.11.2015 08:25:00";"1";"0";"16";"0,73";"2097152";"73820";"3,52";"0";"3";"32";"0";"2"
"05.11.2015 08:30:00";"1";"0";"14";"0,67";"2097152";"65431";"3,12";"0";"3";"32";"0";"1"
"05.11.2015 08:35:00";"1";"0";"18";"0,83";"2097152";"97518";"4,65";"0";"6";"32";"0";"2"
"05.11.2015 08:40:00";"1";"0";"15";"0,71";"2097152";"76546";"3,65";"0";"3";"32";"0";"2"
"05.11.2015 08:45:00";"1";"0";"18";"0,81";"2097152";"177209";"8,45";"0";"3";"32";"0";"2"
"05.11.2015 08:50:00";"1";"0";"18";"0,82";"2097152";"160432";"7,65";"0";"3";"32";"0";"2"
"05.11.2015 08:55:00";"1";"0";"16";"0,72";"2097152";"76546";"3,65";"0";"3";"32";"0";"2"
"05.11.2015 09:00:00";"1";"0";"16";"0,73";"2097152";"89129";"4,25";"0";"3";"32";"0";"2"
"05.11.2015 09:05:00";"1";"0";"18";"0,83";"2097152";"97518";"4,65";"0";"3";"32";"0";"2"
"05.11.2015 09:10:00";"1";"0";"16";"0,72";"2097152";"72352";"3,45";"0";"3";"32";"0";"2"
"05.11.2015 09:15:00";"1";"0";"16";"0,75";"2097152";"59769";"2,85";"0";"3";"32";"0";"2"
"05.11.2015 09:20:00";"1";"0";"18";"0,83";"2097152";"84935";"4,05";"0";"3";"32";"0";"2"
"05.11.2015 09:25:00";"1";"0";"16";"0,73";"2097152";"86403";"4,12";"0";"3";"32";"0";"2"
"05.11.2015 09:30:00";"1";"0";"16";"0,73";"2097152";"65431";"3,12";"0";"3";"32";"0";"2"
"05.11.2015 09:35:00";"1";"0";"19";"0,85";"2097152";"84935";"4,05";"0";"3";"32";"0";"2"
"05.11.2015 09:40:00";"1";"0";"15";"0,72";"2097152";"89129";"4,25";"0";"3";"32";"0";"2"
"05.11.2015 09:45:00";"1";"0";"15";"0,71";"2097152";"108842";"5,19";"0";"3";"32";"0";"2"
"05.11.2015 09:50:00";"1";"0";"18";"0,82";"2097152";"71093";"3,39";"0";"3";"32";"0";"2"
"05.11.2015 09:55:00";"1";"0";"16";"0,74";"2097152";"66899";"3,19";"0";"3";"32";"0";"2"
"05.11.2015 10:00:00";"1";"0";"16";"0,75";"2097152";"82208";"3,92";"0";"3";"32";"0";"2"
"05.11.2015 10:05:00";"1";"0";"18";"0,84";"2097152";"97518";"4,65";"0";"3";"32";"0";"2"
"05.11.2015 10:10:00";"1";"0";"17";"0,76";"2097152";"125619";"5,99";"0";"3";"32";"0";"2"
"05.11.2015 10:15:00";"1";"0";"15";"0,68";"2097152";"96259";"4,59";"0";"3";"32";"0";"2"
"05.11.2015 10:20:00";"1";"0";"18";"0,81";"2097152";"58511";"2,79";"0";"3";"32";"0";"2"
"05.11.2015 10:25:00";"1";"0";"17";"0,76";"2097152";"97518";"4,65";"0";"3";"32";"0";"2"
"05.11.2015 10:30:00";"1";"0";"15";"0,7";"2097152";"76546";"3,65";"0";"3";"32";"0";"2"
"05.11.2015 10:35:00";"1";"0";"18";"0,82";"2097152";"62705";"2,99";"0";"3";"32";"0";"2"
"05.11.2015 10:40:00";"1";"0";"17";"0,76";"2097152";"72352";"3,45";"0";"3";"32";"0";"2"
"05.11.2015 10:45:00";"1";"0";"14";"0,68";"2097152";"82208";"3,92";"0";"3";"32";"0";"2"
"05.11.2015 10:50:00";"1";"0";"18";"0,84";"2097152";"87871";"4,19";"0";"3";"32";"0";"2"
"05.11.2015 10:55:00";"1";"0";"17";"0,8";"2097152";"107374";"5,12";"0";"3";"32";"0";"2"
"05.11.2015 11:00:00";"1";"0";"15";"0,68";"2097152";"111568";"5,32";"0";"3";"32";"0";"2"
"05.11.2015 11:05:00";"1";"0";"18";"0,82";"2097152";"82208";"3,92";"0";"3";"32";"0";"2"
"05.11.2015 11:10:00";"1";"0";"16";"0,76";"2097152";"52848";"2,52";"0";"3";"32";"0";"2"
"05.11.2015 11:15:00";"1";"0";"15";"0,68";"2097152";"71093";"3,39";"0";"3";"32";"0";"2"
"05.11.2015 11:20:00";"1";"0";"18";"0,82";"2097152";"76546";"3,65";"0";"3";"32";"0";"2"
"05.11.2015 11:25:00";"1";"0";"17";"0,78";"2097152";"71093";"3,39";"0";"3";"32";"0";"2"
"05.11.2015 11:30:00";"1";"0";"15";"0,67";"2097152";"63963";"3,05";"0";"3";"32";"0";"2"
"05.11.2015 11:35:00";"1";"0";"18";"0,82";"2097152";"61237";"2,92";"0";"3";"32";"0";"2"
"05.11.2015 11:40:00";"1";"0";"16";"0,75";"2097152";"40265";"1,92";"0";"3";"32";"0";"2"
"05.11.2015 11:45:00";"1";"0";"15";"0,68";"2097152";"66899";"3,19";"0";"3";"32";"0";"2"
"05.11.2015 11:50:00";"1";"0";"18";"0,81";"2097152";"68157";"3,25";"0";"3";"32";"0";"2"
"05.11.2015 11:55:00";"1";"0";"17";"0,77";"2097152";"41733";"1,99";"0";"3";"32";"0";"2"
"05.11.2015 12:00:00";"1";"0";"15";"0,67";"2097152";"82208";"3,92";"0";"3";"32";"0";"2"
"05.11.2015 12:05:00";"1";"0";"18";"0,82";"2097152";"90597";"4,32";"0";"3";"32";"0";"2"
"05.11.2015 12:10:00";"1";"0";"17";"0,76";"2097152";"68157";"3,25";"0";"3";"32";"0";"2"
"05.11.2015 12:15:00";"1";"0";"15";"0,7";"2097152";"75288";"3,59";"0";"3";"32";"0";"2"
"05.11.2015 12:20:00";"1";"0";"19";"0,85";"2097152";"93323";"4,45";"0";"3";"32";"0";"2"
"05.11.2015 12:25:00";"1";"0";"17";"0,77";"2097152";"103180";"4,92";"0";"3";"32";"0";"2"
"05.11.2015 12:30:00";"1";"0";"15";"0,67";"2097152";"83676";"3,99";"0";"3";"32";"0";"2"
"05.11.2015 12:35:00";"1";"0";"18";"0,83";"2097152";"47186";"2,25";"0";"3";"32";"0";"2"
"05.11.2015 12:40:00";"1";"0";"16";"0,76";"2097152";"58511";"2,79";"0";"3";"32";"0";"2"
"05.11.2015 12:45:00";"1";"0";"15";"0,68";"2097152";"40265";"1,92";"0";"3";"32";"0";"2"
"05.11.2015 12:50:00";"1";"0";"18";"0,81";"2097152";"98986";"4,72";"0";"3";"32";"0";"2"
"05.11.2015 12:55:00";"1";"0";"18";"0,81";"2097152";"90597";"4,32";"0";"3";"32";"0";"2"
"05.11.2015 13:00:00";"1";"0";"16";"0,75";"2097152";"92065";"4,39";"0";"3";"32";"0";"2"
"05.11.2015 13:05:00";"1";"0";"19";"0,86";"2097152";"90597";"4,32";"0";"3";"32";"0";"2"
"05.11.2015 13:10:00";"1";"0";"17";"0,8";"2097152";"84935";"4,05";"0";"3";"32";"0";"2"
"05.11.2015 13:15:00";"1";"0";"16";"0,72";"2097152";"82208";"3,92";"0";"3";"32";"0";"2"
"05.11.2015 13:20:00";"1";"0";"18";"0,85";"2097152";"89129";"4,25";"0";"3";"32";"0";"2"
"05.11.2015 13:25:00";"1";"0";"17";"0,79";"2097152";"68157";"3,25";"0";"3";"32";"0";"2"
"05.11.2015 13:30:00";"1";"0";"15";"0,71";"2097152";"66899";"3,19";"0";"3";"32";"0";"2"
"05.11.2015 13:35:00";"1";"0";"19";"0,85";"2097152";"110100";"5,25";"0";"3";"32";"0";"2"
"05.11.2015 13:40:00";"1";"0";"17";"0,78";"2097152";"94791";"4,52";"0";"3";"32";"0";"2"
"05.11.2015 13:45:00";"1";"0";"15";"0,71";"2097152";"101712";"4,85";"0";"3";"32";"0";"2"
"05.11.2015 13:50:00";"1";"0";"19";"0,85";"2097152";"54316";"2,59";"0";"3";"32";"0";"2"
"05.11.2015 13:55:00";"1";"0";"18";"0,82";"2097152";"90597";"4,32";"0";"3";"32";"0";"2"
"05.11.2015 14:00:00";"1";"0";"15";"0,7";"2097152";"94791";"4,52";"0";"3";"32";"0";"2"
"05.11.2015 14:05:00";"1";"0";"19";"0,86";"2097152";"72352";"3,45";"0";"3";"32";"0";"2"
"05.11.2015 14:10:00";"1";"0";"18";"0,81";"2097152";"90597";"4,32";"0";"3";"32";"0";"2"
"05.11.2015 14:15:00";"1";"0";"16";"0,72";"2097152";"73820";"3,52";"0";"3";"32";"0";"2"
"05.11.2015 14:20:00";"1";"0";"18";"0,84";"2097152";"78014";"3,72";"0";"3";"32";"0";"2"
"05.11.2015 14:25:00";"1";"0";"18";"0,8";"2097152";"84935";"4,05";"0";"3";"32";"0";"2"
"05.11.2015 14:30:00";"1";"0";"16";"0,71";"2097152";"86403";"4,12";"0";"3";"32";"0";"2"
"05.11.2015 14:35:00";"1";"0";"18";"0,84";"2097152";"62705";"2,99";"0";"3";"32";"0";"2"
"05.11.2015 14:40:00";"1";"0";"17";"0,79";"2097152";"69625";"3,32";"0";"3";"32";"0";"2"
"05.11.2015 14:45:00";"1";"0";"15";"0,7";"2097152";"83676";"3,99";"0";"3";"32";"0";"2"
"05.11.2015 14:50:00";"1";"0";"18";"0,82";"2097152";"98986";"4,72";"0";"3";"32";"0";"2"
"05.11.2015 14:55:00";"1";"0";"17";"0,78";"2097152";"84935";"4,05";"0";"3";"32";"0";"2"
"05.11.2015 15:00:00";"1";"0";"15";"0,69";"2097152";"76546";"3,65";"0";"3";"32";"0";"2"
"05.11.2015 15:05:00";"1";"0";"19";"0,85";"2097152";"80740";"3,85";"0";"3";"32";"0";"2"
"05.11.2015 15:10:00";"1";"0";"17";"0,77";"2097152";"78014";"3,72";"0";"3";"32";"0";"2"
"05.11.2015 15:15:00";"1";"0";"16";"0,72";"2097152";"79482";"3,79";"0";"3";"32";"0";"2"
"05.11.2015 15:20:00";"1";"0";"19";"0,86";"2097152";"119957";"5,72";"0";"3";"32";"0";"2"
"05.11.2015 15:25:00";"1";"0";"18";"0,81";"2097152";"83676";"3,99";"0";"3";"32";"0";"2"
"05.11.2015 15:30:00";"1";"0";"15";"0,69";"2097152";"52848";"2,52";"0";"3";"32";"0";"2"
"05.11.2015 15:35:00";"1";"0";"18";"0,82";"2097152";"76546";"3,65";"0";"3";"32";"0";"2"
"05.11.2015 15:40:00";"1";"0";"17";"0,79";"2097152";"82208";"3,92";"0";"3";"32";"0";"2"
"05.11.2015 15:45:00";"1";"0";"15";"0,69";"2097152";"68157";"3,25";"0";"3";"32";"0";"2"
"05.11.2015 15:50:00";"1";"0";"19";"0,86";"2097152";"51380";"2,45";"0";"3";"32";"0";"2"
"05.11.2015 15:55:00";"1";"0";"18";"0,81";"2097152";"82208";"3,92";"0";"3";"32";"0";"2"
"05.11.2015 16:00:00";"1";"0";"15";"0,7";"2097152";"80740";"3,85";"0";"3";"32";"0";"2"
"05.11.2015 16:05:00";"1";"0";"18";"0,84";"2097152";"135266";"6,45";"0";"3";"32";"0";"2"
"05.11.2015 16:10:00";"1";"0";"17";"0,79";"2097152";"107374";"5,12";"0";"3";"32";"0";"2"
"05.11.2015 16:15:00";"1";"0";"15";"0,71";"2097152";"93323";"4,45";"0";"3";"32";"0";"2"
"05.11.2015 16:20:00";"1";"0";"18";"0,83";"2097152";"83676";"3,99";"0";"3";"32";"0";"2"
"05.11.2015 16:25:00";"1";"0";"17";"0,79";"2097152";"48654";"2,32";"0";"3";"32";"0";"2"
"05.11.2015 16:30:00";"1";"0";"15";"0,68";"2097152";"89129";"4,25";"0";"3";"32";"0";"2"
"05.11.2015 16:35:00";"1";"0";"18";"0,83";"2097152";"108842";"5,19";"0";"3";"32";"0";"2"
"05.11.2015 16:40:00";"1";"0";"17";"0,78";"2097152";"105906";"5,05";"0";"3";"32";"0";"2"
"05.11.2015 16:45:00";"1";"0";"15";"0,69";"2097152";"78014";"3,72";"0";"3";"32";"0";"2"
"05.11.2015 16:50:00";"1";"0";"18";"0,84";"2097152";"76546";"3,65";"0";"3";"32";"0";"2"
"05.11.2015 16:55:00";"1";"0";"17";"0,78";"2097152";"62705";"2,99";"0";"3";"32";"0";"2"
"05.11.2015 17:00:00";"1";"0";"14";"0,67";"2097152";"80740";"3,85";"0";"3";"32";"0";"2"
"05.11.2015 17:05:00";"1";"0";"19";"0,87";"2097152";"87871";"4,19";"0";"3";"32";"0";"2"
"05.11.2015 17:10:00";"1";"0";"17";"0,78";"2097152";"72352";"3,45";"0";"3";"32";"0";"2"
"05.11.2015 17:15:00";"1";"0";"15";"0,69";"2097152";"73820";"3,52";"0";"3";"32";"0";"2"
"05.11.2015 17:20:00";"1";"0";"18";"0,82";"2097152";"76546";"3,65";"0";"3";"32";"0";"2"
"05.11.2015 17:25:00";"1";"0";"17";"0,77";"2097152";"111568";"5,32";"0";"3";"32";"0";"2"
"05.11.2015 17:30:00";"1";"0";"15";"0,68";"2097152";"101712";"4,85";"0";"3";"32";"0";"2"
"05.11.2015 17:35:00";"1";"0";"18";"0,82";"2097152";"73820";"3,52";"0";"3";"32";"0";"2"
"05.11.2015 17:40:00";"1";"0";"17";"0,77";"2097152";"52848";"2,52";"0";"3";"32";"0";"2"
"05.11.2015 17:45:00";"1";"0";"15";"0,68";"2097152";"68157";"3,25";"0";"3";"32";"0";"2"
"05.11.2015 17:50:00";"1";"0";"18";"0,83";"2097152";"66899";"3,19";"0";"3";"32";"0";"2"
"05.11.2015 17:55:00";"1";"0";"17";"0,76";"2097152";"98986";"4,72";"0";"3";"32";"0";"2"
"05.11.2015 18:00:00";"1";"0";"15";"0,68";"2097152";"101712";"4,85";"0";"3";"32";"0";"2"
"05.11.2015 18:05:00";"1";"0";"19";"0,84";"2097152";"66899";"3,19";"0";"3";"32";"0";"2"
"05.11.2015 18:10:00";"1";"0";"16";"0,76";"2097152";"57043";"2,72";"0";"3";"32";"0";"2"
"05.11.2015 18:15:00";"1";"0";"15";"0,68";"2097152";"82208";"3,92";"0";"3";"32";"0";"2"
"05.11.2015 18:20:00";"1";"0";"18";"0,83";"2097152";"96259";"4,59";"0";"3";"32";"0";"2"
"05.11.2015 18:25:00";"1";"0";"17";"0,76";"2097152";"83676";"3,99";"0";"3";"32";"0";"2"
"05.11.2015 18:30:00";"1";"0";"15";"0,68";"2097152";"79482";"3,79";"0";"3";"32";"0";"2"
"05.11.2015 18:35:00";"1";"0";"19";"0,86";"2097152";"82208";"3,92";"0";"3";"32";"0";"2"
"05.11.2015 18:40:00";"1";"0";"17";"0,77";"2097152";"54316";"2,59";"0";"3";"32";"0";"2"
"05.11.2015 18:45:00";"1";"0";"15";"0,69";"2097152";"80740";"3,85";"0";"3";"32";"0";"2"
"05.11.2015 18:50:00";"1";"0";"18";"0,83";"2097152";"100454";"4,79";"0";"3";"32";"0";"2"
"05.11.2015 18:55:00";"1";"0";"17";"0,8";"2097152";"78014";"3,72";"0";"3";"32";"0";"2"
"05.11.2015 19:00:00";"1";"0";"15";"0,69";"2097152";"66899";"3,19";"0";"3";"32";"0";"2"
"05.11.2015 19:05:00";"1";"0";"18";"0,83";"2097152";"72352";"3,45";"0";"3";"32";"0";"2"
"05.11.2015 19:10:00";"1";"0";"17";"0,77";"2097152";"90597";"4,32";"0";"3";"32";"0";"2"
"05.11.2015 19:15:00";"1";"0";"15";"0,71";"2097152";"87871";"4,19";"0";"3";"32";"0";"2"
"05.11.2015 19:20:00";"1";"0";"18";"0,82";"2097152";"68157";"3,25";"0";"3";"32";"0";"2"
"05.11.2015 19:25:00";"1";"0";"16";"0,76";"2097152";"54316";"2,59";"0";"3";"32";"0";"2"
"05.11.2015 19:30:00";"1";"0";"15";"0,69";"2097152";"90597";"4,32";"0";"3";"32";"0";"2"
"05.11.2015 19:35:00";"1";"0";"18";"0,83";"2097152";"78014";"3,72";"0";"3";"32";"0";"2"
"05.11.2015 19:40:00";"1";"0";"17";"0,76";"2097152";"80740";"3,85";"0";"3";"32";"0";"2"
"05.11.2015 19:45:00";"1";"0";"15";"0,69";"2097152";"59769";"2,85";"0";"3";"32";"0";"2"
"05.11.2015 19:50:00";"1";"0";"18";"0,83";"2097152";"69625";"3,32";"0";"3";"32";"0";"2"
"05.11.2015 19:55:00";"1";"0";"17";"0,78";"2097152";"50122";"2,39";"0";"3";"32";"0";"2"
"05.11.2015 20:00:00";"1";"0";"15";"0,69";"2097152";"78014";"3,72";"0";"3";"32";"0";"2"
"05.11.2015 20:05:00";"1";"0";"18";"0,84";"2097152";"90597";"4,32";"0";"3";"32";"0";"2"
"05.11.2015 20:10:00";"1";"0";"17";"0,77";"2097152";"72352";"3,45";"0";"3";"32";"0";"2"
"05.11.2015 20:15:00";"1";"0";"15";"0,69";"2097152";"101712";"4,85";"0";"3";"32";"0";"2"
"05.11.2015 20:20:00";"1";"0";"18";"0,81";"2097152";"92065";"4,39";"0";"3";"32";"0";"2"
"05.11.2015 20:25:00";"1";"0";"17";"0,77";"2097152";"98986";"4,72";"0";"3";"32";"0";"2"
"05.11.2015 20:30:00";"1";"0";"15";"0,68";"2097152";"75288";"3,59";"0";"3";"32";"0";"2"
"05.11.2015 20:35:00";"1";"0";"18";"0,82";"2097152";"63963";"3,05";"0";"3";"32";"0";"2"
"05.11.2015 20:40:00";"1";"0";"18";"0,85";"2097152";"182872";"8,72";"0";"3";"32";"0";"2"
"05.11.2015 20:45:00";"1";"0";"15";"0,69";"2097152";"69625";"3,32";"0";"3";"32";"0";"2"
"05.11.2015 20:50:00";"1";"0";"18";"0,81";"2097152";"73820";"3,52";"0";"3";"32";"0";"2"
"05.11.2015 20:55:00";"1";"0";"16";"0,76";"2097152";"63963";"3,05";"0";"3";"32";"0";"2"
"05.11.2015 21:00:00";"1";"0";"15";"0,7";"2097152";"73820";"3,52";"0";"3";"32";"0";"2"
"05.11.2015 21:05:00";"1";"0";"19";"0,86";"2097152";"108842";"5,19";"0";"3";"32";"0";"2"
"05.11.2015 21:10:00";"1";"0";"17";"0,78";"2097152";"115763";"5,52";"0";"3";"32";"0";"2"
"05.11.2015 21:15:00";"1";"0";"15";"0,7";"2097152";"62705";"2,99";"0";"3";"32";"0";"2"
"05.11.2015 21:20:00";"1";"0";"18";"0,83";"2097152";"79482";"3,79";"0";"3";"32";"0";"2"
"05.11.2015 21:25:00";"1";"0";"17";"0,76";"2097152";"92065";"4,39";"0";"3";"32";"0";"2"
"05.11.2015 21:30:00";"1";"0";"15";"0,7";"2097152";"72352";"3,45";"0";"3";"32";"0";"2"
"05.11.2015 21:35:00";"1";"0";"18";"0,83";"2097152";"87871";"4,19";"0";"3";"32";"0";"2"
"05.11.2015 21:40:00";"1";"0";"17";"0,77";"2097152";"71093";"3,39";"0";"3";"32";"0";"2"
"05.11.2015 21:45:00";"1";"0";"15";"0,7";"2097152";"96259";"4,59";"0";"3";"32";"0";"2"
"05.11.2015 21:50:00";"1";"0";"18";"0,83";"2097152";"108842";"5,19";"0";"3";"32";"0";"2"
"05.11.2015 21:55:00";"1";"0";"17";"0,77";"2097152";"92065";"4,39";"0";"3";"32";"0";"2"
"05.11.2015 22:00:00";"1";"0";"15";"0,69";"2097152";"87871";"4,19";"0";"3";"32";"0";"2"
"05.11.2015 22:05:00";"1";"0";"19";"0,88";"2097152";"86403";"4,12";"0";"3";"32";"0";"2"
"05.11.2015 22:10:00";"1";"0";"18";"0,81";"2097152";"75288";"3,59";"0";"3";"32";"0";"2"
"05.11.2015 22:15:00";"1";"0";"16";"0,73";"2097152";"92065";"4,39";"0";"3";"32";"0";"2"
"05.11.2015 22:20:00";"1";"0";"19";"0,89";"2097152";"72352";"3,45";"0";"3";"32";"0";"2"
"05.11.2015 22:25:00";"1";"0";"18";"0,84";"2097152";"92065";"4,39";"0";"3";"32";"0";"2"
"05.11.2015 22:30:00";"1";"0";"16";"0,75";"2097152";"87871";"4,19";"0";"3";"32";"0";"2"
"05.11.2015 22:35:00";"1";"0";"20";"0,9";"2097152";"71093";"3,39";"0";"3";"32";"0";"2"
"05.11.2015 22:40:00";"1";"0";"19";"0,86";"2097152";"75288";"3,59";"0";"3";"32";"0";"2"
"05.11.2015 22:45:00";"1";"0";"16";"0,72";"2097152";"61237";"2,92";"0";"3";"32";"0";"2"
"05.11.2015 22:50:00";"1";"0";"18";"0,84";"2097152";"59769";"2,85";"0";"3";"32";"0";"2"
"05.11.2015 22:55:00";"1";"0";"17";"0,78";"2097152";"90597";"4,32";"0";"3";"32";"0";"2"
"05.11.2015 23:00:00";"1";"0";"15";"0,7";"2097152";"71093";"3,39";"0";"3";"32";"0";"2"
"05.11.2015 23:05:00";"1";"0";"18";"0,83";"2097152";"55575";"2,65";"0";"3";"32";"0";"2"
"05.11.2015 23:10:00";"1";"0";"17";"0,77";"2097152";"84935";"4,05";"0";"3";"32";"0";"2"
"05.11.2015 23:15:00";"1";"0";"15";"0,69";"2097152";"96259";"4,59";"0";"3";"32";"0";"2"
"05.11.2015 23:20:00";"1";"0";"18";"0,82";"2097152";"58511";"2,79";"0";"3";"32";"0";"2"
"05.11.2015 23:25:00";"1";"0";"17";"0,77";"2097152";"66899";"3,19";"0";"3";"32";"0";"2"
"05.11.2015 23:30:00";"1";"0";"15";"0,69";"2097152";"71093";"3,39";"0";"3";"32";"0";"2"
"05.11.2015 23:35:00";"1";"0";"18";"0,83";"2097152";"62705";"2,99";"0";"3";"32";"0";"2"
"05.11.2015 23:40:00";"1";"0";"17";"0,77";"2097152";"80740";"3,85";"0";"3";"32";"0";"2"
"05.11.2015 23:45:00";"1";"0";"15";"0,69";"2097152";"97518";"4,65";"0";"3";"32";"0";"2"
"05.11.2015 23:50:00";"1";"0";"18";"0,83";"2097152";"111568";"5,32";"0";"3";"32";"0";"2"
"05.11.2015 23:55:00";"1";"0";"17";"0,79";"2097152";"79482";"3,79";"0";"4";"32";"0";"2"
"06.11.2015 00:00:00";"1";"0";"15";"0,69";"2097152";"87871";"4,19";"0";"4";"32";"0";"2"
"06.11.2015 00:05:00";"1";"0";"19";"0,89";"2097152";"69625";"3,32";"0";"4";"32";"0";"2"
"06.11.2015 00:10:00";"1";"0";"17";"0,78";"2097152";"58511";"2,79";"0";"3";"32";"0";"2"
"06.11.2015 00:15:00";"1";"0";"15";"0,69";"2097152";"63963";"3,05";"0";"3";"32";"0";"2"
"06.11.2015 00:20:00";"1";"0";"18";"0,84";"2097152";"76546";"3,65";"0";"3";"32";"0";"2"
"06.11.2015 00:25:00";"1";"0";"17";"0,77";"2097152";"92065";"4,39";"0";"3";"32";"0";"2"
"06.11.2015 00:30:00";"1";"0";"15";"0,69";"2097152";"96259";"4,59";"0";"3";"32";"0";"2"
"06.11.2015 00:35:00";"1";"0";"19";"0,86";"2097152";"68157";"3,25";"0";"3";"32";"0";"2"
"06.11.2015 00:40:00";"1";"0";"17";"0,77";"2097152";"79482";"3,79";"0";"3";"32";"0";"2"
"06.11.2015 00:45:00";"1";"0";"15";"0,69";"2097152";"71093";"3,39";"0";"3";"32";"0";"2"
"06.11.2015 00:50:00";"1";"0";"18";"0,83";"2097152";"83676";"3,99";"0";"3";"32";"0";"2"
"06.11.2015 00:55:00";"1";"0";"17";"0,77";"2097152";"72352";"3,45";"0";"3";"32";"0";"2"
"06.11.2015 01:00:00";"1";"0";"15";"0,68";"2097152";"58511";"2,79";"0";"3";"32";"0";"2"
"06.11.2015 01:05:00";"1";"0";"18";"0,83";"2097152";"92065";"4,39";"0";"3";"32";"0";"2"
"06.11.2015 01:10:00";"1";"0";"17";"0,77";"2097152";"113036";"5,39";"0";"3";"32";"0";"2"
"06.11.2015 01:15:00";"1";"0";"15";"0,69";"2097152";"83676";"3,99";"0";"3";"32";"0";"2"
"06.11.2015 01:20:00";"1";"0";"18";"0,83";"2097152";"117231";"5,59";"0";"3";"32";"0";"2"
"06.11.2015 01:25:00";"1";"0";"16";"0,76";"2097152";"113036";"5,39";"0";"3";"32";"0";"2"
"06.11.2015 01:30:00";"1";"0";"15";"0,68";"2097152";"83676";"3,99";"0";"3";"32";"0";"2"
"06.11.2015 01:35:00";"1";"0";"19";"0,85";"2097152";"71093";"3,39";"0";"3";"32";"0";"2"
"06.11.2015 01:40:00";"1";"0";"16";"0,76";"2097152";"71093";"3,39";"0";"3";"32";"0";"2"
"06.11.2015 01:45:00";"1";"0";"15";"0,69";"2097152";"79482";"3,79";"0";"3";"32";"0";"2"
"06.11.2015 01:50:00";"1";"0";"18";"0,83";"2097152";"66899";"3,19";"0";"3";"32";"0";"2"
"06.11.2015 01:55:00";"1";"0";"17";"0,76";"2097152";"79482";"3,79";"0";"3";"32";"0";"2"
"06.11.2015 02:00:00";"1";"0";"16";"0,72";"2097152";"71093";"3,39";"0";"3";"32";"0";"2"
"06.11.2015 02:05:00";"1";"0";"18";"0,84";"2097152";"89129";"4,25";"0";"4";"32";"0";"2"
"06.11.2015 02:10:00";"1";"0";"17";"0,76";"2097152";"104648";"4,99";"0";"3";"32";"0";"2"
"06.11.2015 02:15:00";"1";"0";"15";"0,7";"2097152";"62705";"2,99";"0";"3";"32";"0";"2"
"06.11.2015 02:20:00";"1";"0";"18";"0,82";"2097152";"54316";"2,59";"0";"3";"32";"0";"2"
"06.11.2015 02:25:00";"1";"0";"17";"0,76";"2097152";"96259";"4,59";"0";"3";"32";"0";"2"
"06.11.2015 02:30:00";"1";"0";"15";"0,68";"2097152";"50122";"2,39";"0";"3";"32";"0";"2"
"06.11.2015 02:35:00";"1";"0";"18";"0,84";"2097152";"75288";"3,59";"0";"3";"32";"0";"2"
"06.11.2015 02:40:00";"1";"0";"17";"0,78";"2097152";"79482";"3,79";"0";"3";"32";"0";"2"
"06.11.2015 02:45:00";"1";"0";"15";"0,69";"2097152";"75288";"3,59";"0";"3";"32";"0";"2"
"06.11.2015 02:50:00";"1";"0";"18";"0,81";"2097152";"71093";"3,39";"0";"3";"32";"0";"2"
"06.11.2015 02:55:00";"1";"0";"16";"0,76";"2097152";"54316";"2,59";"0";"3";"32";"0";"2"
"06.11.2015 03:00:00";"1";"0";"15";"0,68";"2097152";"107374";"5,12";"0";"3";"32";"0";"2"
"06.11.2015 03:05:00";"1";"0";"18";"0,83";"2097152";"86403";"4,12";"0";"3";"32";"0";"2"
"06.11.2015 03:10:00";"1";"0";"19";"0,88";"2097152";"108842";"5,19";"0";"14";"32";"0";"2"
"06.11.2015 03:15:00";"1";"0";"15";"0,69";"2097152";"113036";"5,39";"0";"3";"32";"0";"2"
"06.11.2015 03:20:00";"1";"0";"19";"0,86";"2097152";"75288";"3,59";"0";"3";"32";"0";"2"
"06.11.2015 03:25:00";"1";"0";"17";"0,79";"2097152";"96259";"4,59";"0";"3";"32";"0";"2"
"06.11.2015 03:30:00";"1";"0";"15";"0,69";"2097152";"104648";"4,99";"0";"3";"32";"0";"2"
"06.11.2015 03:35:00";"1";"0";"18";"0,83";"2097152";"84935";"4,05";"0";"3";"32";"0";"2"
"06.11.2015 03:40:00";"1";"0";"17";"0,77";"2097152";"105906";"5,05";"0";"3";"32";"0";"2"
"06.11.2015 03:45:00";"1";"0";"15";"0,68";"2097152";"104648";"4,99";"0";"3";"32";"0";"2"
"06.11.2015 03:50:00";"1";"0";"18";"0,82";"2097152";"114295";"5,45";"0";"3";"32";"0";"2"
"06.11.2015 03:55:00";"1";"0";"17";"0,76";"2097152";"117231";"5,59";"0";"3";"32";"0";"2"
"06.11.2015 04:00:00";"1";"0";"15";"0,68";"2097152";"83676";"3,99";"0";"3";"32";"0";"2"
"06.11.2015 04:05:00";"1";"0";"17";"0,8";"2097152";"100454";"4,79";"0";"4";"32";"0";"2"
"06.11.2015 04:10:00";"1";"0";"18";"0,81";"2097152";"76546";"3,65";"0";"3";"32";"0";"2"
"06.11.2015 04:15:00";"1";"0";"15";"0,69";"2097152";"65431";"3,12";"0";"3";"32";"0";"2"
"06.11.2015 04:20:00";"1";"0";"17";"0,78";"2097152";"84935";"4,05";"0";"3";"32";"0";"2"
"06.11.2015 04:25:00";"1";"0";"18";"0,82";"2097152";"84935";"4,05";"0";"3";"32";"0";"2"
"06.11.2015 04:30:00";"1";"0";"15";"0,69";"2097152";"82208";"3,92";"0";"3";"32";"0";"2"
"06.11.2015 04:35:00";"1";"0";"18";"0,82";"2097152";"83676";"3,99";"0";"3";"32";"0";"2"
"06.11.2015 04:40:00";"1";"0";"17";"0,77";"2097152";"72352";"3,45";"0";"3";"32";"0";"2"
"06.11.2015 04:45:00";"1";"0";"15";"0,69";"2097152";"72352";"3,45";"0";"3";"32";"0";"2"
"06.11.2015 04:50:00";"1";"0";"19";"0,85";"2097152";"97518";"4,65";"0";"3";"32";"0";"2"
"06.11.2015 04:55:00";"1";"0";"17";"0,76";"2097152";"87871";"4,19";"0";"3";"32";"0";"2"
"06.11.2015 05:00:00";"1";"0";"15";"0,7";"2097152";"93323";"4,45";"0";"3";"32";"0";"2"
"06.11.2015 05:05:00";"1";"0";"18";"0,83";"2097152";"66899";"3,19";"0";"3";"32";"0";"2"
"06.11.2015 05:10:00";"1";"0";"16";"0,75";"2097152";"66899";"3,19";"0";"3";"32";"0";"2"
"06.11.2015 05:15:00";"1";"0";"15";"0,68";"2097152";"82208";"3,92";"0";"3";"32";"0";"2"
"06.11.2015 05:20:00";"1";"0";"18";"0,82";"2097152";"100454";"4,79";"0";"3";"32";"0";"2"
"06.11.2015 05:25:00";"1";"0";"16";"0,76";"2097152";"73820";"3,52";"0";"3";"32";"0";"2"
"06.11.2015 05:30:00";"1";"0";"15";"0,68";"2097152";"108842";"5,19";"0";"3";"32";"0";"2"
"06.11.2015 05:35:00";"1";"0";"19";"0,85";"2097152";"72352";"3,45";"0";"3";"32";"0";"2"
"06.11.2015 05:40:00";"1";"0";"17";"0,77";"2097152";"55575";"2,65";"0";"3";"32";"0";"2"
"06.11.2015 05:45:00";"1";"0";"15";"0,69";"2097152";"66899";"3,19";"0";"3";"32";"0";"2"
"06.11.2015 05:50:00";"1";"0";"18";"0,83";"2097152";"78014";"3,72";"0";"3";"32";"0";"2"
"06.11.2015 05:55:00";"1";"0";"17";"0,76";"2097152";"52848";"2,52";"0";"3";"32";"0";"2"
"06.11.2015 06:00:00";"1";"0";"15";"0,68";"2097152";"66899";"3,19";"0";"3";"32";"0";"2"
"06.11.2015 06:05:00";"1";"0";"18";"0,84";"2097152";"61237";"2,92";"0";"4";"32";"0";"2"
"06.11.2015 06:10:00";"1";"0";"17";"0,77";"2097152";"83676";"3,99";"0";"3";"32";"0";"2"
"06.11.2015 06:15:00";"1";"0";"15";"0,68";"2097152";"76546";"3,65";"0";"3";"32";"0";"2"
"06.11.2015 06:20:00";"1";"0";"18";"0,82";"2097152";"34603";"1,65";"0";"3";"32";"0";"2"
"06.11.2015 06:25:00";"1";"0";"17";"0,77";"2097152";"57043";"2,72";"0";"3";"32";"0";"2"
"06.11.2015 06:30:00";"1";"0";"15";"0,7";"2097152";"97518";"4,65";"0";"3";"32";"0";"2"
"06.11.2015 06:35:00";"1";"0";"18";"0,82";"2097152";"72352";"3,45";"0";"3";"32";"0";"2"
"06.11.2015 06:40:00";"1";"0";"17";"0,77";"2097152";"83676";"3,99";"0";"3";"32";"0";"2"
"06.11.2015 06:45:00";"1";"0";"15";"0,69";"2097152";"89129";"4,25";"0";"3";"32";"0";"2"
"06.11.2015 06:50:00";"1";"0";"18";"0,83";"2097152";"110100";"5,25";"0";"3";"32";"0";"2"
"06.11.2015 06:55:00";"1";"0";"16";"0,76";"2097152";"96259";"4,59";"0";"3";"32";"0";"2"
"06.11.2015 07:00:00";"1";"0";"15";"0,68";"2097152";"103180";"4,92";"0";"3";"32";"0";"2"
"06.11.2015 07:05:00";"1";"0";"19";"0,85";"2097152";"96259";"4,59";"0";"4";"32";"0";"2"
"06.11.2015 07:10:00";"1";"0";"17";"0,76";"2097152";"108842";"5,19";"0";"3";"32";"0";"2"
"06.11.2015 07:15:00";"1";"0";"15";"0,68";"2097152";"79482";"3,79";"0";"3";"32";"0";"2"
"06.11.2015 07:20:00";"1";"0";"18";"0,84";"2097152";"86403";"4,12";"0";"3";"32";"0";"2"
"06.11.2015 07:25:00";"1";"0";"17";"0,77";"2097152";"82208";"3,92";"0";"3";"32";"0";"2"
"06.11.2015 07:30:00";"1";"0";"15";"0,69";"2097152";"80740";"3,85";"0";"3";"32";"0";"2"
"06.11.2015 07:35:00";"1";"0";"18";"0,83";"2097152";"89129";"4,25";"0";"4";"32";"0";"2"
"06.11.2015 07:40:00";"1";"0";"17";"0,76";"2097152";"59769";"2,85";"0";"3";"32";"0";"2"
"06.11.2015 07:45:00";"1";"0";"15";"0,69";"2097152";"72352";"3,45";"0";"4";"32";"0";"2"
"06.11.2015 07:50:00";"1";"0";"18";"0,82";"2097152";"66899";"3,19";"0";"3";"32";"0";"2"
"06.11.2015 07:55:00";"1";"0";"17";"0,78";"2097152";"84935";"4,05";"0";"4";"32";"0";"2"
"06.11.2015 08:00:00";"1";"0";"15";"0,7";"2097152";"52848";"2,52";"0";"4";"32";"0";"2"
"06.11.2015 08:05:00";"1";"0";"19";"0,86";"2097152";"72352";"3,45";"0";"3";"32";"0";"2"
"06.11.2015 08:10:00";"1";"0";"17";"0,76";"2097152";"69625";"3,32";"0";"3";"32";"0";"2"
"06.11.2015 08:15:00";"1";"0";"15";"0,69";"2097152";"93323";"4,45";"0";"3";"32";"0";"2"
"06.11.2015 08:20:00";"1";"0";"18";"0,82";"2097152";"84935";"4,05";"0";"3";"32";"0";"2"
"06.11.2015 08:25:00";"1";"0";"17";"0,77";"2097152";"87871";"4,19";"0";"3";"32";"0";"2"
"06.11.2015 08:30:00";"1";"0";"15";"0,69";"2097152";"82208";"3,92";"0";"3";"32";"0";"2"
"06.11.2015 08:35:00";"1";"0";"18";"0,82";"2097152";"98986";"4,72";"0";"3";"32";"0";"2"
"06.11.2015 08:40:00";"1";"0";"18";"0,83";"2097152";"142397";"6,79";"0";"3";"32";"0";"2"
"06.11.2015 08:45:00";"1";"0";"15";"0,69";"2097152";"129814";"6,19";"0";"3";"32";"0";"2"
"06.11.2015 08:50:00";"1";"0";"18";"0,85";"2097152";"78014";"3,72";"0";"3";"32";"0";"2"
"06.11.2015 08:55:00";"1";"0";"17";"0,77";"2097152";"45928";"2,19";"0";"4";"32";"0";"2"
"06.11.2015 09:00:00";"1";"0";"15";"0,68";"2097152";"82208";"3,92";"0";"3";"32";"0";"2"
"06.11.2015 09:05:00";"1";"0";"18";"0,83";"2097152";"71093";"3,39";"0";"4";"32";"0";"2"
"06.11.2015 09:10:00";"1";"0";"17";"0,77";"2097152";"100454";"4,79";"0";"3";"32";"0";"2"
"06.11.2015 09:15:00";"1";"0";"15";"0,68";"2097152";"104648";"4,99";"0";"3";"32";"0";"2"
"06.11.2015 09:20:00";"1";"0";"18";"0,82";"2097152";"76546";"3,65";"0";"3";"32";"0";"2"
"06.11.2015 09:25:00";"1";"0";"17";"0,77";"2097152";"72352";"3,45";"0";"3";"32";"0";"2"
"06.11.2015 09:30:00";"1";"0";"15";"0,7";"2097152";"57043";"2,72";"0";"3";"32";"0";"2"
"06.11.2015 09:35:00";"1";"0";"19";"0,85";"2097152";"84935";"4,05";"0";"3";"32";"0";"2"
"06.11.2015 09:40:00";"1";"0";"17";"0,78";"2097152";"87871";"4,19";"0";"3";"32";"0";"2"
"06.11.2015 09:45:00";"1";"0";"15";"0,69";"2097152";"92065";"4,39";"0";"4";"32";"0";"2"
"06.11.2015 09:50:00";"1";"0";"18";"0,82";"2097152";"68157";"3,25";"0";"3";"32";"0";"2"
"06.11.2015 09:55:00";"1";"0";"17";"0,76";"2097152";"71093";"3,39";"0";"3";"32";"0";"2"
"06.11.2015 10:00:00";"1";"0";"15";"0,68";"2097152";"80740";"3,85";"0";"3";"32";"0";"2"
"06.11.2015 10:05:00";"1";"0";"18";"0,84";"2097152";"101712";"4,85";"0";"3";"32";"0";"2"
"06.11.2015 10:10:00";"1";"0";"17";"0,79";"2097152";"98986";"4,72";"0";"4";"32";"0";"2"
"06.11.2015 10:15:00";"1";"0";"15";"0,69";"2097152";"96259";"4,59";"0";"3";"32";"0";"2"
"06.11.2015 10:20:00";"1";"0";"18";"0,85";"2097152";"73820";"3,52";"0";"3";"32";"0";"2"
"06.11.2015 10:25:00";"1";"0";"17";"0,76";"2097152";"98986";"4,72";"0";"4";"32";"0";"2"
"06.11.2015 10:30:00";"1";"0";"15";"0,69";"2097152";"72352";"3,45";"0";"3";"32";"0";"2"
"06.11.2015 10:35:00";"1";"0";"18";"0,83";"2097152";"89129";"4,25";"0";"3";"32";"0";"2"
"06.11.2015 10:40:00";"1";"0";"17";"0,76";"2097152";"96259";"4,59";"0";"3";"32";"0";"2"
"06.11.2015 10:45:00";"1";"0";"15";"0,69";"2097152";"68157";"3,25";"0";"3";"32";"0";"2"
"06.11.2015 10:50:00";"1";"0";"18";"0,83";"2097152";"72352";"3,45";"0";"3";"32";"0";"2"
"06.11.2015 10:55:00";"1";"0";"17";"0,78";"2097152";"58511";"2,79";"0";"3";"32";"0";"2"
"06.11.2015 11:00:00";"1";"0";"15";"0,69";"2097152";"72352";"3,45";"0";"3";"32";"0";"2"
"06.11.2015 11:05:00";"1";"0";"18";"0,84";"2097152";"57043";"2,72";"0";"3";"32";"0";"2"
"06.11.2015 11:10:00";"1";"0";"17";"0,79";"2097152";"90597";"4,32";"0";"3";"32";"0";"2"
"06.11.2015 11:15:00";"1";"0";"15";"0,7";"2097152";"76546";"3,65";"0";"3";"32";"0";"2"
"06.11.2015 11:20:00";"1";"0";"19";"0,85";"2097152";"78014";"3,72";"0";"3";"32";"0";"2"
"06.11.2015 11:25:00";"1";"0";"17";"0,79";"2097152";"90597";"4,32";"0";"3";"32";"0";"2"
"06.11.2015 11:30:00";"1";"0";"15";"0,69";"2097152";"66899";"3,19";"0";"3";"32";"0";"2"
"06.11.2015 11:35:00";"1";"0";"18";"0,84";"2097152";"71093";"3,39";"0";"3";"32";"0";"2"
"06.11.2015 11:40:00";"1";"0";"17";"0,77";"2097152";"104648";"4,99";"0";"3";"32";"0";"2"
"06.11.2015 11:45:00";"1";"0";"16";"0,72";"2097152";"80740";"3,85";"0";"4";"32";"0";"2"
"06.11.2015 11:50:00";"1";"0";"18";"0,83";"2097152";"83676";"3,99";"0";"3";"32";"0";"2"
"06.11.2015 11:55:00";"1";"0";"17";"0,78";"2097152";"96259";"4,59";"0";"4";"32";"0";"2"
"06.11.2015 12:00:00";"1";"0";"15";"0,68";"2097152";"75288";"3,59";"0";"3";"32";"0";"2"
"06.11.2015 12:05:00";"1";"0";"18";"0,84";"2097152";"55575";"2,65";"0";"3";"32";"0";"2"
"06.11.2015 12:10:00";"1";"0";"17";"0,77";"2097152";"52848";"2,52";"0";"3";"32";"0";"2"
"06.11.2015 12:15:00";"1";"0";"15";"0,67";"2097152";"90597";"4,32";"0";"3";"32";"0";"2"
"06.11.2015 12:20:00";"1";"0";"18";"0,83";"2097152";"96259";"4,59";"0";"3";"32";"0";"2"
"06.11.2015 12:25:00";"1";"0";"17";"0,77";"2097152";"98986";"4,72";"0";"3";"32";"0";"2"
"06.11.2015 12:30:00";"1";"0";"15";"0,68";"2097152";"75288";"3,59";"0";"3";"32";"0";"2"
"06.11.2015 12:35:00";"1";"0";"18";"0,83";"2097152";"118489";"5,65";"0";"3";"32";"0";"2"
"06.11.2015 12:40:00";"1";"0";"17";"0,76";"2097152";"76546";"3,65";"0";"3";"32";"0";"2"
"06.11.2015 12:45:00";"1";"0";"15";"0,68";"2097152";"101712";"4,85";"0";"3";"32";"0";"2"
"06.11.2015 12:50:00";"1";"0";"18";"0,82";"2097152";"103180";"4,92";"0";"3";"32";"0";"2"
"06.11.2015 12:55:00";"1";"0";"17";"0,79";"2097152";"107374";"5,12";"0";"4";"32";"0";"2"
"06.11.2015 13:00:00";"1";"0";"15";"0,69";"2097152";"78014";"3,72";"0";"3";"32";"0";"2"
"06.11.2015 13:05:00";"1";"0";"18";"0,8";"2097152";"83676";"3,99";"0";"3";"32";"0";"2"
"06.11.2015 13:10:00";"1";"0";"18";"0,81";"2097152";"65431";"3,12";"0";"3";"32";"0";"2"
"06.11.2015 13:15:00";"1";"0";"15";"0,72";"2097152";"62705";"2,99";"0";"3";"32";"0";"2"
"06.11.2015 13:20:00";"1";"0";"17";"0,8";"2097152";"61237";"2,92";"0";"3";"32";"0";"2"
"06.11.2015 13:25:00";"1";"0";"18";"0,83";"2097152";"86403";"4,12";"0";"3";"32";"0";"2"
"06.11.2015 13:30:00";"1";"0";"15";"0,69";"2097152";"72352";"3,45";"0";"3";"32";"0";"2"
"06.11.2015 13:35:00";"1";"0";"18";"0,83";"2097152";"76546";"3,65";"0";"3";"32";"0";"2"
"06.11.2015 13:40:00";"1";"0";"17";"0,78";"2097152";"84935";"4,05";"0";"3";"32";"0";"2"
"06.11.2015 13:45:00";"1";"0";"15";"0,7";"2097152";"78014";"3,72";"0";"3";"32";"0";"2"
"06.11.2015 13:50:00";"1";"0";"18";"0,85";"2097152";"108842";"5,19";"0";"3";"32";"0";"2"
"06.11.2015 13:55:00";"1";"0";"17";"0,78";"2097152";"86403";"4,12";"0";"3";"32";"0";"2"
"06.11.2015 14:00:00";"1";"0";"15";"0,69";"2097152";"92065";"4,39";"0";"3";"32";"0";"2"
"06.11.2015 14:05:00";"1";"0";"18";"0,83";"2097152";"110100";"5,25";"0";"4";"32";"0";"2"
"06.11.2015 14:10:00";"1";"0";"16";"0,76";"2097152";"97518";"4,65";"0";"3";"32";"0";"2"
"06.11.2015 14:15:00";"1";"0";"15";"0,69";"2097152";"55575";"2,65";"0";"3";"32";"0";"2"
"06.11.2015 14:20:00";"1";"0";"18";"0,82";"2097152";"84935";"4,05";"0";"3";"32";"0";"2"
"06.11.2015 14:25:00";"1";"0";"17";"0,78";"2097152";"75288";"3,59";"0";"4";"32";"0";"2"
"06.11.2015 14:30:00";"1";"0";"15";"0,69";"2097152";"96259";"4,59";"0";"3";"32";"0";"2"
"06.11.2015 14:35:00";"1";"0";"18";"0,82";"2097152";"113036";"5,39";"0";"3";"32";"0";"2"
"06.11.2015 14:40:00";"1";"0";"17";"0,78";"2097152";"61237";"2,92";"0";"3";"32";"0";"2"
"06.11.2015 14:45:00";"1";"0";"15";"0,7";"2097152";"71093";"3,39";"0";"3";"32";"0";"2"
"06.11.2015 14:50:00";"1";"0";"18";"0,82";"2097152";"78014";"3,72";"0";"3";"32";"0";"2"
"06.11.2015 14:55:00";"1";"0";"17";"0,78";"2097152";"84935";"4,05";"0";"4";"32";"0";"2"
"06.11.2015 15:00:00";"1";"0";"15";"0,69";"2097152";"86403";"4,12";"0";"3";"32";"0";"2"
"06.11.2015 15:05:00";"1";"0";"18";"0,83";"2097152";"103180";"4,92";"0";"4";"32";"0";"2"
"06.11.2015 15:10:00";"1";"0";"17";"0,76";"2097152";"78014";"3,72";"0";"3";"32";"0";"2"
"06.11.2015 15:15:00";"1";"0";"15";"0,69";"2097152";"71093";"3,39";"0";"3";"32";"0";"2"
"06.11.2015 15:20:00";"1";"0";"18";"0,84";"2097152";"84935";"4,05";"0";"3";"32";"0";"2"
"06.11.2015 15:25:00";"1";"0";"16";"0,76";"2097152";"90597";"4,32";"0";"3";"32";"0";"2"
"06.11.2015 15:30:00";"1";"0";"15";"0,71";"2097152";"83676";"3,99";"0";"3";"32";"0";"2"
"06.11.2015 15:35:00";"1";"0";"19";"0,85";"2097152";"93323";"4,45";"0";"4";"32";"0";"2"
"06.11.2015 15:40:00";"1";"0";"17";"0,77";"2097152";"101712";"4,85";"0";"3";"32";"0";"2"
"06.11.2015 15:45:00";"1";"0";"15";"0,7";"2097152";"75288";"3,59";"0";"3";"32";"0";"2"
"06.11.2015 15:50:00";"1";"0";"18";"0,82";"2097152";"61237";"2,92";"0";"3";"32";"0";"2"
"06.11.2015 15:55:00";"1";"0";"17";"0,76";"2097152";"83676";"3,99";"0";"3";"32";"0";"2"
"06.11.2015 16:00:00";"1";"0";"15";"0,68";"2097152";"89129";"4,25";"0";"3";"32";"0";"2"
"06.11.2015 16:05:00";"1";"0";"18";"0,85";"2097152";"78014";"3,72";"0";"4";"32";"0";"2"
"06.11.2015 16:10:00";"1";"0";"17";"0,76";"2097152";"79482";"3,79";"0";"3";"32";"0";"2"
"06.11.2015 16:15:00";"1";"0";"15";"0,69";"2097152";"75288";"3,59";"0";"3";"32";"0";"2"
"06.11.2015 16:20:00";"1";"0";"18";"0,84";"2097152";"117231";"5,59";"0";"3";"32";"0";"2"
"06.11.2015 16:25:00";"1";"0";"17";"0,79";"2097152";"100454";"4,79";"0";"3";"32";"0";"2"
"06.11.2015 16:30:00";"1";"0";"15";"0,68";"2097152";"86403";"4,12";"0";"3";"32";"0";"2"
"06.11.2015 16:35:00";"1";"0";"18";"0,82";"2097152";"86403";"4,12";"0";"3";"32";"0";"2"
"06.11.2015 16:40:00";"1";"0";"17";"0,77";"2097152";"76546";"3,65";"0";"3";"32";"0";"2"
"06.11.2015 16:45:00";"1";"0";"15";"0,68";"2097152";"100454";"4,79";"0";"3";"32";"0";"2"
"06.11.2015 16:50:00";"1";"0";"18";"0,82";"2097152";"66899";"3,19";"0";"3";"32";"0";"2"
"06.11.2015 16:55:00";"1";"0";"17";"0,77";"2097152";"82208";"3,92";"0";"3";"32";"0";"2"
"06.11.2015 17:00:00";"1";"0";"15";"0,68";"2097152";"96259";"4,59";"0";"3";"32";"0";"2"
"06.11.2015 17:05:00";"1";"0";"18";"0,83";"2097152";"58511";"2,79";"0";"4";"32";"0";"2"
"06.11.2015 17:10:00";"1";"0";"17";"0,76";"2097152";"96259";"4,59";"0";"3";"32";"0";"2"
"06.11.2015 17:15:00";"1";"0";"15";"0,7";"2097152";"104648";"4,99";"0";"3";"32";"0";"2"
"06.11.2015 17:20:00";"1";"0";"18";"0,81";"2097152";"75288";"3,59";"0";"3";"32";"0";"2"
"06.11.2015 17:25:00";"1";"0";"17";"0,76";"2097152";"71093";"3,39";"0";"4";"32";"0";"2"
"06.11.2015 17:30:00";"1";"0";"15";"0,68";"2097152";"93323";"4,45";"0";"3";"32";"0";"2"
"06.11.2015 17:35:00";"1";"0";"18";"0,83";"2097152";"100454";"4,79";"0";"3";"32";"0";"2"
"06.11.2015 17:40:00";"1";"0";"17";"0,76";"2097152";"54316";"2,59";"0";"3";"32";"0";"2"
"06.11.2015 17:45:00";"1";"0";"15";"0,7";"2097152";"54316";"2,59";"0";"3";"32";"0";"2"
"06.11.2015 17:50:00";"1";"0";"18";"0,81";"2097152";"80740";"3,85";"0";"3";"32";"0";"2"
"06.11.2015 17:55:00";"1";"0";"17";"0,77";"2097152";"96259";"4,59";"0";"3";"32";"0";"2"
"06.11.2015 18:00:00";"1";"0";"15";"0,69";"2097152";"97518";"4,65";"0";"3";"32";"0";"2"
"06.11.2015 18:05:00";"1";"0";"18";"0,85";"2097152";"80740";"3,85";"0";"3";"32";"0";"2"
"06.11.2015 18:10:00";"1";"0";"17";"0,76";"2097152";"100454";"4,79";"0";"3";"32";"0";"2"
"06.11.2015 18:15:00";"1";"0";"15";"0,67";"2097152";"71093";"3,39";"0";"3";"32";"0";"2"
"06.11.2015 18:20:00";"1";"0";"18";"0,85";"2097152";"80740";"3,85";"0";"3";"32";"0";"2"
"06.11.2015 18:25:00";"1";"0";"17";"0,76";"2097152";"101712";"4,85";"0";"3";"32";"0";"2"
"06.11.2015 18:30:00";"1";"0";"15";"0,68";"2097152";"100454";"4,79";"0";"3";"32";"0";"2"
"06.11.2015 18:35:00";"1";"0";"18";"0,81";"2097152";"84935";"4,05";"0";"3";"32";"0";"2"
"06.11.2015 18:40:00";"1";"0";"17";"0,76";"2097152";"72352";"3,45";"0";"3";"32";"0";"2"
"06.11.2015 18:45:00";"1";"0";"15";"0,68";"2097152";"72352";"3,45";"0";"3";"32";"0";"2"
"06.11.2015 18:50:00";"1";"0";"18";"0,82";"2097152";"82208";"3,92";"0";"3";"32";"0";"2"
"06.11.2015 18:55:00";"1";"0";"17";"0,77";"2097152";"79482";"3,79";"0";"3";"32";"0";"2"
"06.11.2015 19:00:00";"1";"0";"14";"0,67";"2097152";"96259";"4,59";"0";"3";"32";"0";"2"
"06.11.2015 19:05:00";"1";"0";"18";"0,82";"2097152";"105906";"5,05";"0";"4";"32";"0";"2"
"06.11.2015 19:10:00";"1";"0";"16";"0,75";"2097152";"80740";"3,85";"0";"3";"32";"0";"2"
"06.11.2015 19:15:00";"1";"0";"15";"0,67";"2097152";"92065";"4,39";"0";"3";"32";"0";"2"
"06.11.2015 19:20:00";"1";"0";"18";"0,83";"2097152";"63963";"3,05";"0";"3";"32";"0";"2"
"06.11.2015 19:25:00";"1";"0";"17";"0,8";"2097152";"75288";"3,59";"0";"3";"32";"0";"2"
"06.11.2015 19:30:00";"1";"0";"15";"0,68";"2097152";"79482";"3,79";"0";"3";"32";"0";"2"
"06.11.2015 19:35:00";"1";"0";"18";"0,81";"2097152";"58511";"2,79";"0";"3";"32";"0";"2"
"06.11.2015 19:40:00";"1";"0";"17";"0,77";"2097152";"79482";"3,79";"0";"3";"32";"0";"2"
"06.11.2015 19:45:00";"1";"0";"15";"0,68";"2097152";"96259";"4,59";"0";"3";"32";"0";"2"
"06.11.2015 19:50:00";"1";"0";"18";"0,81";"2097152";"57043";"2,72";"0";"3";"32";"0";"2"
"06.11.2015 19:55:00";"1";"0";"16";"0,75";"2097152";"68157";"3,25";"0";"3";"32";"0";"2"
"06.11.2015 20:00:00";"1";"0";"15";"0,69";"2097152";"79482";"3,79";"0";"3";"32";"0";"2"
"06.11.2015 20:05:00";"1";"0";"19";"0,86";"2097152";"103180";"4,92";"0";"3";"32";"0";"2"
"06.11.2015 20:10:00";"1";"0";"16";"0,75";"2097152";"66899";"3,19";"0";"3";"32";"0";"2"
"06.11.2015 20:15:00";"1";"0";"15";"0,68";"2097152";"75288";"3,59";"0";"3";"32";"0";"2"
"06.11.2015 20:20:00";"1";"0";"17";"0,8";"2097152";"92065";"4,39";"0";"3";"32";"0";"2"
"06.11.2015 20:25:00";"1";"0";"17";"0,77";"2097152";"87871";"4,19";"0";"4";"32";"0";"2"
"06.11.2015 20:30:00";"1";"0";"17";"0,76";"2097152";"96259";"4,59";"0";"3";"32";"0";"2"
"06.11.2015 20:35:00";"1";"0";"18";"0,84";"2097152";"163368";"7,79";"0";"3";"32";"0";"2"
"06.11.2015 20:40:00";"1";"0";"17";"0,78";"2097152";"58511";"2,79";"0";"3";"32";"0";"2"
"06.11.2015 20:45:00";"1";"0";"14";"0,67";"2097152";"65431";"3,12";"0";"3";"32";"0";"2"
"06.11.2015 20:50:00";"1";"0";"18";"0,82";"2097152";"113036";"5,39";"0";"3";"32";"0";"2"
"06.11.2015 20:55:00";"1";"0";"17";"0,76";"2097152";"79482";"3,79";"0";"3";"32";"0";"2"
"06.11.2015 21:00:00";"1";"0";"15";"0,68";"2097152";"66899";"3,19";"0";"3";"32";"0";"2"
"06.11.2015 21:05:00";"1";"0";"18";"0,82";"2097152";"96259";"4,59";"0";"3";"32";"0";"2"
"06.11.2015 21:10:00";"1";"0";"16";"0,75";"2097152";"97518";"4,65";"0";"3";"32";"0";"2"
"06.11.2015 21:15:00";"1";"0";"15";"0,69";"2097152";"101712";"4,85";"0";"3";"32";"0";"2"
"06.11.2015 21:20:00";"1";"0";"18";"0,82";"2097152";"83676";"3,99";"0";"3";"32";"0";"2"
"06.11.2015 21:25:00";"1";"0";"17";"0,77";"2097152";"83676";"3,99";"0";"3";"32";"0";"2"
"06.11.2015 21:30:00";"1";"0";"15";"0,7";"2097152";"96259";"4,59";"0";"3";"32";"0";"2"
"06.11.2015 21:35:00";"1";"0";"18";"0,82";"2097152";"83676";"3,99";"0";"3";"32";"0";"2"
"06.11.2015 21:40:00";"1";"0";"16";"0,76";"2097152";"54316";"2,59";"0";"3";"32";"0";"2"
"06.11.2015 21:45:00";"1";"0";"15";"0,68";"2097152";"92065";"4,39";"0";"3";"32";"0";"2"
"06.11.2015 21:50:00";"1";"0";"18";"0,82";"2097152";"45928";"2,19";"0";"3";"32";"0";"2"
"06.11.2015 21:55:00";"1";"0";"17";"0,76";"2097152";"50122";"2,39";"0";"3";"32";"0";"2"
"06.11.2015 22:00:00";"1";"0";"15";"0,68";"2097152";"84935";"4,05";"0";"3";"32";"0";"2"
"06.11.2015 22:05:00";"1";"0";"17";"0,78";"2097152";"94791";"4,52";"0";"3";"32";"0";"2"
"06.11.2015 22:10:00";"1";"0";"18";"0,81";"2097152";"121425";"5,79";"0";"3";"32";"0";"2"
"06.11.2015 22:15:00";"1";"0";"15";"0,69";"2097152";"83676";"3,99";"0";"3";"32";"0";"2"
"06.11.2015 22:20:00";"1";"0";"17";"0,78";"2097152";"83676";"3,99";"0";"3";"32";"0";"2"
"06.11.2015 22:25:00";"1";"0";"18";"0,82";"2097152";"92065";"4,39";"0";"3";"32";"0";"2"
"06.11.2015 22:30:00";"1";"0";"15";"0,68";"2097152";"71093";"3,39";"0";"3";"32";"0";"2"
"06.11.2015 22:35:00";"1";"0";"18";"0,82";"2097152";"125619";"5,99";"0";"3";"32";"0";"2"
"06.11.2015 22:40:00";"1";"0";"16";"0,76";"2097152";"83676";"3,99";"0";"3";"32";"0";"2"
"06.11.2015 22:45:00";"1";"0";"15";"0,69";"2097152";"51380";"2,45";"0";"3";"32";"0";"2"
"06.11.2015 22:50:00";"1";"0";"18";"0,82";"2097152";"66899";"3,19";"0";"3";"32";"0";"2"
"06.11.2015 22:55:00";"1";"0";"17";"0,76";"2097152";"92065";"4,39";"0";"3";"32";"0";"2"
"06.11.2015 23:00:00";"1";"0";"14";"0,67";"2097152";"65431";"3,12";"0";"3";"32";"0";"2"
"06.11.2015 23:05:00";"1";"0";"18";"0,82";"2097152";"68157";"3,25";"0";"3";"32";"0";"2"
"06.11.2015 23:10:00";"1";"0";"17";"0,77";"2097152";"87871";"4,19";"0";"3";"32";"0";"2"
"06.11.2015 23:15:00";"1";"0";"15";"0,69";"2097152";"79482";"3,79";"0";"3";"32";"0";"2"
"06.11.2015 23:20:00";"1";"0";"18";"0,82";"2097152";"96259";"4,59";"0";"3";"32";"0";"2"
"06.11.2015 23:25:00";"1";"0";"17";"0,76";"2097152";"65431";"3,12";"0";"3";"32";"0";"2"
"06.11.2015 23:30:00";"1";"0";"15";"0,68";"2097152";"75288";"3,59";"0";"3";"32";"0";"2"
"06.11.2015 23:35:00";"1";"0";"18";"0,82";"2097152";"87871";"4,19";"0";"3";"32";"0";"2"
"06.11.2015 23:40:00";"1";"0";"16";"0,75";"2097152";"80740";"3,85";"0";"3";"32";"0";"2"
"06.11.2015 23:45:00";"1";"0";"15";"0,68";"2097152";"69625";"3,32";"0";"3";"32";"0";"2"
"06.11.2015 23:50:00";"1";"0";"18";"0,81";"2097152";"98986";"4,72";"0";"3";"32";"0";"2"
"06.11.2015 23:55:00";"1";"0";"17";"0,79";"2097152";"103180";"4,92";"0";"3";"32";"0";"2"
"07.11.2015 00:00:00";"1";"0";"15";"0,68";"2097152";"93323";"4,45";"0";"4";"32";"0";"2"
"07.11.2015 00:05:00";"1";"0";"19";"0,89";"2097152";"75288";"3,59";"0";"4";"32";"0";"2"
"07.11.2015 00:10:00";"1";"0";"16";"0,76";"2097152";"58511";"2,79";"0";"3";"32";"0";"2"
"07.11.2015 00:15:00";"1";"0";"14";"0,67";"2097152";"51380";"2,45";"0";"3";"32";"0";"2"
"07.11.2015 00:20:00";"1";"0";"18";"0,81";"2097152";"65431";"3,12";"0";"3";"32";"0";"2"
"07.11.2015 00:25:00";"1";"0";"16";"0,76";"2097152";"100454";"4,79";"0";"3";"32";"0";"2"
"07.11.2015 00:30:00";"1";"0";"15";"0,68";"2097152";"86403";"4,12";"0";"3";"32";"0";"2"
"07.11.2015 00:35:00";"1";"0";"18";"0,82";"2097152";"63963";"3,05";"0";"3";"32";"0";"2"
"07.11.2015 00:40:00";"1";"0";"16";"0,74";"2097152";"76546";"3,65";"0";"3";"32";"0";"2"
"07.11.2015 00:45:00";"1";"0";"15";"0,67";"2097152";"90597";"4,32";"0";"3";"32";"0";"2"
"07.11.2015 00:50:00";"1";"0";"18";"0,81";"2097152";"92065";"4,39";"0";"3";"32";"0";"2"
"07.11.2015 00:55:00";"1";"0";"17";"0,78";"2097152";"63963";"3,05";"0";"3";"32";"0";"2"
"07.11.2015 01:00:00";"1";"0";"15";"0,7";"2097152";"61237";"2,92";"0";"3";"32";"0";"2"
"07.11.2015 01:05:00";"1";"0";"19";"0,87";"2097152";"90597";"4,32";"0";"3";"32";"0";"2"
"07.11.2015 01:10:00";"1";"0";"17";"0,78";"2097152";"66899";"3,19";"0";"3";"32";"0";"2"
"07.11.2015 01:15:00";"1";"0";"15";"0,71";"2097152";"105906";"5,05";"0";"3";"32";"0";"2"
"07.11.2015 01:20:00";"1";"0";"18";"0,83";"2097152";"83676";"3,99";"0";"3";"32";"0";"2"
"07.11.2015 01:25:00";"1";"0";"17";"0,78";"2097152";"65431";"3,12";"0";"3";"32";"0";"2"
"07.11.2015 01:30:00";"1";"0";"15";"0,71";"2097152";"96259";"4,59";"0";"3";"32";"0";"2"
"07.11.2015 01:35:00";"1";"0";"18";"0,84";"2097152";"68157";"3,25";"0";"4";"32";"0";"2"
"07.11.2015 01:40:00";"1";"0";"17";"0,77";"2097152";"59769";"2,85";"0";"3";"32";"0";"2"
"07.11.2015 01:45:00";"1";"0";"15";"0,7";"2097152";"62705";"2,99";"0";"3";"32";"0";"2"
"07.11.2015 01:50:00";"1";"0";"18";"0,85";"2097152";"58511";"2,79";"0";"3";"32";"0";"2"
"07.11.2015 01:55:00";"1";"0";"17";"0,78";"2097152";"72352";"3,45";"0";"3";"32";"0";"2"
"07.11.2015 02:00:00";"1";"0";"16";"0,71";"2097152";"76546";"3,65";"0";"3";"32";"0";"2"
"07.11.2015 02:05:00";"1";"0";"19";"0,85";"2097152";"61237";"2,92";"0";"4";"32";"0";"2"
"07.11.2015 02:10:00";"1";"0";"17";"0,78";"2097152";"76546";"3,65";"0";"3";"32";"0";"2"
"07.11.2015 02:15:00";"1";"0";"15";"0,69";"2097152";"153512";"7,32";"0";"3";"32";"0";"2"
"07.11.2015 02:20:00";"1";"0";"19";"0,86";"2097152";"87871";"4,19";"0";"3";"32";"0";"2"
"07.11.2015 02:25:00";"1";"0";"17";"0,77";"2097152";"71093";"3,39";"0";"3";"32";"0";"2"
"07.11.2015 02:30:00";"1";"0";"15";"0,69";"2097152";"87871";"4,19";"0";"3";"32";"0";"2"
"07.11.2015 02:35:00";"1";"0";"19";"0,88";"2097152";"69625";"3,32";"0";"3";"32";"0";"2"
"07.11.2015 02:40:00";"1";"0";"18";"0,82";"2097152";"61237";"2,92";"0";"3";"32";"0";"2"
"07.11.2015 02:45:00";"1";"0";"16";"0,72";"2097152";"84935";"4,05";"0";"3";"32";"0";"2"
"07.11.2015 02:50:00";"1";"0";"18";"0,84";"2097152";"83676";"3,99";"0";"3";"32";"0";"2"
"07.11.2015 02:55:00";"1";"0";"17";"0,78";"2097152";"63963";"3,05";"0";"3";"32";"0";"2"
"07.11.2015 03:00:00";"1";"0";"15";"0,69";"2097152";"65431";"3,12";"0";"3";"32";"0";"2"
"07.11.2015 03:05:00";"1";"0";"19";"0,85";"2097152";"62705";"2,99";"0";"3";"32";"0";"2"
"07.11.2015 03:10:00";"1";"0";"17";"0,78";"2097152";"63963";"3,05";"0";"3";"32";"0";"2"
"07.11.2015 03:15:00";"1";"0";"15";"0,7";"2097152";"113036";"5,39";"0";"3";"32";"0";"2"
"07.11.2015 03:20:00";"1";"0";"19";"0,84";"2097152";"80740";"3,85";"0";"3";"32";"0";"2"
"07.11.2015 03:25:00";"1";"0";"17";"0,78";"2097152";"84935";"4,05";"0";"3";"32";"0";"2"
"07.11.2015 03:30:00";"1";"0";"15";"0,68";"2097152";"75288";"3,59";"0";"3";"32";"0";"2"
"07.11.2015 03:35:00";"1";"0";"18";"0,83";"2097152";"93323";"4,45";"0";"3";"32";"0";"2"
"07.11.2015 03:40:00";"1";"0";"20";"0,92";"2097152";"47186";"2,25";"1";"22";"32";"0";"2"
"07.11.2015 03:45:00";"1";"0";"15";"0,7";"2097152";"129814";"6,19";"0";"11";"32";"0";"2"
"07.11.2015 03:50:00";"1";"0";"19";"0,85";"2097152";"72352";"3,45";"0";"3";"32";"0";"2"
"07.11.2015 03:55:00";"1";"0";"17";"0,78";"2097152";"69625";"3,32";"0";"4";"32";"0";"2"
"07.11.2015 04:00:00";"1";"0";"15";"0,69";"2097152";"98986";"4,72";"0";"3";"32";"0";"2"
"07.11.2015 04:05:00";"1";"0";"19";"0,85";"2097152";"73820";"3,52";"0";"3";"32";"0";"2"
"07.11.2015 04:10:00";"1";"0";"17";"0,78";"2097152";"61237";"2,92";"0";"3";"32";"0";"2"
"07.11.2015 04:15:00";"1";"0";"16";"0,72";"2097152";"62705";"2,99";"0";"3";"32";"0";"2"
"07.11.2015 04:20:00";"1";"0";"18";"0,84";"2097152";"59769";"2,85";"0";"3";"32";"0";"2"
"07.11.2015 04:25:00";"1";"0";"18";"0,8";"2097152";"93323";"4,45";"0";"3";"32";"0";"2"
"07.11.2015 04:30:00";"1";"0";"16";"0,72";"2097152";"82208";"3,92";"0";"3";"32";"0";"2"
"07.11.2015 04:35:00";"1";"0";"18";"0,83";"2097152";"71093";"3,39";"0";"3";"32";"0";"2"
"07.11.2015 04:40:00";"1";"0";"17";"0,78";"2097152";"57043";"2,72";"0";"3";"32";"0";"2"
"07.11.2015 04:45:00";"1";"0";"15";"0,69";"2097152";"75288";"3,59";"0";"3";"32";"0";"2"
"07.11.2015 04:50:00";"1";"0";"18";"0,83";"2097152";"58511";"2,79";"0";"3";"32";"0";"2"
"07.11.2015 04:55:00";"1";"0";"17";"0,78";"2097152";"62705";"2,99";"0";"3";"32";"0";"2"
"07.11.2015 05:00:00";"1";"0";"15";"0,69";"2097152";"82208";"3,92";"0";"3";"32";"0";"2"
"07.11.2015 05:05:00";"1";"0";"18";"0,84";"2097152";"87871";"4,19";"0";"3";"32";"0";"2"
"07.11.2015 05:10:00";"1";"0";"17";"0,77";"2097152";"86403";"4,12";"0";"3";"32";"0";"2"
"07.11.2015 05:15:00";"1";"0";"15";"0,69";"2097152";"89129";"4,25";"0";"3";"32";"0";"2"
"07.11.2015 05:20:00";"1";"0";"18";"0,83";"2097152";"107374";"5,12";"0";"3";"32";"0";"2"
"07.11.2015 05:25:00";"1";"0";"17";"0,78";"2097152";"87871";"4,19";"0";"3";"32";"0";"2"
"07.11.2015 05:30:00";"1";"0";"15";"0,7";"2097152";"58511";"2,79";"0";"3";"32";"0";"2"
"07.11.2015 05:35:00";"1";"0";"18";"0,83";"2097152";"68157";"3,25";"0";"3";"32";"0";"2"
"07.11.2015 05:40:00";"1";"0";"17";"0,79";"2097152";"80740";"3,85";"0";"3";"32";"0";"2"
"07.11.2015 05:45:00";"1";"0";"16";"0,71";"2097152";"55575";"2,65";"0";"3";"32";"0";"2"
"07.11.2015 05:50:00";"1";"0";"18";"0,83";"2097152";"47186";"2,25";"0";"3";"32";"0";"2"
"07.11.2015 05:55:00";"1";"0";"17";"0,77";"2097152";"41733";"1,99";"0";"3";"32";"0";"2"
"07.11.2015 06:00:00";"1";"0";"15";"0,69";"2097152";"84935";"4,05";"0";"3";"32";"0";"2"
"07.11.2015 06:05:00";"1";"0";"19";"0,86";"2097152";"83676";"3,99";"0";"3";"32";"0";"2"
"07.11.2015 06:10:00";"1";"0";"18";"0,81";"2097152";"75288";"3,59";"0";"3";"32";"0";"2"
"07.11.2015 06:15:00";"1";"0";"15";"0,71";"2097152";"78014";"3,72";"0";"3";"32";"0";"2"
"07.11.2015 06:20:00";"1";"0";"18";"0,84";"2097152";"94791";"4,52";"0";"3";"32";"0";"2"
"07.11.2015 06:25:00";"1";"0";"17";"0,79";"2097152";"76546";"3,65";"0";"3";"32";"0";"2"
"07.11.2015 06:30:00";"1";"0";"16";"0,72";"2097152";"73820";"3,52";"0";"3";"32";"0";"2"
"07.11.2015 06:35:00";"1";"0";"18";"0,84";"2097152";"89129";"4,25";"0";"3";"32";"0";"2"
"07.11.2015 06:40:00";"1";"0";"17";"0,77";"2097152";"118489";"5,65";"0";"3";"32";"0";"2"
"07.11.2015 06:45:00";"1";"0";"15";"0,71";"2097152";"79482";"3,79";"0";"3";"32";"0";"2"
"07.11.2015 06:50:00";"1";"0";"18";"0,83";"2097152";"75288";"3,59";"0";"3";"32";"0";"2"
"07.11.2015 06:55:00";"1";"0";"17";"0,79";"2097152";"68157";"3,25";"0";"3";"32";"0";"2"
"07.11.2015 07:00:00";"1";"0";"15";"0,71";"2097152";"69625";"3,32";"0";"3";"32";"0";"2"
"07.11.2015 07:05:00";"1";"0";"17";"0,79";"2097152";"83676";"3,99";"0";"3";"32";"0";"2"
"07.11.2015 07:10:00";"1";"0";"18";"0,82";"2097152";"108842";"5,19";"0";"3";"32";"0";"2"
"07.11.2015 07:15:00";"1";"0";"15";"0,7";"2097152";"92065";"4,39";"0";"3";"32";"0";"2"
"07.11.2015 07:20:00";"1";"0";"17";"0,79";"2097152";"65431";"3,12";"0";"3";"32";"0";"2"
"07.11.2015 07:25:00";"1";"0";"18";"0,84";"2097152";"71093";"3,39";"0";"3";"32";"0";"2"
"07.11.2015 07:30:00";"1";"0";"15";"0,7";"2097152";"89129";"4,25";"0";"3";"32";"0";"2"
"07.11.2015 07:35:00";"1";"0";"18";"0,83";"2097152";"98986";"4,72";"0";"3";"32";"0";"2"
"07.11.2015 07:40:00";"1";"0";"17";"0,77";"2097152";"108842";"5,19";"0";"3";"32";"0";"2"
"07.11.2015 07:45:00";"1";"0";"16";"0,72";"2097152";"97518";"4,65";"0";"3";"32";"0";"2"
"07.11.2015 07:50:00";"1";"0";"18";"0,84";"2097152";"96259";"4,59";"0";"3";"32";"0";"2"
"07.11.2015 07:55:00";"1";"0";"17";"0,76";"2097152";"107374";"5,12";"0";"3";"32";"0";"2"
"07.11.2015 08:00:00";"1";"0";"15";"0,71";"2097152";"84935";"4,05";"0";"4";"32";"0";"2"
"07.11.2015 08:05:00";"1";"0";"19";"0,87";"2097152";"59769";"2,85";"0";"3";"32";"0";"2"
"07.11.2015 08:10:00";"1";"0";"17";"0,79";"2097152";"79482";"3,79";"0";"3";"32";"0";"2"
"07.11.2015 08:15:00";"1";"0";"15";"0,7";"2097152";"103180";"4,92";"0";"3";"32";"0";"2"
"07.11.2015 08:20:00";"1";"0";"19";"0,85";"2097152";"93323";"4,45";"0";"3";"32";"0";"2"
"07.11.2015 08:25:00";"1";"0";"17";"0,77";"2097152";"66899";"3,19";"0";"3";"32";"0";"2"
"07.11.2015 08:30:00";"1";"0";"15";"0,7";"2097152";"63963";"3,05";"0";"3";"32";"0";"2"
"07.11.2015 08:35:00";"1";"0";"20";"0,89";"2097152";"196923";"9,39";"0";"3";"32";"0";"2"
"07.11.2015 08:40:00";"1";"0";"17";"0,77";"2097152";"117231";"5,59";"0";"3";"32";"0";"2"
"07.11.2015 08:45:00";"1";"0";"15";"0,7";"2097152";"110100";"5,25";"0";"3";"32";"0";"2"
"07.11.2015 08:50:00";"1";"0";"18";"0,83";"2097152";"80740";"3,85";"0";"3";"32";"0";"2"
"07.11.2015 08:55:00";"1";"0";"17";"0,79";"2097152";"61237";"2,92";"0";"3";"32";"0";"2"
"07.11.2015 09:00:00";"1";"0";"16";"0,71";"2097152";"94791";"4,52";"0";"3";"32";"0";"2"
"07.11.2015 09:05:00";"1";"0";"19";"0,87";"2097152";"82208";"3,92";"0";"4";"32";"0";"2"
"07.11.2015 09:10:00";"1";"0";"17";"0,77";"2097152";"58511";"2,79";"0";"3";"32";"0";"2"
"07.11.2015 09:15:00";"1";"0";"15";"0,69";"2097152";"75288";"3,59";"0";"3";"32";"0";"2"
"07.11.2015 09:20:00";"1";"0";"18";"0,83";"2097152";"103180";"4,92";"0";"3";"32";"0";"2"
"07.11.2015 09:25:00";"1";"0";"17";"0,78";"2097152";"79482";"3,79";"0";"3";"32";"0";"2"
"07.11.2015 09:30:00";"1";"0";"15";"0,72";"2097152";"72352";"3,45";"0";"3";"32";"0";"2"
"07.11.2015 09:35:00";"1";"0";"18";"0,83";"2097152";"79482";"3,79";"0";"3";"32";"0";"2"
"07.11.2015 09:40:00";"1";"0";"17";"0,79";"2097152";"94791";"4,52";"0";"3";"32";"0";"2"
"07.11.2015 09:45:00";"1";"0";"15";"0,69";"2097152";"105906";"5,05";"0";"3";"32";"0";"2"
"07.11.2015 09:50:00";"1";"0";"18";"0,82";"2097152";"100454";"4,79";"0";"3";"32";"0";"2"
"07.11.2015 09:55:00";"1";"0";"17";"0,79";"2097152";"94791";"4,52";"0";"3";"32";"0";"2"
"07.11.2015 10:00:00";"1";"0";"15";"0,7";"2097152";"80740";"3,85";"0";"3";"32";"0";"2"
"07.11.2015 10:05:00";"1";"0";"19";"0,87";"2097152";"72352";"3,45";"0";"3";"32";"0";"2"
"07.11.2015 10:10:00";"1";"0";"17";"0,77";"2097152";"90597";"4,32";"0";"3";"32";"0";"2"
"07.11.2015 10:15:00";"1";"0";"15";"0,69";"2097152";"90597";"4,32";"0";"3";"32";"0";"2"
"07.11.2015 10:20:00";"1";"0";"18";"0,83";"2097152";"47186";"2,25";"0";"3";"32";"0";"2"
"07.11.2015 10:25:00";"1";"0";"17";"0,77";"2097152";"68157";"3,25";"0";"3";"32";"0";"2"
"07.11.2015 10:30:00";"1";"0";"15";"0,69";"2097152";"69625";"3,32";"0";"3";"32";"0";"2"
"07.11.2015 10:35:00";"1";"0";"18";"0,84";"2097152";"72352";"3,45";"0";"3";"32";"0";"2"
"07.11.2015 10:40:00";"1";"0";"17";"0,77";"2097152";"63963";"3,05";"0";"3";"32";"0";"2"
"07.11.2015 10:45:00";"1";"0";"16";"0,72";"2097152";"51380";"2,45";"0";"3";"32";"0";"2"
"07.11.2015 10:50:00";"1";"0";"18";"0,84";"2097152";"63963";"3,05";"0";"3";"32";"0";"2"
"07.11.2015 10:55:00";"1";"0";"17";"0,78";"2097152";"65431";"3,12";"0";"3";"32";"0";"2"
"07.11.2015 11:00:00";"1";"0";"15";"0,69";"2097152";"79482";"3,79";"0";"3";"32";"0";"2"
"07.11.2015 11:05:00";"1";"0";"18";"0,83";"2097152";"101712";"4,85";"0";"3";"32";"0";"2"
"07.11.2015 11:10:00";"1";"0";"17";"0,78";"2097152";"89129";"4,25";"0";"3";"32";"0";"2"
"07.11.2015 11:15:00";"1";"0";"15";"0,69";"2097152";"66899";"3,19";"0";"3";"32";"0";"2"
"07.11.2015 11:20:00";"1";"0";"19";"0,85";"2097152";"79482";"3,79";"0";"3";"32";"0";"2"
"07.11.2015 11:25:00";"1";"0";"17";"0,79";"2097152";"69625";"3,32";"0";"3";"32";"0";"2"
"07.11.2015 11:30:00";"1";"0";"15";"0,69";"2097152";"83676";"3,99";"0";"3";"32";"0";"2"
"07.11.2015 11:35:00";"1";"0";"18";"0,85";"2097152";"105906";"5,05";"0";"3";"32";"0";"2"
"07.11.2015 11:40:00";"1";"0";"17";"0,77";"2097152";"94791";"4,52";"0";"3";"32";"0";"2"
"07.11.2015 11:45:00";"1";"0";"15";"0,71";"2097152";"83676";"3,99";"0";"3";"32";"0";"2"
"07.11.2015 11:50:00";"1";"0";"18";"0,84";"2097152";"97518";"4,65";"0";"3";"32";"0";"2"
"07.11.2015 11:55:00";"1";"0";"17";"0,77";"2097152";"92065";"4,39";"0";"3";"32";"0";"2"
"07.11.2015 12:00:00";"1";"0";"15";"0,69";"2097152";"80740";"3,85";"0";"3";"32";"0";"2"
"07.11.2015 12:05:00";"1";"0";"18";"0,83";"2097152";"80740";"3,85";"0";"3";"32";"0";"2"
"07.11.2015 12:10:00";"1";"0";"17";"0,78";"2097152";"80740";"3,85";"0";"3";"32";"0";"2"
"07.11.2015 12:15:00";"1";"0";"16";"0,71";"2097152";"75288";"3,59";"0";"3";"32";"0";"2"
"07.11.2015 12:20:00";"1";"0";"18";"0,85";"2097152";"84935";"4,05";"0";"3";"32";"0";"2"
"07.11.2015 12:25:00";"1";"0";"17";"0,77";"2097152";"65431";"3,12";"0";"3";"32";"0";"2"
"07.11.2015 12:30:00";"1";"0";"15";"0,7";"2097152";"59769";"2,85";"0";"3";"32";"0";"2"
"07.11.2015 12:35:00";"1";"0";"18";"0,83";"2097152";"51380";"2,45";"0";"3";"32";"0";"2"
"07.11.2015 12:40:00";"1";"0";"17";"0,78";"2097152";"84935";"4,05";"0";"3";"32";"0";"2"
"07.11.2015 12:45:00";"1";"0";"15";"0,7";"2097152";"72352";"3,45";"0";"3";"32";"0";"2"
"07.11.2015 12:50:00";"1";"0";"18";"0,83";"2097152";"66899";"3,19";"0";"3";"32";"0";"2"
"07.11.2015 12:55:00";"1";"0";"17";"0,78";"2097152";"82208";"3,92";"0";"3";"32";"0";"2"
"07.11.2015 13:00:00";"1";"0";"15";"0,69";"2097152";"57043";"2,72";"0";"3";"32";"0";"2"
"07.11.2015 13:05:00";"1";"0";"19";"0,86";"2097152";"73820";"3,52";"0";"3";"32";"0";"2"
"07.11.2015 13:10:00";"1";"0";"17";"0,77";"2097152";"73820";"3,52";"0";"3";"32";"0";"2"
"07.11.2015 13:15:00";"1";"0";"15";"0,69";"2097152";"78014";"3,72";"0";"3";"32";"0";"2"
"07.11.2015 13:20:00";"1";"0";"18";"0,83";"2097152";"87871";"4,19";"0";"3";"32";"0";"2"
"07.11.2015 13:25:00";"1";"0";"17";"0,78";"2097152";"79482";"3,79";"0";"3";"32";"0";"2"
"07.11.2015 13:30:00";"1";"0";"15";"0,71";"2097152";"75288";"3,59";"0";"3";"32";"0";"2"
"07.11.2015 13:35:00";"1";"0";"18";"0,83";"2097152";"69625";"3,32";"0";"3";"32";"0";"2"
"07.11.2015 13:40:00";"1";"0";"17";"0,77";"2097152";"76546";"3,65";"0";"3";"32";"0";"2"
"07.11.2015 13:45:00";"1";"0";"15";"0,69";"2097152";"125619";"5,99";"0";"3";"32";"0";"2"
"07.11.2015 13:50:00";"1";"0";"18";"0,84";"2097152";"110100";"5,25";"0";"3";"32";"0";"2"
"07.11.2015 13:55:00";"1";"0";"17";"0,78";"2097152";"83676";"3,99";"0";"3";"32";"0";"2"
"07.11.2015 14:00:00";"1";"0";"15";"0,68";"2097152";"73820";"3,52";"0";"3";"32";"0";"2"
"07.11.2015 14:05:00";"1";"0";"18";"0,83";"2097152";"68157";"3,25";"0";"3";"32";"0";"2"
"07.11.2015 14:10:00";"1";"0";"17";"0,77";"2097152";"62705";"2,99";"0";"3";"32";"0";"2"
"07.11.2015 14:15:00";"1";"0";"15";"0,7";"2097152";"111568";"5,32";"0";"3";"32";"0";"2"
"07.11.2015 14:20:00";"1";"0";"19";"0,86";"2097152";"61237";"2,92";"0";"3";"32";"0";"2"
"07.11.2015 14:25:00";"1";"0";"18";"0,8";"2097152";"87871";"4,19";"0";"3";"32";"0";"2"
"07.11.2015 14:30:00";"1";"0";"15";"0,68";"2097152";"76546";"3,65";"0";"3";"32";"0";"2"
"07.11.2015 14:35:00";"1";"0";"18";"0,83";"2097152";"94791";"4,52";"0";"3";"32";"0";"2"
"07.11.2015 14:40:00";"1";"0";"17";"0,76";"2097152";"92065";"4,39";"0";"3";"32";"0";"2"
"07.11.2015 14:45:00";"1";"0";"15";"0,69";"2097152";"75288";"3,59";"0";"3";"32";"0";"2"
"07.11.2015 14:50:00";"1";"0";"18";"0,83";"2097152";"83676";"3,99";"0";"3";"32";"0";"2"
"07.11.2015 14:55:00";"1";"0";"17";"0,78";"2097152";"66899";"3,19";"0";"3";"32";"0";"2"
"07.11.2015 15:00:00";"1";"0";"15";"0,69";"2097152";"94791";"4,52";"0";"3";"32";"0";"2"
"07.11.2015 15:05:00";"1";"0";"19";"0,85";"2097152";"83676";"3,99";"0";"3";"32";"0";"2"
"07.11.2015 15:10:00";"1";"0";"17";"0,77";"2097152";"104648";"4,99";"0";"3";"32";"0";"2"
"07.11.2015 15:15:00";"1";"0";"16";"0,72";"2097152";"79482";"3,79";"0";"3";"32";"0";"2"
"07.11.2015 15:20:00";"1";"0";"19";"0,86";"2097152";"110100";"5,25";"0";"3";"32";"0";"2"
"07.11.2015 15:25:00";"1";"0";"17";"0,81";"2097152";"62705";"2,99";"0";"3";"32";"0";"2"
"07.11.2015 15:30:00";"1";"0";"15";"0,68";"2097152";"87871";"4,19";"0";"3";"32";"0";"2"
"07.11.2015 15:35:00";"1";"0";"18";"0,84";"2097152";"104648";"4,99";"0";"3";"32";"0";"2"
"07.11.2015 15:40:00";"1";"0";"17";"0,77";"2097152";"75288";"3,59";"0";"3";"32";"0";"2"
"07.11.2015 15:45:00";"1";"0";"15";"0,69";"2097152";"69625";"3,32";"0";"3";"32";"0";"2"
"07.11.2015 15:50:00";"1";"0";"18";"0,84";"2097152";"58511";"2,79";"0";"3";"32";"0";"2"
"07.11.2015 15:55:00";"1";"0";"17";"0,78";"2097152";"66899";"3,19";"0";"3";"32";"0";"2"
"07.11.2015 16:00:00";"1";"0";"15";"0,71";"2097152";"71093";"3,39";"0";"3";"32";"0";"2"
"07.11.2015 16:05:00";"1";"0";"19";"0,85";"2097152";"66899";"3,19";"0";"3";"32";"0";"2"
"07.11.2015 16:10:00";"1";"0";"17";"0,77";"2097152";"72352";"3,45";"0";"3";"32";"0";"2"
"07.11.2015 16:15:00";"1";"0";"15";"0,69";"2097152";"83676";"3,99";"0";"3";"32";"0";"2"
"07.11.2015 16:20:00";"1";"0";"18";"0,83";"2097152";"113036";"5,39";"0";"3";"32";"0";"2"
"07.11.2015 16:25:00";"1";"0";"17";"0,78";"2097152";"87871";"4,19";"0";"3";"32";"0";"2"
"07.11.2015 16:30:00";"1";"0";"15";"0,69";"2097152";"113036";"5,39";"0";"3";"32";"0";"2"
"07.11.2015 16:35:00";"1";"0";"18";"0,83";"2097152";"75288";"3,59";"0";"3";"32";"0";"2"
"07.11.2015 16:40:00";"1";"0";"17";"0,77";"2097152";"83676";"3,99";"0";"3";"32";"0";"2"
"07.11.2015 16:45:00";"1";"0";"15";"0,69";"2097152";"83676";"3,99";"0";"3";"32";"0";"2"
"07.11.2015 16:50:00";"1";"0";"19";"0,85";"2097152";"87871";"4,19";"0";"3";"32";"0";"2"
"07.11.2015 16:55:00";"1";"0";"17";"0,78";"2097152";"90597";"4,32";"0";"3";"32";"0";"2"
"07.11.2015 17:00:00";"1";"0";"15";"0,68";"2097152";"89129";"4,25";"0";"3";"32";"0";"2"
"07.11.2015 17:05:00";"1";"0";"18";"0,84";"2097152";"71093";"3,39";"0";"3";"32";"0";"2"
"07.11.2015 17:10:00";"1";"0";"17";"0,78";"2097152";"50122";"2,39";"0";"3";"32";"0";"2"
"07.11.2015 17:15:00";"1";"0";"15";"0,7";"2097152";"83676";"3,99";"0";"3";"32";"0";"2"
"07.11.2015 17:20:00";"1";"0";"18";"0,83";"2097152";"76546";"3,65";"0";"3";"32";"0";"2"
"07.11.2015 17:25:00";"1";"0";"17";"0,77";"2097152";"80740";"3,85";"0";"3";"32";"0";"2"
"07.11.2015 17:30:00";"1";"0";"15";"0,71";"2097152";"83676";"3,99";"0";"3";"32";"0";"2"
"07.11.2015 17:35:00";"1";"0";"19";"0,86";"2097152";"115763";"5,52";"0";"3";"32";"0";"2"
"07.11.2015 17:40:00";"1";"0";"16";"0,76";"2097152";"104648";"4,99";"0";"3";"32";"0";"2"
"07.11.2015 17:45:00";"1";"0";"15";"0,7";"2097152";"92065";"4,39";"0";"3";"32";"0";"2"
"07.11.2015 17:50:00";"1";"0";"18";"0,82";"2097152";"58511";"2,79";"0";"3";"32";"0";"2"
"07.11.2015 17:55:00";"1";"0";"17";"0,78";"2097152";"71093";"3,39";"0";"3";"32";"0";"2"
"07.11.2015 18:00:00";"1";"0";"15";"0,7";"2097152";"79482";"3,79";"0";"3";"32";"0";"2"
"07.11.2015 18:05:00";"1";"0";"19";"0,86";"2097152";"92065";"4,39";"0";"3";"32";"0";"2"
"07.11.2015 18:10:00";"1";"0";"17";"0,78";"2097152";"82208";"3,92";"0";"3";"32";"0";"2"
"07.11.2015 18:15:00";"1";"0";"15";"0,68";"2097152";"100454";"4,79";"0";"3";"32";"0";"2"
"07.11.2015 18:20:00";"1";"0";"18";"0,82";"2097152";"92065";"4,39";"0";"3";"32";"0";"2"
"07.11.2015 18:25:00";"1";"0";"17";"0,78";"2097152";"71093";"3,39";"0";"3";"32";"0";"2"
"07.11.2015 18:30:00";"1";"0";"15";"0,68";"2097152";"66899";"3,19";"0";"3";"32";"0";"2"
"07.11.2015 18:35:00";"1";"0";"18";"0,83";"2097152";"54316";"2,59";"0";"3";"32";"0";"2"
"07.11.2015 18:40:00";"1";"0";"17";"0,76";"2097152";"71093";"3,39";"0";"3";"32";"0";"2"
"07.11.2015 18:45:00";"1";"0";"16";"0,72";"2097152";"83676";"3,99";"0";"3";"32";"0";"2"
"07.11.2015 18:50:00";"1";"0";"18";"0,84";"2097152";"108842";"5,19";"0";"3";"32";"0";"2"
"07.11.2015 18:55:00";"1";"0";"17";"0,78";"2097152";"104648";"4,99";"0";"3";"32";"0";"2"
"07.11.2015 19:00:00";"1";"0";"15";"0,71";"2097152";"83676";"3,99";"0";"3";"32";"0";"2"
"07.11.2015 19:05:00";"1";"0";"18";"0,84";"2097152";"86403";"4,12";"0";"3";"32";"0";"2"
"07.11.2015 19:10:00";"1";"0";"17";"0,77";"2097152";"87871";"4,19";"0";"3";"32";"0";"2"
"07.11.2015 19:15:00";"1";"0";"15";"0,69";"2097152";"96259";"4,59";"0";"3";"32";"0";"2"
"07.11.2015 19:20:00";"1";"0";"18";"0,83";"2097152";"121425";"5,79";"0";"3";"32";"0";"2"
"07.11.2015 19:25:00";"1";"0";"17";"0,77";"2097152";"75288";"3,59";"0";"3";"32";"0";"2"
"07.11.2015 19:30:00";"1";"0";"15";"0,69";"2097152";"108842";"5,19";"0";"3";"32";"0";"2"
"07.11.2015 19:35:00";"1";"0";"19";"0,85";"2097152";"92065";"4,39";"0";"3";"32";"0";"2"
"07.11.2015 19:40:00";"1";"0";"17";"0,79";"2097152";"96259";"4,59";"0";"3";"32";"0";"2"
"07.11.2015 19:45:00";"1";"0";"15";"0,7";"2097152";"96259";"4,59";"0";"3";"32";"0";"2"
"07.11.2015 19:50:00";"1";"0";"19";"0,85";"2097152";"58511";"2,79";"0";"3";"32";"0";"2"
"07.11.2015 19:55:00";"1";"0";"17";"0,77";"2097152";"83676";"3,99";"0";"3";"32";"0";"2"
"07.11.2015 20:00:00";"1";"0";"15";"0,68";"2097152";"62705";"2,99";"0";"3";"32";"0";"2"
"07.11.2015 20:05:00";"1";"0";"18";"0,84";"2097152";"108842";"5,19";"0";"4";"32";"0";"2"
"07.11.2015 20:10:00";"1";"0";"17";"0,77";"2097152";"83676";"3,99";"0";"3";"32";"0";"2"
"07.11.2015 20:15:00";"1";"0";"15";"0,69";"2097152";"100454";"4,79";"0";"4";"32";"0";"2"
"07.11.2015 20:20:00";"1";"0";"18";"0,83";"2097152";"108842";"5,19";"0";"3";"32";"0";"2"
"07.11.2015 20:25:00";"1";"0";"17";"0,76";"2097152";"108842";"5,19";"0";"3";"32";"0";"2"
"07.11.2015 20:30:00";"1";"0";"15";"0,68";"2097152";"66899";"3,19";"0";"3";"32";"0";"2"
"07.11.2015 20:35:00";"1";"0";"18";"0,83";"2097152";"54316";"2,59";"0";"3";"32";"0";"2"
"07.11.2015 20:40:00";"1";"0";"18";"0,82";"2097152";"217894";"10,39";"0";"3";"32";"0";"2"
"07.11.2015 20:45:00";"1";"0";"15";"0,69";"2097152";"129814";"6,19";"0";"3";"32";"0";"2"
"07.11.2015 20:50:00";"1";"0";"18";"0,83";"2097152";"104648";"4,99";"0";"3";"32";"0";"2"
"07.11.2015 20:55:00";"1";"0";"17";"0,77";"2097152";"92065";"4,39";"0";"3";"32";"0";"2"
"07.11.2015 21:00:00";"1";"0";"15";"0,69";"2097152";"73820";"3,52";"0";"3";"32";"0";"2"
"07.11.2015 21:05:00";"1";"0";"18";"0,83";"2097152";"87871";"4,19";"0";"3";"32";"0";"2"
"07.11.2015 21:10:00";"1";"0";"17";"0,76";"2097152";"86403";"4,12";"0";"3";"32";"0";"2"
"07.11.2015 21:15:00";"1";"0";"15";"0,7";"2097152";"96259";"4,59";"0";"3";"32";"0";"2"
"07.11.2015 21:20:00";"1";"0";"18";"0,83";"2097152";"80740";"3,85";"0";"3";"32";"0";"2"
"07.11.2015 21:25:00";"1";"0";"17";"0,78";"2097152";"79482";"3,79";"0";"3";"32";"0";"2"
"07.11.2015 21:30:00";"1";"0";"15";"0,68";"2097152";"55575";"2,65";"0";"3";"32";"0";"2"
"07.11.2015 21:35:00";"1";"0";"19";"0,85";"2097152";"87871";"4,19";"0";"3";"32";"0";"2"
"07.11.2015 21:40:00";"1";"0";"17";"0,78";"2097152";"92065";"4,39";"0";"3";"32";"0";"2"
"07.11.2015 21:45:00";"1";"0";"15";"0,7";"2097152";"68157";"3,25";"0";"3";"32";"0";"2"
"07.11.2015 21:50:00";"1";"0";"18";"0,83";"2097152";"87871";"4,19";"0";"3";"32";"0";"2"
"07.11.2015 21:55:00";"1";"0";"17";"0,79";"2097152";"98986";"4,72";"0";"3";"32";"0";"2"
"07.11.2015 22:00:00";"1";"0";"16";"0,71";"2097152";"87871";"4,19";"0";"3";"32";"0";"2"
"07.11.2015 22:05:00";"1";"0";"18";"0,85";"2097152";"54316";"2,59";"0";"3";"32";"0";"2"
"07.11.2015 22:10:00";"1";"0";"17";"0,78";"2097152";"92065";"4,39";"0";"3";"32";"0";"2"
"07.11.2015 22:15:00";"1";"0";"15";"0,69";"2097152";"87871";"4,19";"0";"3";"32";"0";"2"
"07.11.2015 22:20:00";"1";"0";"18";"0,84";"2097152";"82208";"3,92";"0";"3";"32";"0";"2"
"07.11.2015 22:25:00";"1";"0";"17";"0,8";"2097152";"71093";"3,39";"0";"3";"32";"0";"2"
"07.11.2015 22:30:00";"1";"0";"15";"0,71";"2097152";"75288";"3,59";"0";"3";"32";"0";"2"
"07.11.2015 22:35:00";"1";"0";"18";"0,83";"2097152";"79482";"3,79";"0";"3";"32";"0";"2"
"07.11.2015 22:40:00";"1";"0";"17";"0,77";"2097152";"80740";"3,85";"0";"3";"32";"0";"2"
"07.11.2015 22:45:00";"1";"0";"16";"0,71";"2097152";"92065";"4,39";"0";"3";"32";"0";"2"
"07.11.2015 22:50:00";"1";"0";"18";"0,84";"2097152";"73820";"3,52";"0";"3";"32";"0";"2"
"07.11.2015 22:55:00";"1";"0";"17";"0,78";"2097152";"59769";"2,85";"0";"3";"32";"0";"2"
"07.11.2015 23:00:00";"1";"0";"15";"0,68";"2097152";"75288";"3,59";"0";"3";"32";"0";"2"
"07.11.2015 23:05:00";"1";"0";"18";"0,84";"2097152";"80740";"3,85";"0";"3";"32";"0";"2"
"07.11.2015 23:10:00";"1";"0";"17";"0,78";"2097152";"90597";"4,32";"0";"3";"32";"0";"2"
"07.11.2015 23:15:00";"1";"0";"15";"0,68";"2097152";"87871";"4,19";"0";"3";"32";"0";"2"
"07.11.2015 23:20:00";"1";"0";"18";"0,83";"2097152";"113036";"5,39";"0";"3";"32";"0";"2"
"07.11.2015 23:25:00";"1";"0";"17";"0,79";"2097152";"75288";"3,59";"0";"3";"32";"0";"2"
"07.11.2015 23:30:00";"1";"0";"15";"0,69";"2097152";"68157";"3,25";"0";"3";"32";"0";"2"
"07.11.2015 23:35:00";"1";"0";"18";"0,84";"2097152";"114295";"5,45";"0";"3";"32";"0";"2"
"07.11.2015 23:40:00";"1";"0";"17";"0,78";"2097152";"76546";"3,65";"0";"3";"32";"0";"2"
"07.11.2015 23:45:00";"1";"0";"16";"0,72";"2097152";"54316";"2,59";"0";"3";"32";"0";"2"
"07.11.2015 23:50:00";"1";"0";"18";"0,83";"2097152";"97518";"4,65";"0";"3";"32";"0";"2"
"07.11.2015 23:55:00";"1";"0";"17";"0,79";"2097152";"98986";"4,72";"0";"3";"32";"0";"2"
"08.11.2015 00:00:00";"1";"0";"15";"0,69";"2097152";"84935";"4,05";"0";"4";"32";"0";"2"
"08.11.2015 00:05:00";"1";"0";"19";"0,85";"2097152";"90597";"4,32";"0";"4";"32";"0";"2"
"08.11.2015 00:10:00";"1";"0";"17";"0,77";"2097152";"66899";"3,19";"0";"3";"32";"0";"2"
"08.11.2015 00:15:00";"1";"0";"15";"0,69";"2097152";"86403";"4,12";"0";"3";"32";"0";"2"
"08.11.2015 00:20:00";"1";"0";"18";"0,83";"2097152";"110100";"5,25";"0";"3";"32";"0";"2"
"08.11.2015 00:25:00";"1";"0";"17";"0,77";"2097152";"86403";"4,12";"0";"3";"32";"0";"2"
"08.11.2015 00:30:00";"1";"0";"15";"0,68";"2097152";"63963";"3,05";"0";"3";"32";"0";"2"
"08.11.2015 00:35:00";"1";"0";"18";"0,82";"2097152";"97518";"4,65";"0";"3";"32";"0";"2"
"08.11.2015 00:40:00";"1";"0";"16";"0,75";"2097152";"100454";"4,79";"0";"3";"32";"0";"2"
"08.11.2015 00:45:00";"1";"0";"15";"0,68";"2097152";"87871";"4,19";"0";"3";"32";"0";"2"
"08.11.2015 00:50:00";"1";"0";"18";"0,83";"2097152";"104648";"4,99";"0";"3";"32";"0";"2"
"08.11.2015 00:55:00";"1";"0";"17";"0,77";"2097152";"86403";"4,12";"0";"3";"32";"0";"2"
"08.11.2015 01:00:00";"1";"0";"14";"0,66";"2097152";"94791";"4,52";"0";"3";"32";"0";"2"
"08.11.2015 01:05:00";"1";"0";"18";"0,81";"2097152";"100454";"4,79";"0";"4";"32";"0";"2"
"08.11.2015 01:10:00";"1";"0";"16";"0,73";"2097152";"82208";"3,92";"0";"3";"32";"0";"2"
"08.11.2015 01:15:00";"1";"0";"14";"0,65";"2097152";"90597";"4,32";"0";"3";"32";"0";"2"
"08.11.2015 01:20:00";"1";"0";"17";"0,8";"2097152";"54316";"2,59";"0";"3";"32";"0";"2"
"08.11.2015 01:25:00";"1";"0";"16";"0,75";"2097152";"96259";"4,59";"0";"3";"32";"0";"2"
"08.11.2015 01:30:00";"1";"0";"14";"0,66";"2097152";"126878";"6,05";"0";"3";"32";"0";"2"
"08.11.2015 01:35:00";"1";"0";"17";"0,8";"2097152";"89129";"4,25";"0";"3";"32";"0";"2"
"08.11.2015 01:40:00";"1";"0";"16";"0,74";"2097152";"80740";"3,85";"0";"3";"32";"0";"2"
"08.11.2015 01:45:00";"1";"0";"14";"0,66";"2097152";"86403";"4,12";"0";"3";"32";"0";"2"
"08.11.2015 01:50:00";"1";"0";"17";"0,8";"2097152";"115763";"5,52";"0";"3";"32";"0";"2"
"08.11.2015 01:55:00";"1";"0";"16";"0,74";"2097152";"75288";"3,59";"0";"3";"32";"0";"2"
"08.11.2015 02:00:00";"1";"0";"14";"0,65";"2097152";"82208";"3,92";"0";"3";"32";"0";"2"
"08.11.2015 02:05:00";"1";"0";"18";"0,81";"2097152";"86403";"4,12";"0";"4";"32";"0";"2"
"08.11.2015 02:10:00";"1";"0";"16";"0,74";"2097152";"86403";"4,12";"0";"3";"32";"0";"2"
"08.11.2015 02:15:00";"1";"0";"15";"0,68";"2097152";"122683";"5,85";"0";"3";"32";"0";"2"
"08.11.2015 02:20:00";"1";"0";"17";"0,79";"2097152";"92065";"4,39";"0";"3";"32";"0";"2"
"08.11.2015 02:25:00";"1";"0";"16";"0,74";"2097152";"78014";"3,72";"0";"3";"32";"0";"2"
"08.11.2015 02:30:00";"1";"0";"15";"0,68";"2097152";"76546";"3,65";"0";"3";"32";"0";"2"
"08.11.2015 02:35:00";"1";"0";"18";"0,83";"2097152";"63963";"3,05";"0";"3";"32";"0";"2"
"08.11.2015 02:40:00";"1";"0";"16";"0,73";"2097152";"55575";"2,65";"0";"3";"32";"0";"2"
"08.11.2015 02:45:00";"1";"0";"14";"0,65";"2097152";"68157";"3,25";"0";"3";"32";"0";"2"
"08.11.2015 02:50:00";"1";"0";"17";"0,79";"2097152";"73820";"3,52";"0";"3";"32";"0";"2"
"08.11.2015 02:55:00";"1";"0";"16";"0,74";"2097152";"76546";"3,65";"0";"3";"32";"0";"2"
"08.11.2015 03:00:00";"1";"0";"14";"0,65";"2097152";"96259";"4,59";"0";"3";"32";"0";"2"
"08.11.2015 03:05:00";"1";"0";"18";"0,82";"2097152";"65431";"3,12";"0";"4";"32";"0";"2"
"08.11.2015 03:10:00";"1";"0";"16";"0,73";"2097152";"94791";"4,52";"0";"3";"32";"0";"2"
"08.11.2015 03:15:00";"1";"0";"17";"0,8";"2097152";"71093";"3,39";"3";"15";"32";"0";"2"
"08.11.2015 03:20:00";"1";"0";"17";"0,79";"2097152";"90597";"4,32";"0";"3";"32";"0";"2"
"08.11.2015 03:25:00";"1";"0";"16";"0,73";"2097152";"105906";"5,05";"0";"3";"32";"0";"2"
"08.11.2015 03:30:00";"1";"0";"14";"0,66";"2097152";"82208";"3,92";"0";"3";"32";"0";"2"
"08.11.2015 03:35:00";"1";"0";"17";"0,79";"2097152";"89129";"4,25";"0";"3";"32";"0";"2"
"08.11.2015 03:40:00";"1";"0";"16";"0,73";"2097152";"82208";"3,92";"0";"3";"32";"0";"2"
"08.11.2015 03:45:00";"1";"0";"14";"0,66";"2097152";"87871";"4,19";"0";"3";"32";"0";"2"
"08.11.2015 03:50:00";"1";"0";"18";"0,8";"2097152";"66899";"3,19";"0";"3";"32";"0";"2"
"08.11.2015 03:55:00";"1";"0";"17";"0,76";"2097152";"83676";"3,99";"0";"3";"32";"0";"2"
"08.11.2015 04:00:00";"1";"0";"14";"0,66";"2097152";"104648";"4,99";"0";"3";"32";"0";"2"
"08.11.2015 04:05:00";"1";"0";"17";"0,81";"2097152";"73820";"3,52";"0";"4";"32";"0";"2"
"08.11.2015 04:10:00";"1";"0";"16";"0,72";"2097152";"63963";"3,05";"0";"3";"32";"0";"2"
"08.11.2015 04:15:00";"1";"0";"14";"0,66";"2097152";"96259";"4,59";"0";"3";"32";"0";"2"
"08.11.2015 04:20:00";"1";"0";"17";"0,79";"2097152";"115763";"5,52";"0";"3";"32";"0";"2"
"08.11.2015 04:25:00";"1";"0";"17";"0,78";"2097152";"80740";"3,85";"0";"5";"32";"0";"2"
"08.11.2015 04:30:00";"1";"0";"14";"0,65";"2097152";"75288";"3,59";"0";"3";"32";"0";"2"
"08.11.2015 04:35:00";"1";"0";"18";"0,8";"2097152";"83676";"3,99";"0";"3";"32";"0";"2"
"08.11.2015 04:40:00";"1";"0";"16";"0,74";"2097152";"90597";"4,32";"0";"3";"32";"0";"2"
"08.11.2015 04:45:00";"1";"0";"14";"0,66";"2097152";"84935";"4,05";"0";"3";"32";"0";"2"
"08.11.2015 04:50:00";"1";"0";"18";"0,81";"2097152";"62705";"2,99";"0";"3";"32";"0";"2"
"08.11.2015 04:55:00";"1";"0";"16";"0,75";"2097152";"66899";"3,19";"0";"3";"32";"0";"2"
"08.11.2015 05:00:00";"1";"0";"15";"0,67";"2097152";"52848";"2,52";"0";"3";"32";"0";"2"
"08.11.2015 05:05:00";"1";"0";"17";"0,8";"2097152";"110100";"5,25";"0";"4";"32";"0";"2"
"08.11.2015 05:10:00";"1";"0";"16";"0,74";"2097152";"83676";"3,99";"0";"3";"32";"0";"2"
"08.11.2015 05:15:00";"1";"0";"14";"0,66";"2097152";"90597";"4,32";"0";"3";"32";"0";"2"
"08.11.2015 05:20:00";"1";"0";"18";"0,8";"2097152";"114295";"5,45";"0";"3";"32";"0";"2"
"08.11.2015 05:25:00";"1";"0";"16";"0,74";"2097152";"121425";"5,79";"0";"3";"32";"0";"2"
"08.11.2015 05:30:00";"1";"0";"14";"0,65";"2097152";"92065";"4,39";"0";"3";"32";"0";"2"
"08.11.2015 05:35:00";"1";"0";"17";"0,8";"2097152";"59769";"2,85";"0";"3";"32";"0";"2"
"08.11.2015 05:40:00";"1";"0";"16";"0,72";"2097152";"100454";"4,79";"0";"3";"32";"0";"2"
"08.11.2015 05:45:00";"1";"0";"14";"0,66";"2097152";"55575";"2,65";"0";"3";"32";"0";"2"
"08.11.2015 05:50:00";"1";"0";"17";"0,8";"2097152";"83676";"3,99";"0";"3";"32";"0";"2"
"08.11.2015 05:55:00";"1";"0";"16";"0,74";"2097152";"98986";"4,72";"0";"3";"32";"0";"2"
"08.11.2015 06:00:00";"1";"0";"14";"0,66";"2097152";"104648";"4,99";"0";"3";"32";"0";"2"
"08.11.2015 06:05:00";"1";"0";"16";"0,75";"2097152";"90597";"4,32";"0";"4";"32";"0";"2"
"08.11.2015 06:10:00";"1";"0";"17";"0,78";"2097152";"96259";"4,59";"0";"3";"32";"0";"2"
"08.11.2015 06:15:00";"1";"0";"15";"0,67";"2097152";"78014";"3,72";"0";"3";"32";"0";"2"
"08.11.2015 06:20:00";"1";"0";"16";"0,75";"2097152";"87871";"4,19";"0";"3";"32";"0";"2"
"08.11.2015 06:25:00";"1";"0";"17";"0,79";"2097152";"59769";"2,85";"0";"3";"32";"0";"2"
"08.11.2015 06:30:00";"1";"0";"14";"0,65";"2097152";"111568";"5,32";"0";"3";"32";"0";"2"
"08.11.2015 06:35:00";"1";"0";"16";"0,76";"2097152";"92065";"4,39";"0";"3";"32";"0";"2"
"08.11.2015 06:40:00";"1";"0";"17";"0,8";"2097152";"71093";"3,39";"0";"3";"32";"0";"2"
"08.11.2015 06:45:00";"1";"0";"14";"0,65";"2097152";"54316";"2,59";"0";"3";"32";"0";"2"
"08.11.2015 06:50:00";"1";"0";"16";"0,74";"2097152";"125619";"5,99";"0";"3";"32";"0";"2"
"08.11.2015 06:55:00";"1";"0";"17";"0,8";"2097152";"73820";"3,52";"0";"3";"32";"0";"2"
"08.11.2015 07:00:00";"1";"0";"15";"0,67";"2097152";"87871";"4,19";"0";"3";"32";"0";"2"
"08.11.2015 07:05:00";"1";"0";"16";"0,75";"2097152";"94791";"4,52";"0";"3";"32";"0";"2"
"08.11.2015 07:10:00";"1";"0";"17";"0,79";"2097152";"96259";"4,59";"0";"3";"32";"0";"2"
"08.11.2015 07:15:00";"1";"0";"14";"0,67";"2097152";"146591";"6,99";"0";"3";"32";"0";"2"
"08.11.2015 07:20:00";"1";"0";"16";"0,74";"2097152";"62705";"2,99";"0";"3";"32";"0";"2"
"08.11.2015 07:25:00";"1";"0";"17";"0,78";"2097152";"63963";"3,05";"0";"3";"32";"0";"2"
"08.11.2015 07:30:00";"1";"0";"14";"0,66";"2097152";"87871";"4,19";"0";"3";"32";"0";"2"
"08.11.2015 07:35:00";"1";"0";"16";"0,75";"2097152";"61237";"2,92";"0";"4";"32";"0";"2"
"08.11.2015 07:40:00";"1";"0";"18";"0,8";"2097152";"52848";"2,52";"0";"3";"32";"0";"2"
"08.11.2015 07:45:00";"1";"0";"15";"0,68";"2097152";"78014";"3,72";"0";"4";"32";"0";"2"
"08.11.2015 07:50:00";"1";"0";"17";"0,76";"2097152";"92065";"4,39";"0";"3";"32";"0";"2"
"08.11.2015 07:55:00";"1";"0";"17";"0,79";"2097152";"84935";"4,05";"0";"4";"32";"0";"2"
"08.11.2015 08:00:00";"1";"0";"14";"0,66";"2097152";"97518";"4,65";"0";"4";"32";"0";"2"
"08.11.2015 08:05:00";"1";"0";"18";"0,81";"2097152";"101712";"4,85";"0";"3";"32";"0";"2"
"08.11.2015 08:10:00";"1";"0";"16";"0,73";"2097152";"89129";"4,25";"0";"3";"32";"0";"2"
"08.11.2015 08:15:00";"1";"0";"14";"0,66";"2097152";"96259";"4,59";"0";"3";"32";"0";"2"
"08.11.2015 08:20:00";"1";"0";"18";"0,81";"2097152";"57043";"2,72";"0";"3";"32";"0";"2"
"08.11.2015 08:25:00";"1";"0";"16";"0,74";"2097152";"83676";"3,99";"0";"3";"32";"0";"2"
"08.11.2015 08:30:00";"1";"0";"14";"0,66";"2097152";"78014";"3,72";"0";"3";"32";"0";"2"
"08.11.2015 08:35:00";"1";"0";"17";"0,8";"2097152";"83676";"3,99";"0";"3";"32";"0";"2"
"08.11.2015 08:40:00";"1";"0";"17";"0,78";"2097152";"69625";"3,32";"0";"3";"32";"0";"2"
"08.11.2015 08:45:00";"1";"0";"14";"0,65";"2097152";"147849";"7,05";"0";"3";"32";"0";"2"
"08.11.2015 08:50:00";"1";"0";"17";"0,79";"2097152";"83676";"3,99";"0";"3";"32";"0";"2"
"08.11.2015 08:55:00";"1";"0";"16";"0,75";"2097152";"86403";"4,12";"0";"4";"32";"0";"2"
"08.11.2015 09:00:00";"1";"0";"14";"0,66";"2097152";"86403";"4,12";"0";"3";"32";"0";"2"
"08.11.2015 09:05:00";"1";"0";"18";"0,8";"2097152";"69625";"3,32";"0";"4";"32";"0";"2"
"08.11.2015 09:10:00";"1";"0";"16";"0,73";"2097152";"78014";"3,72";"0";"3";"32";"0";"2"
"08.11.2015 09:15:00";"1";"0";"14";"0,65";"2097152";"82208";"3,92";"0";"3";"32";"0";"2"
"08.11.2015 09:20:00";"1";"0";"18";"0,81";"2097152";"62705";"2,99";"0";"3";"32";"0";"2"
"08.11.2015 09:25:00";"1";"0";"16";"0,74";"2097152";"66899";"3,19";"0";"3";"32";"0";"2"
"08.11.2015 09:30:00";"1";"0";"14";"0,66";"2097152";"62705";"2,99";"0";"3";"32";"0";"2"
"08.11.2015 09:35:00";"1";"0";"17";"0,8";"2097152";"62705";"2,99";"0";"3";"32";"0";"2"
"08.11.2015 09:40:00";"1";"0";"16";"0,73";"2097152";"87871";"4,19";"0";"3";"32";"0";"2"
"08.11.2015 09:45:00";"1";"0";"14";"0,65";"2097152";"62705";"2,99";"0";"4";"32";"0";"2"
"08.11.2015 09:50:00";"1";"0";"17";"0,8";"2097152";"94791";"4,52";"0";"3";"32";"0";"2"
"08.11.2015 09:55:00";"1";"0";"16";"0,75";"2097152";"82208";"3,92";"0";"3";"32";"0";"2"
"08.11.2015 10:00:00";"1";"0";"14";"0,65";"2097152";"55575";"2,65";"0";"3";"32";"0";"2"
"08.11.2015 10:05:00";"1";"0";"16";"0,75";"2097152";"92065";"4,39";"0";"3";"32";"0";"2"
"08.11.2015 10:10:00";"1";"0";"17";"0,79";"2097152";"76546";"3,65";"0";"3";"32";"0";"2"
"08.11.2015 10:15:00";"1";"0";"15";"0,67";"2097152";"87871";"4,19";"0";"3";"32";"0";"2"
"08.11.2015 10:20:00";"1";"0";"16";"0,75";"2097152";"45928";"2,19";"0";"3";"32";"0";"2"
"08.11.2015 10:25:00";"1";"0";"17";"0,78";"2097152";"59769";"2,85";"0";"3";"32";"0";"2"
"08.11.2015 10:30:00";"1";"0";"14";"0,66";"2097152";"66899";"3,19";"0";"3";"32";"0";"2"
"08.11.2015 10:35:00";"1";"0";"16";"0,75";"2097152";"104648";"4,99";"0";"3";"32";"0";"2"
"08.11.2015 10:40:00";"1";"0";"17";"0,8";"2097152";"87871";"4,19";"0";"3";"32";"0";"2"
"08.11.2015 10:45:00";"1";"0";"14";"0,66";"2097152";"63963";"3,05";"0";"3";"32";"0";"2"
"08.11.2015 10:50:00";"1";"0";"16";"0,76";"2097152";"90597";"4,32";"0";"3";"32";"0";"2"
"08.11.2015 10:55:00";"1";"0";"17";"0,78";"2097152";"94791";"4,52";"0";"3";"32";"0";"2"
"08.11.2015 11:00:00";"1";"0";"14";"0,66";"2097152";"84935";"4,05";"0";"3";"32";"0";"2"
"08.11.2015 11:05:00";"1";"0";"17";"0,77";"2097152";"107374";"5,12";"0";"3";"32";"0";"2"
"08.11.2015 11:10:00";"1";"0";"17";"0,78";"2097152";"90597";"4,32";"0";"3";"32";"0";"2"
"08.11.2015 11:15:00";"1";"0";"14";"0,65";"2097152";"92065";"4,39";"0";"3";"32";"0";"2"
"08.11.2015 11:20:00";"1";"0";"16";"0,73";"2097152";"96259";"4,59";"0";"3";"32";"0";"2"
"08.11.2015 11:25:00";"1";"0";"17";"0,79";"2097152";"76546";"3,65";"0";"3";"32";"0";"2"
"08.11.2015 11:30:00";"1";"0";"14";"0,65";"2097152";"90597";"4,32";"0";"3";"32";"0";"2"
"08.11.2015 11:35:00";"1";"0";"16";"0,74";"2097152";"58511";"2,79";"0";"3";"32";"0";"2"
"08.11.2015 11:40:00";"1";"0";"17";"0,78";"2097152";"51380";"2,45";"0";"3";"32";"0";"2"
"08.11.2015 11:45:00";"1";"0";"14";"0,66";"2097152";"65431";"3,12";"0";"3";"32";"0";"2"
"08.11.2015 11:50:00";"1";"0";"17";"0,76";"2097152";"98986";"4,72";"0";"3";"32";"0";"2"
"08.11.2015 11:55:00";"1";"0";"17";"0,79";"2097152";"94791";"4,52";"0";"4";"32";"0";"2"
"08.11.2015 12:00:00";"1";"0";"15";"0,68";"2097152";"68157";"3,25";"0";"3";"32";"0";"2"
"08.11.2015 12:05:00";"1";"0";"17";"0,78";"2097152";"72352";"3,45";"0";"4";"32";"0";"2"
"08.11.2015 12:10:00";"1";"0";"17";"0,8";"2097152";"89129";"4,25";"0";"3";"32";"0";"2"
"08.11.2015 12:15:00";"1";"0";"15";"0,67";"2097152";"93323";"4,45";"0";"3";"32";"0";"2"
"08.11.2015 12:20:00";"1";"0";"16";"0,74";"2097152";"114295";"5,45";"0";"3";"32";"0";"2"
"08.11.2015 12:25:00";"1";"0";"17";"0,79";"2097152";"87871";"4,19";"0";"3";"32";"0";"2"
"08.11.2015 12:30:00";"1";"0";"14";"0,65";"2097152";"71093";"3,39";"0";"3";"32";"0";"2"
"08.11.2015 12:35:00";"1";"0";"18";"0,8";"2097152";"75288";"3,59";"0";"3";"32";"0";"2"
"08.11.2015 12:40:00";"1";"0";"16";"0,74";"2097152";"79482";"3,79";"0";"3";"32";"0";"2"
"08.11.2015 12:45:00";"1";"0";"15";"0,68";"2097152";"104648";"4,99";"0";"3";"32";"0";"2"
"08.11.2015 12:50:00";"1";"0";"17";"0,79";"2097152";"84935";"4,05";"0";"3";"32";"0";"2"
"08.11.2015 12:55:00";"1";"0";"16";"0,74";"2097152";"97518";"4,65";"0";"3";"32";"0";"2"
"08.11.2015 13:00:00";"1";"0";"15";"0,68";"2097152";"86403";"4,12";"0";"3";"32";"0";"2"
"08.11.2015 13:05:00";"1";"0";"17";"0,76";"2097152";"75288";"3,59";"0";"4";"32";"0";"2"
"08.11.2015 13:10:00";"1";"0";"17";"0,78";"2097152";"80740";"3,85";"0";"3";"32";"0";"2"
"08.11.2015 13:15:00";"1";"0";"14";"0,65";"2097152";"73820";"3,52";"0";"3";"32";"0";"2"
"08.11.2015 13:20:00";"1";"0";"16";"0,74";"2097152";"94791";"4,52";"0";"3";"32";"0";"2"
"08.11.2015 13:25:00";"1";"0";"17";"0,79";"2097152";"80740";"3,85";"0";"3";"32";"0";"2"
"08.11.2015 13:30:00";"1";"0";"14";"0,65";"2097152";"82208";"3,92";"0";"3";"32";"0";"2"
"08.11.2015 13:35:00";"1";"0";"17";"0,76";"2097152";"83676";"3,99";"0";"3";"32";"0";"2"
"08.11.2015 13:40:00";"1";"0";"17";"0,79";"2097152";"101712";"4,85";"0";"3";"32";"0";"2"
"08.11.2015 13:45:00";"1";"0";"14";"0,66";"2097152";"80740";"3,85";"0";"3";"32";"0";"2"
"08.11.2015 13:50:00";"1";"0";"16";"0,74";"2097152";"63963";"3,05";"0";"3";"32";"0";"2"
"08.11.2015 13:55:00";"1";"0";"17";"0,8";"2097152";"79482";"3,79";"0";"4";"32";"0";"2"
"08.11.2015 14:00:00";"1";"0";"14";"0,66";"2097152";"100454";"4,79";"0";"3";"32";"0";"2"
"08.11.2015 14:05:00";"1";"0";"16";"0,76";"2097152";"97518";"4,65";"0";"3";"32";"0";"2"
"08.11.2015 14:10:00";"1";"0";"17";"0,79";"2097152";"76546";"3,65";"0";"3";"32";"0";"2"
"08.11.2015 14:15:00";"1";"0";"14";"0,67";"2097152";"103180";"4,92";"0";"3";"32";"0";"2"
"08.11.2015 14:20:00";"1";"0";"16";"0,74";"2097152";"105906";"5,05";"0";"3";"32";"0";"2"
"08.11.2015 14:25:00";"1";"0";"17";"0,8";"2097152";"110100";"5,25";"0";"3";"32";"0";"2"
"08.11.2015 14:30:00";"1";"0";"15";"0,67";"2097152";"101712";"4,85";"0";"3";"32";"0";"2"
"08.11.2015 14:35:00";"1";"0";"16";"0,75";"2097152";"72352";"3,45";"0";"3";"32";"0";"2"
"08.11.2015 14:40:00";"1";"0";"17";"0,78";"2097152";"65431";"3,12";"0";"3";"32";"0";"2"
"08.11.2015 14:45:00";"1";"0";"14";"0,66";"2097152";"79482";"3,79";"0";"3";"32";"0";"2"
"08.11.2015 14:50:00";"1";"0";"17";"0,76";"2097152";"90597";"4,32";"0";"3";"32";"0";"2"
"08.11.2015 14:55:00";"1";"0";"17";"0,8";"2097152";"94791";"4,52";"0";"4";"32";"0";"2"
"08.11.2015 15:00:00";"1";"0";"14";"0,65";"2097152";"50122";"2,39";"0";"3";"32";"0";"2"
"08.11.2015 15:05:00";"1";"0";"17";"0,8";"2097152";"69625";"3,32";"0";"4";"32";"0";"2"
"08.11.2015 15:10:00";"1";"0";"16";"0,73";"2097152";"89129";"4,25";"0";"3";"32";"0";"2"
"08.11.2015 15:15:00";"1";"0";"14";"0,66";"2097152";"96259";"4,59";"0";"3";"32";"0";"2"
"08.11.2015 15:20:00";"1";"0";"17";"0,8";"2097152";"103180";"4,92";"0";"3";"32";"0";"2"
"08.11.2015 15:25:00";"1";"0";"16";"0,74";"2097152";"96259";"4,59";"0";"3";"32";"0";"2"
"08.11.2015 15:30:00";"1";"0";"14";"0,66";"2097152";"97518";"4,65";"0";"3";"32";"0";"2"
"08.11.2015 15:35:00";"1";"0";"18";"0,8";"2097152";"80740";"3,85";"0";"3";"32";"0";"2"
"08.11.2015 15:40:00";"1";"0";"16";"0,74";"2097152";"83676";"3,99";"0";"3";"32";"0";"2"
"08.11.2015 15:45:00";"1";"0";"14";"0,66";"2097152";"59769";"2,85";"0";"3";"32";"0";"2"
"08.11.2015 15:50:00";"1";"0";"18";"0,8";"2097152";"75288";"3,59";"0";"3";"32";"0";"2"
"08.11.2015 15:55:00";"1";"0";"16";"0,75";"2097152";"41733";"1,99";"0";"3";"32";"0";"2"
"08.11.2015 16:00:00";"1";"0";"14";"0,66";"2097152";"83676";"3,99";"0";"3";"32";"0";"2"
"08.11.2015 16:05:00";"1";"0";"18";"0,81";"2097152";"83676";"3,99";"0";"4";"32";"0";"2"
"08.11.2015 16:10:00";"1";"0";"16";"0,75";"2097152";"65431";"3,12";"0";"3";"32";"0";"2"
"08.11.2015 16:15:00";"1";"0";"15";"0,68";"2097152";"83676";"3,99";"0";"3";"32";"0";"2"
"08.11.2015 16:20:00";"1";"0";"18";"0,81";"2097152";"87871";"4,19";"0";"3";"32";"0";"2"
"08.11.2015 16:25:00";"1";"0";"17";"0,77";"2097152";"79482";"3,79";"0";"3";"32";"0";"2"
"08.11.2015 16:30:00";"1";"0";"14";"0,65";"2097152";"87871";"4,19";"0";"3";"32";"0";"2"
"08.11.2015 16:35:00";"1";"0";"17";"0,79";"2097152";"104648";"4,99";"0";"3";"32";"0";"2"
"08.11.2015 16:40:00";"1";"0";"16";"0,74";"2097152";"79482";"3,79";"0";"3";"32";"0";"2"
"08.11.2015 16:45:00";"1";"0";"14";"0,65";"2097152";"50122";"2,39";"0";"3";"32";"0";"2"
"08.11.2015 16:50:00";"1";"0";"17";"0,8";"2097152";"87871";"4,19";"0";"3";"32";"0";"2"
"08.11.2015 16:55:00";"1";"0";"17";"0,76";"2097152";"62705";"2,99";"0";"3";"32";"0";"2"
"08.11.2015 17:00:00";"1";"0";"14";"0,66";"2097152";"69625";"3,32";"0";"3";"32";"0";"2"
"08.11.2015 17:05:00";"1";"0";"17";"0,77";"2097152";"80740";"3,85";"0";"4";"32";"0";"2"
"08.11.2015 17:10:00";"1";"0";"17";"0,79";"2097152";"108842";"5,19";"0";"3";"32";"0";"2"
"08.11.2015 17:15:00";"1";"0";"14";"0,66";"2097152";"86403";"4,12";"0";"3";"32";"0";"2"
"08.11.2015 17:20:00";"1";"0";"16";"0,75";"2097152";"105906";"5,05";"0";"3";"32";"0";"2"
"08.11.2015 17:25:00";"1";"0";"17";"0,79";"2097152";"69625";"3,32";"0";"3";"32";"0";"2"
"08.11.2015 17:30:00";"1";"0";"14";"0,66";"2097152";"80740";"3,85";"0";"3";"32";"0";"2"
"08.11.2015 17:35:00";"1";"0";"16";"0,76";"2097152";"98986";"4,72";"0";"3";"32";"0";"2"
"08.11.2015 17:40:00";"1";"0";"17";"0,78";"2097152";"79482";"3,79";"0";"3";"32";"0";"2"
"08.11.2015 17:45:00";"1";"0";"14";"0,66";"2097152";"87871";"4,19";"0";"3";"32";"0";"2"
"08.11.2015 17:50:00";"1";"0";"16";"0,75";"2097152";"63963";"3,05";"0";"3";"32";"0";"2"
"08.11.2015 17:55:00";"1";"0";"17";"0,79";"2097152";"78014";"3,72";"0";"3";"32";"0";"2"
"08.11.2015 18:00:00";"1";"0";"14";"0,66";"2097152";"71093";"3,39";"0";"3";"32";"0";"2"
"08.11.2015 18:05:00";"1";"0";"17";"0,76";"2097152";"61237";"2,92";"0";"4";"32";"0";"2"
"08.11.2015 18:10:00";"1";"0";"18";"0,8";"2097152";"94791";"4,52";"0";"3";"32";"0";"2"
"08.11.2015 18:15:00";"1";"0";"15";"0,69";"2097152";"96259";"4,59";"0";"3";"32";"0";"2"
"08.11.2015 18:20:00";"1";"0";"17";"0,76";"2097152";"83676";"3,99";"0";"3";"32";"0";"2"
"08.11.2015 18:25:00";"1";"0";"17";"0,79";"2097152";"83676";"3,99";"0";"3";"32";"0";"2"
"08.11.2015 18:30:00";"1";"0";"14";"0,66";"2097152";"98986";"4,72";"0";"3";"32";"0";"2"
"08.11.2015 18:35:00";"1";"0";"17";"0,77";"2097152";"54316";"2,59";"0";"3";"32";"0";"2"
"08.11.2015 18:40:00";"1";"0";"18";"0,81";"2097152";"69625";"3,32";"0";"3";"32";"0";"2"
"08.11.2015 18:45:00";"1";"0";"14";"0,66";"2097152";"63963";"3,05";"0";"3";"32";"0";"2"
"08.11.2015 18:50:00";"1";"0";"16";"0,75";"2097152";"45928";"2,19";"0";"3";"32";"0";"2"
"08.11.2015 18:55:00";"1";"0";"17";"0,8";"2097152";"73820";"3,52";"0";"3";"32";"0";"2"
"08.11.2015 19:00:00";"1";"0";"15";"0,67";"2097152";"62705";"2,99";"0";"3";"32";"0";"2"
"08.11.2015 19:05:00";"1";"0";"17";"0,77";"2097152";"61237";"2,92";"0";"3";"32";"0";"2"
"08.11.2015 19:10:00";"1";"0";"17";"0,8";"2097152";"58511";"2,79";"0";"3";"32";"0";"2"
"08.11.2015 19:15:00";"1";"0";"15";"0,68";"2097152";"82208";"3,92";"0";"3";"32";"0";"2"
"08.11.2015 19:20:00";"1";"0";"17";"0,77";"2097152";"92065";"4,39";"0";"3";"32";"0";"2"
"08.11.2015 19:25:00";"1";"0";"17";"0,79";"2097152";"92065";"4,39";"0";"3";"32";"0";"2"
"08.11.2015 19:30:00";"1";"0";"14";"0,66";"2097152";"51380";"2,45";"0";"3";"32";"0";"2"
"08.11.2015 19:35:00";"1";"0";"16";"0,74";"2097152";"59769";"2,85";"0";"3";"32";"0";"2"
"08.11.2015 19:40:00";"1";"0";"17";"0,79";"2097152";"71093";"3,39";"0";"3";"32";"0";"2"
"08.11.2015 19:45:00";"1";"0";"15";"0,68";"2097152";"83676";"3,99";"0";"3";"32";"0";"2"
"08.11.2015 19:50:00";"1";"0";"16";"0,75";"2097152";"62705";"2,99";"0";"3";"32";"0";"2"
"08.11.2015 19:55:00";"1";"0";"17";"0,79";"2097152";"80740";"3,85";"0";"4";"32";"0";"2"
"08.11.2015 20:00:00";"1";"0";"14";"0,66";"2097152";"66899";"3,19";"0";"3";"32";"0";"2"
"08.11.2015 20:05:00";"1";"0";"17";"0,77";"2097152";"69625";"3,32";"0";"4";"32";"0";"2"
"08.11.2015 20:10:00";"1";"0";"18";"0,8";"2097152";"79482";"3,79";"0";"3";"32";"0";"2"
"08.11.2015 20:15:00";"1";"0";"15";"0,66";"2097152";"89129";"4,25";"0";"3";"32";"0";"2"
"08.11.2015 20:20:00";"1";"0";"16";"0,75";"2097152";"79482";"3,79";"0";"3";"32";"0";"2"
"08.11.2015 20:25:00";"1";"0";"17";"0,8";"2097152";"72352";"3,45";"0";"4";"32";"0";"2"
"08.11.2015 20:30:00";"1";"0";"14";"0,66";"2097152";"86403";"4,12";"0";"3";"32";"0";"2"
"08.11.2015 20:35:00";"1";"0";"16";"0,75";"2097152";"76546";"3,65";"0";"3";"32";"0";"2"
"08.11.2015 20:40:00";"1";"0";"17";"0,79";"2097152";"113036";"5,39";"0";"3";"32";"0";"2"
"08.11.2015 20:45:00";"1";"0";"15";"0,68";"2097152";"66899";"3,19";"0";"3";"32";"0";"2"
"08.11.2015 20:50:00";"1";"0";"18";"0,83";"2097152";"161900";"7,72";"0";"3";"32";"0";"2"
"08.11.2015 20:55:00";"1";"0";"17";"0,78";"2097152";"136734";"6,52";"0";"3";"32";"0";"2"
"08.11.2015 21:00:00";"1";"0";"14";"0,66";"2097152";"110100";"5,25";"0";"3";"32";"0";"2"
"08.11.2015 21:05:00";"1";"0";"16";"0,75";"2097152";"72352";"3,45";"0";"4";"32";"0";"2"
"08.11.2015 21:10:00";"1";"0";"17";"0,79";"2097152";"80740";"3,85";"0";"3";"32";"0";"2"
"08.11.2015 21:15:00";"1";"0";"14";"0,66";"2097152";"58511";"2,79";"0";"3";"32";"0";"2"
"08.11.2015 21:20:00";"1";"0";"17";"0,76";"2097152";"78014";"3,72";"0";"3";"32";"0";"2"
"08.11.2015 21:25:00";"1";"0";"18";"0,82";"2097152";"82208";"3,92";"0";"3";"32";"0";"2"
"08.11.2015 21:30:00";"1";"0";"15";"0,67";"2097152";"68157";"3,25";"0";"3";"32";"0";"2"
"08.11.2015 21:35:00";"1";"0";"18";"0,8";"2097152";"103180";"4,92";"0";"3";"32";"0";"2"
"08.11.2015 21:40:00";"1";"0";"16";"0,73";"2097152";"73820";"3,52";"0";"3";"32";"0";"2"
"08.11.2015 21:45:00";"1";"0";"14";"0,67";"2097152";"71093";"3,39";"0";"3";"32";"0";"2"
"08.11.2015 21:50:00";"1";"0";"17";"0,79";"2097152";"90597";"4,32";"0";"3";"32";"0";"2"
"08.11.2015 21:55:00";"1";"0";"16";"0,73";"2097152";"103180";"4,92";"0";"3";"32";"0";"2"
"08.11.2015 22:00:00";"1";"0";"14";"0,66";"2097152";"73820";"3,52";"0";"3";"32";"0";"2"
"08.11.2015 22:05:00";"1";"0";"18";"0,83";"2097152";"73820";"3,52";"0";"4";"32";"0";"2"
"08.11.2015 22:10:00";"1";"0";"16";"0,75";"2097152";"82208";"3,92";"0";"3";"32";"0";"2"
"08.11.2015 22:15:00";"1";"0";"15";"0,68";"2097152";"100454";"4,79";"0";"3";"32";"0";"2"
"08.11.2015 22:20:00";"1";"0";"17";"0,79";"2097152";"126878";"6,05";"0";"3";"32";"0";"2"
"08.11.2015 22:25:00";"1";"0";"16";"0,74";"2097152";"78014";"3,72";"0";"3";"32";"0";"2"
"08.11.2015 22:30:00";"1";"0";"14";"0,65";"2097152";"90597";"4,32";"0";"3";"32";"0";"2"
"08.11.2015 22:35:00";"1";"0";"17";"0,8";"2097152";"97518";"4,65";"0";"4";"32";"0";"2"
"08.11.2015 22:40:00";"1";"0";"16";"0,75";"2097152";"83676";"3,99";"0";"3";"32";"0";"2"
"08.11.2015 22:45:00";"1";"0";"14";"0,66";"2097152";"71093";"3,39";"0";"3";"32";"0";"2"
"08.11.2015 22:50:00";"1";"0";"17";"0,8";"2097152";"92065";"4,39";"0";"3";"32";"0";"2"
"08.11.2015 22:55:00";"1";"0";"16";"0,73";"2097152";"73820";"3,52";"0";"3";"32";"0";"2"
"08.11.2015 23:00:00";"1";"0";"14";"0,66";"2097152";"94791";"4,52";"0";"3";"32";"0";"2"
"08.11.2015 23:05:00";"1";"0";"18";"0,8";"2097152";"80740";"3,85";"0";"4";"32";"0";"2"
"08.11.2015 23:10:00";"1";"0";"16";"0,73";"2097152";"75288";"3,59";"0";"3";"32";"0";"2"
"08.11.2015 23:15:00";"1";"0";"14";"0,65";"2097152";"75288";"3,59";"0";"3";"32";"0";"2"
"08.11.2015 23:20:00";"1";"0";"17";"0,78";"2097152";"59769";"2,85";"0";"3";"32";"0";"2"
"08.11.2015 23:25:00";"1";"0";"16";"0,75";"2097152";"75288";"3,59";"0";"3";"32";"0";"2"
"08.11.2015 23:30:00";"1";"0";"14";"0,66";"2097152";"84935";"4,05";"0";"3";"32";"0";"2"
"08.11.2015 23:35:00";"1";"0";"17";"0,79";"2097152";"69625";"3,32";"0";"3";"32";"0";"2"
"08.11.2015 23:40:00";"1";"0";"16";"0,73";"2097152";"52848";"2,52";"0";"3";"32";"0";"2"
"08.11.2015 23:45:00";"1";"0";"15";"0,69";"2097152";"94791";"4,52";"0";"4";"32";"0";"2"
"08.11.2015 23:50:00";"1";"0";"18";"0,81";"2097152";"138202";"6,59";"0";"3";"32";"0";"2"
"08.11.2015 23:55:00";"1";"0";"17";"0,76";"2097152";"68157";"3,25";"0";"4";"32";"0";"2"
"09.11.2015 00:00:00";"1";"0";"15";"0,7";"2097152";"69625";"3,32";"0";"4";"32";"0";"2"
"09.11.2015 00:05:00";"1";"0";"16";"0,76";"2097152";"75288";"3,59";"0";"4";"32";"0";"2"
"09.11.2015 00:10:00";"1";"0";"17";"0,8";"2097152";"72352";"3,45";"0";"3";"32";"0";"2"
"09.11.2015 00:15:00";"1";"0";"15";"0,68";"2097152";"113036";"5,39";"0";"3";"32";"0";"2"
"09.11.2015 00:20:00";"1";"0";"16";"0,75";"2097152";"92065";"4,39";"0";"3";"32";"0";"2"
"09.11.2015 00:25:00";"1";"0";"17";"0,79";"2097152";"62705";"2,99";"0";"3";"32";"0";"2"
"09.11.2015 00:30:00";"1";"0";"14";"0,65";"2097152";"89129";"4,25";"0";"3";"32";"0";"2"
"09.11.2015 00:35:00";"1";"0";"17";"0,78";"2097152";"80740";"3,85";"0";"3";"32";"0";"2"
"09.11.2015 00:40:00";"1";"0";"17";"0,8";"2097152";"78014";"3,72";"0";"3";"32";"0";"2"
"09.11.2015 00:45:00";"1";"0";"15";"0,68";"2097152";"82208";"3,92";"0";"3";"32";"0";"2"
"09.11.2015 00:50:00";"1";"0";"16";"0,76";"2097152";"84935";"4,05";"0";"3";"32";"0";"2"
"09.11.2015 00:55:00";"1";"0";"17";"0,79";"2097152";"92065";"4,39";"0";"3";"32";"0";"2"
"09.11.2015 01:00:00";"1";"0";"15";"0,67";"2097152";"96259";"4,59";"0";"3";"32";"0";"2"
"09.11.2015 01:05:00";"1";"0";"18";"0,81";"2097152";"50122";"2,39";"0";"4";"32";"0";"2"
"09.11.2015 01:10:00";"1";"0";"19";"0,85";"2097152";"57043";"2,72";"0";"3";"32";"0";"2"
"09.11.2015 01:15:00";"1";"0";"15";"0,7";"2097152";"84935";"4,05";"0";"3";"32";"0";"2"
"09.11.2015 01:20:00";"1";"0";"17";"0,78";"2097152";"78014";"3,72";"0";"3";"32";"0";"2"
"09.11.2015 01:25:00";"1";"0";"18";"0,82";"2097152";"79482";"3,79";"0";"3";"32";"0";"2"
"09.11.2015 01:30:00";"1";"0";"15";"0,71";"2097152";"75288";"3,59";"0";"3";"32";"0";"2"
"09.11.2015 01:35:00";"1";"0";"17";"0,77";"2097152";"72352";"3,45";"0";"3";"32";"0";"2"
"09.11.2015 01:40:00";"1";"0";"18";"0,81";"2097152";"75288";"3,59";"0";"3";"32";"0";"2"
"09.11.2015 01:45:00";"1";"0";"15";"0,68";"2097152";"71093";"3,39";"0";"3";"32";"0";"2"
"09.11.2015 01:50:00";"1";"0";"17";"0,77";"2097152";"87871";"4,19";"0";"3";"32";"0";"2"
"09.11.2015 01:55:00";"1";"0";"18";"0,81";"2097152";"75288";"3,59";"0";"3";"32";"0";"2"
"09.11.2015 02:00:00";"1";"0";"15";"0,68";"2097152";"82208";"3,92";"0";"3";"32";"0";"2"
"09.11.2015 02:05:00";"1";"0";"17";"0,78";"2097152";"104648";"4,99";"0";"4";"32";"0";"2"
"09.11.2015 02:10:00";"1";"0";"18";"0,81";"2097152";"117231";"5,59";"0";"3";"32";"0";"2"
"09.11.2015 02:15:00";"1";"0";"15";"0,7";"2097152";"45928";"2,19";"0";"3";"32";"0";"2"
"09.11.2015 02:20:00";"1";"0";"17";"0,78";"2097152";"68157";"3,25";"0";"3";"32";"0";"2"
"09.11.2015 02:25:00";"1";"0";"17";"0,8";"2097152";"40265";"1,92";"0";"3";"32";"0";"2"
"09.11.2015 02:30:00";"1";"0";"15";"0,67";"2097152";"79482";"3,79";"0";"3";"32";"0";"2"
"09.11.2015 02:35:00";"1";"0";"17";"0,76";"2097152";"83676";"3,99";"0";"3";"32";"0";"2"
"09.11.2015 02:40:00";"1";"0";"18";"0,81";"2097152";"93323";"4,45";"0";"3";"32";"0";"2"
"09.11.2015 02:45:00";"1";"0";"15";"0,68";"2097152";"93323";"4,45";"0";"3";"32";"0";"2"
"09.11.2015 02:50:00";"1";"0";"17";"0,8";"2097152";"89129";"4,25";"0";"3";"32";"0";"2"
"09.11.2015 02:55:00";"1";"0";"17";"0,8";"2097152";"83676";"3,99";"0";"3";"32";"0";"2"
"09.11.2015 03:00:00";"1";"0";"15";"0,7";"2097152";"79482";"3,79";"0";"3";"32";"0";"2"
"09.11.2015 03:05:00";"1";"0";"18";"0,8";"2097152";"101712";"4,85";"0";"3";"32";"0";"2"
"09.11.2015 03:10:00";"1";"0";"18";"0,83";"2097152";"90597";"4,32";"0";"3";"32";"0";"2"
"09.11.2015 03:15:00";"1";"0";"15";"0,69";"2097152";"89129";"4,25";"0";"3";"32";"0";"2"
"09.11.2015 03:20:00";"1";"0";"17";"0,76";"2097152";"87871";"4,19";"0";"3";"32";"0";"2"
"09.11.2015 03:25:00";"1";"0";"18";"0,82";"2097152";"68157";"3,25";"0";"3";"32";"0";"2"
"09.11.2015 03:30:00";"1";"0";"15";"0,71";"2097152";"90597";"4,32";"0";"3";"32";"0";"2"
"09.11.2015 03:35:00";"1";"0";"20";"0,91";"2097152";"97518";"4,65";"4";"17";"32";"0";"2"
"09.11.2015 03:40:00";"1";"0";"18";"0,81";"2097152";"78014";"3,72";"0";"3";"32";"0";"2"
"09.11.2015 03:45:00";"1";"0";"15";"0,69";"2097152";"105906";"5,05";"0";"3";"32";"0";"2"
"09.11.2015 03:50:00";"1";"0";"17";"0,77";"2097152";"83676";"3,99";"0";"3";"32";"0";"2"
"09.11.2015 03:55:00";"1";"0";"18";"0,82";"2097152";"93323";"4,45";"0";"3";"32";"0";"2"
"09.11.2015 04:00:00";"1";"0";"15";"0,69";"2097152";"87871";"4,19";"0";"3";"32";"0";"2"
"09.11.2015 04:05:00";"1";"0";"17";"0,78";"2097152";"93323";"4,45";"0";"3";"32";"0";"2"
"09.11.2015 04:10:00";"1";"0";"18";"0,81";"2097152";"75288";"3,59";"0";"3";"32";"0";"2"
"09.11.2015 04:15:00";"1";"0";"15";"0,7";"2097152";"79482";"3,79";"0";"3";"32";"0";"2"
"09.11.2015 04:20:00";"1";"0";"17";"0,77";"2097152";"73820";"3,52";"0";"3";"32";"0";"2"
"09.11.2015 04:25:00";"1";"0";"18";"0,82";"2097152";"94791";"4,52";"0";"3";"32";"0";"2"
"09.11.2015 04:30:00";"1";"0";"15";"0,68";"2097152";"79482";"3,79";"0";"3";"32";"0";"2"
"09.11.2015 04:35:00";"1";"0";"17";"0,78";"2097152";"58511";"2,79";"0";"3";"32";"0";"2"
"09.11.2015 04:40:00";"1";"0";"18";"0,81";"2097152";"72352";"3,45";"0";"3";"32";"0";"2"
"09.11.2015 04:45:00";"1";"0";"15";"0,68";"2097152";"92065";"4,39";"0";"3";"32";"0";"2"
"09.11.2015 04:50:00";"1";"0";"17";"0,77";"2097152";"87871";"4,19";"0";"3";"32";"0";"2"
"09.11.2015 04:55:00";"1";"0";"18";"0,81";"2097152";"66899";"3,19";"0";"3";"32";"0";"2"
"09.11.2015 05:00:00";"1";"0";"15";"0,68";"2097152";"33345";"1,59";"0";"3";"32";"0";"2"
"09.11.2015 05:05:00";"1";"0";"17";"0,78";"2097152";"47186";"2,25";"0";"3";"32";"0";"2"
"09.11.2015 05:10:00";"1";"0";"18";"0,81";"2097152";"66899";"3,19";"0";"3";"32";"0";"2"
"09.11.2015 05:15:00";"1";"0";"15";"0,7";"2097152";"58511";"2,79";"0";"3";"32";"0";"2"
"09.11.2015 05:20:00";"1";"0";"17";"0,78";"2097152";"78014";"3,72";"0";"3";"32";"0";"2"
"09.11.2015 05:25:00";"1";"0";"18";"0,8";"2097152";"103180";"4,92";"0";"3";"32";"0";"2"
"09.11.2015 05:30:00";"1";"0";"15";"0,69";"2097152";"96259";"4,59";"0";"3";"32";"0";"2"
"09.11.2015 05:35:00";"1";"0";"17";"0,78";"2097152";"87871";"4,19";"0";"3";"32";"0";"2"
"09.11.2015 05:40:00";"1";"0";"18";"0,81";"2097152";"104648";"4,99";"0";"3";"32";"0";"2"
"09.11.2015 05:45:00";"1";"0";"15";"0,71";"2097152";"104648";"4,99";"0";"3";"32";"0";"2"
"09.11.2015 05:50:00";"1";"0";"17";"0,8";"2097152";"87871";"4,19";"0";"3";"32";"0";"2"
"09.11.2015 05:55:00";"1";"0";"18";"0,84";"2097152";"79482";"3,79";"0";"3";"32";"0";"2"
"09.11.2015 06:00:00";"1";"0";"16";"0,72";"2097152";"75288";"3,59";"0";"3";"32";"0";"2"
"09.11.2015 06:05:00";"1";"0";"17";"0,79";"2097152";"84935";"4,05";"0";"3";"32";"0";"2"
"09.11.2015 06:10:00";"1";"0";"18";"0,83";"2097152";"101712";"4,85";"0";"3";"32";"0";"2"
"09.11.2015 06:15:00";"1";"0";"16";"0,72";"2097152";"121425";"5,79";"0";"3";"32";"0";"2"
"09.11.2015 06:20:00";"1";"0";"18";"0,8";"2097152";"113036";"5,39";"0";"3";"32";"0";"2"
"09.11.2015 06:25:00";"1";"0";"18";"0,84";"2097152";"92065";"4,39";"0";"3";"32";"0";"2"
"09.11.2015 06:30:00";"1";"0";"15";"0,7";"2097152";"66899";"3,19";"0";"3";"32";"0";"2"
"09.11.2015 06:35:00";"1";"0";"18";"0,81";"2097152";"76546";"3,65";"0";"3";"32";"0";"2"
"09.11.2015 06:40:00";"1";"0";"18";"0,82";"2097152";"100454";"4,79";"0";"3";"32";"0";"2"
"09.11.2015 06:45:00";"1";"0";"15";"0,71";"2097152";"92065";"4,39";"0";"3";"32";"0";"2"
"09.11.2015 06:50:00";"1";"0";"17";"0,79";"2097152";"83676";"3,99";"0";"3";"32";"0";"2"
"09.11.2015 06:55:00";"1";"0";"18";"0,82";"2097152";"71093";"3,39";"0";"3";"32";"0";"2"
"09.11.2015 07:00:00";"1";"0";"15";"0,71";"2097152";"51380";"2,45";"0";"3";"32";"0";"2"
"09.11.2015 07:05:00";"1";"0";"17";"0,79";"2097152";"75288";"3,59";"0";"3";"32";"0";"2"
"09.11.2015 07:10:00";"1";"0";"18";"0,84";"2097152";"84935";"4,05";"0";"3";"32";"0";"2"
"09.11.2015 07:15:00";"1";"0";"16";"0,72";"2097152";"89129";"4,25";"0";"3";"32";"0";"2"
"09.11.2015 07:20:00";"1";"0";"18";"0,81";"2097152";"83676";"3,99";"0";"3";"32";"0";"2"
"09.11.2015 07:25:00";"1";"0";"18";"0,84";"2097152";"54316";"2,59";"0";"3";"32";"0";"2"
"09.11.2015 07:30:00";"1";"0";"16";"0,72";"2097152";"61237";"2,92";"0";"3";"32";"0";"2"
"09.11.2015 07:35:00";"1";"0";"18";"0,83";"2097152";"87871";"4,19";"0";"3";"32";"0";"2"
"09.11.2015 07:40:00";"1";"0";"18";"0,84";"2097152";"65431";"3,12";"0";"3";"32";"0";"2"
"09.11.2015 07:45:00";"1";"0";"16";"0,72";"2097152";"89129";"4,25";"0";"3";"32";"0";"2"
"09.11.2015 07:50:00";"1";"0";"17";"0,79";"2097152";"83676";"3,99";"0";"3";"32";"0";"2"
"09.11.2015 07:55:00";"1";"0";"18";"0,84";"2097152";"79482";"3,79";"0";"4";"32";"0";"2"
"09.11.2015 08:00:00";"1";"0";"15";"0,72";"2097152";"68157";"3,25";"0";"3";"32";"0";"2"
"09.11.2015 08:05:00";"1";"0";"18";"0,81";"2097152";"100454";"4,79";"0";"4";"32";"0";"2"
"09.11.2015 08:10:00";"1";"0";"18";"0,83";"2097152";"100454";"4,79";"0";"3";"32";"0";"2"
"09.11.2015 08:15:00";"1";"0";"16";"0,73";"2097152";"107374";"5,12";"0";"3";"32";"0";"2"
"09.11.2015 08:20:00";"1";"0";"17";"0,8";"2097152";"87871";"4,19";"0";"3";"32";"0";"2"
"09.11.2015 08:25:00";"1";"0";"18";"0,84";"2097152";"54316";"2,59";"0";"3";"32";"0";"2"
"09.11.2015 08:30:00";"1";"0";"16";"0,73";"2097152";"51380";"2,45";"0";"3";"32";"0";"2"
"09.11.2015 08:35:00";"1";"0";"18";"0,82";"2097152";"89129";"4,25";"0";"3";"32";"0";"2"
"09.11.2015 08:40:00";"1";"0";"19";"0,87";"2097152";"83676";"3,99";"0";"3";"32";"0";"2"
"09.11.2015 08:45:00";"1";"0";"16";"0,73";"2097152";"76546";"3,65";"0";"3";"32";"0";"2"
"09.11.2015 08:50:00";"1";"0";"17";"0,8";"2097152";"79482";"3,79";"0";"3";"32";"0";"2"
"09.11.2015 08:55:00";"1";"0";"20";"0,89";"2097152";"227541";"10,85";"0";"3";"32";"0";"2"
"09.11.2015 09:00:00";"1";"0";"16";"0,71";"2097152";"166094";"7,92";"0";"3";"32";"0";"2"
"09.11.2015 09:05:00";"1";"0";"19";"0,88";"2097152";"98986";"4,72";"0";"4";"32";"0";"2"
"09.11.2015 09:10:00";"1";"0";"17";"0,79";"2097152";"52848";"2,52";"0";"3";"32";"0";"2"
"09.11.2015 09:15:00";"1";"0";"15";"0,71";"2097152";"75288";"3,59";"0";"3";"32";"0";"2"
"09.11.2015 09:20:00";"1";"0";"19";"0,85";"2097152";"108842";"5,19";"0";"3";"32";"0";"2"
"09.11.2015 09:25:00";"1";"0";"17";"0,79";"2097152";"87871";"4,19";"0";"3";"32";"0";"2"
"09.11.2015 09:30:00";"1";"0";"16";"0,74";"2097152";"100454";"4,79";"0";"3";"32";"0";"2"
"09.11.2015 09:35:00";"1";"0";"19";"0,86";"2097152";"55575";"2,65";"0";"3";"32";"0";"2"
"09.11.2015 09:40:00";"1";"0";"17";"0,79";"2097152";"125619";"5,99";"0";"3";"32";"0";"2"
"09.11.2015 09:45:00";"1";"0";"15";"0,72";"2097152";"108842";"5,19";"0";"3";"32";"0";"2"
"09.11.2015 09:50:00";"1";"0";"19";"0,85";"2097152";"41733";"1,99";"0";"3";"32";"0";"2"
"09.11.2015 09:55:00";"1";"0";"17";"0,79";"2097152";"82208";"3,92";"0";"3";"32";"0";"2"
"09.11.2015 10:00:00";"1";"0";"15";"0,71";"2097152";"87871";"4,19";"0";"3";"32";"0";"2"
"09.11.2015 10:05:00";"1";"0";"19";"0,86";"2097152";"71093";"3,39";"0";"4";"32";"0";"2"
"09.11.2015 10:10:00";"1";"0";"17";"0,79";"2097152";"92065";"4,39";"0";"3";"32";"0";"2"
"09.11.2015 10:15:00";"1";"0";"16";"0,73";"2097152";"79482";"3,79";"0";"3";"32";"0";"2"
"09.11.2015 10:20:00";"1";"0";"19";"0,85";"2097152";"62705";"2,99";"0";"3";"32";"0";"2"
"09.11.2015 10:25:00";"1";"0";"17";"0,81";"2097152";"61237";"2,92";"0";"3";"32";"0";"2"
"09.11.2015 10:30:00";"1";"0";"15";"0,71";"2097152";"63963";"3,05";"0";"3";"32";"0";"2"
"09.11.2015 10:35:00";"1";"0";"19";"0,85";"2097152";"76546";"3,65";"0";"3";"32";"0";"2"
"09.11.2015 10:40:00";"1";"0";"18";"0,81";"2097152";"66899";"3,19";"0";"3";"32";"0";"2"
"09.11.2015 10:45:00";"1";"0";"15";"0,71";"2097152";"58511";"2,79";"0";"3";"32";"0";"2"
"09.11.2015 10:50:00";"1";"0";"18";"0,84";"2097152";"96259";"4,59";"0";"3";"32";"0";"2"
"09.11.2015 10:55:00";"1";"0";"17";"0,8";"2097152";"79482";"3,79";"0";"3";"32";"0";"2"
"09.11.2015 11:00:00";"1";"0";"15";"0,71";"2097152";"71093";"3,39";"0";"3";"32";"0";"2"
"09.11.2015 11:05:00";"1";"0";"19";"0,86";"2097152";"73820";"3,52";"0";"3";"32";"0";"2"
"09.11.2015 11:10:00";"1";"0";"17";"0,79";"2097152";"62705";"2,99";"0";"3";"32";"0";"2"
"09.11.2015 11:15:00";"1";"0";"16";"0,73";"2097152";"62705";"2,99";"0";"3";"32";"0";"2"
"09.11.2015 11:20:00";"1";"0";"19";"0,85";"2097152";"72352";"3,45";"0";"3";"32";"0";"2"
"09.11.2015 11:25:00";"1";"0";"18";"0,83";"2097152";"87871";"4,19";"0";"3";"32";"0";"2"
"09.11.2015 11:30:00";"1";"0";"16";"0,71";"2097152";"73820";"3,52";"0";"3";"32";"0";"2"
"09.11.2015 11:35:00";"1";"0";"19";"0,86";"2097152";"87871";"4,19";"0";"3";"32";"0";"2"
"09.11.2015 11:40:00";"1";"0";"17";"0,79";"2097152";"76546";"3,65";"0";"3";"32";"0";"2"
"09.11.2015 11:45:00";"1";"0";"16";"0,72";"2097152";"87871";"4,19";"0";"3";"32";"0";"2"
"09.11.2015 11:50:00";"1";"0";"19";"0,86";"2097152";"94791";"4,52";"0";"3";"32";"0";"2"
"09.11.2015 11:55:00";"1";"0";"17";"0,79";"2097152";"108842";"5,19";"0";"4";"32";"0";"2"
"09.11.2015 12:00:00";"1";"0";"16";"0,72";"2097152";"66899";"3,19";"0";"3";"32";"0";"2"
"09.11.2015 12:05:00";"1";"0";"19";"0,87";"2097152";"58511";"2,79";"0";"3";"32";"0";"2"
"09.11.2015 12:10:00";"1";"0";"17";"0,79";"2097152";"62705";"2,99";"0";"3";"32";"0";"2"
"09.11.2015 12:15:00";"1";"0";"15";"0,7";"2097152";"86403";"4,12";"0";"3";"32";"0";"2"
"09.11.2015 12:20:00";"1";"0";"19";"0,86";"2097152";"92065";"4,39";"0";"3";"32";"0";"2"
"09.11.2015 12:25:00";"1";"0";"18";"0,81";"2097152";"79482";"3,79";"0";"3";"32";"0";"2"
"09.11.2015 12:30:00";"1";"0";"15";"0,7";"2097152";"92065";"4,39";"0";"3";"32";"0";"2"
"09.11.2015 12:35:00";"1";"0";"19";"0,85";"2097152";"111568";"5,32";"0";"3";"32";"0";"2"
"09.11.2015 12:40:00";"1";"0";"18";"0,81";"2097152";"96259";"4,59";"0";"3";"32";"0";"2"
"09.11.2015 12:45:00";"1";"0";"16";"0,73";"2097152";"92065";"4,39";"0";"3";"32";"0";"2"
"09.11.2015 12:50:00";"1";"0";"18";"0,84";"2097152";"57043";"2,72";"0";"3";"32";"0";"2"
"09.11.2015 12:55:00";"1";"0";"18";"0,81";"2097152";"83676";"3,99";"0";"3";"32";"0";"2"
"09.11.2015 13:00:00";"1";"0";"15";"0,71";"2097152";"83676";"3,99";"0";"3";"32";"0";"2"
"09.11.2015 13:05:00";"1";"0";"19";"0,85";"2097152";"75288";"3,59";"0";"3";"32";"0";"2"
"09.11.2015 13:10:00";"1";"0";"18";"0,81";"2097152";"89129";"4,25";"0";"3";"32";"0";"2"
"09.11.2015 13:15:00";"1";"0";"15";"0,71";"2097152";"113036";"5,39";"0";"3";"32";"0";"2"
"09.11.2015 13:20:00";"1";"0";"19";"0,85";"2097152";"79482";"3,79";"0";"3";"32";"0";"2"
"09.11.2015 13:25:00";"1";"0";"17";"0,78";"2097152";"58511";"2,79";"0";"3";"32";"0";"2"
"09.11.2015 13:30:00";"1";"0";"16";"0,73";"2097152";"66899";"3,19";"0";"3";"32";"0";"2"
"09.11.2015 13:35:00";"1";"0";"18";"0,8";"2097152";"44460";"2,12";"0";"3";"32";"0";"2"
"09.11.2015 13:40:00";"1";"0";"18";"0,84";"2097152";"58511";"2,79";"0";"3";"32";"0";"2"
"09.11.2015 13:45:00";"1";"0";"16";"0,73";"2097152";"66899";"3,19";"0";"3";"32";"0";"2"
"09.11.2015 13:50:00";"1";"0";"18";"0,81";"2097152";"89129";"4,25";"0";"3";"32";"0";"2"
"09.11.2015 13:55:00";"1";"0";"18";"0,84";"2097152";"61237";"2,92";"0";"3";"32";"0";"2"
"09.11.2015 14:00:00";"1";"0";"15";"0,7";"2097152";"75288";"3,59";"0";"3";"32";"0";"2"
"09.11.2015 14:05:00";"1";"0";"18";"0,81";"2097152";"63963";"3,05";"0";"3";"32";"0";"2"
"09.11.2015 14:10:00";"1";"0";"19";"0,86";"2097152";"75288";"3,59";"0";"3";"32";"0";"2"
"09.11.2015 14:15:00";"1";"0";"16";"0,72";"2097152";"73820";"3,52";"0";"3";"32";"0";"2"
"09.11.2015 14:20:00";"1";"0";"18";"0,81";"2097152";"73820";"3,52";"0";"3";"32";"0";"2"
"09.11.2015 14:25:00";"1";"0";"19";"0,85";"2097152";"101712";"4,85";"0";"3";"32";"0";"2"
"09.11.2015 14:30:00";"1";"0";"16";"0,73";"2097152";"97518";"4,65";"0";"3";"32";"0";"2"
"09.11.2015 14:35:00";"1";"0";"18";"0,81";"2097152";"62705";"2,99";"0";"3";"32";"0";"2"
"09.11.2015 14:40:00";"1";"0";"18";"0,84";"2097152";"58511";"2,79";"0";"3";"32";"0";"2"
"09.11.2015 14:45:00";"1";"0";"15";"0,71";"2097152";"111568";"5,32";"0";"3";"32";"0";"2"
"09.11.2015 14:50:00";"1";"0";"18";"0,82";"2097152";"89129";"4,25";"0";"3";"32";"0";"2"
"09.11.2015 14:55:00";"1";"0";"18";"0,84";"2097152";"68157";"3,25";"0";"3";"32";"0";"2"
"09.11.2015 15:00:00";"1";"0";"36";"1,62";"2097152";"145123";"6,92";"0";"5";"32";"10";"27"
"09.11.2015 15:05:00";"1";"0";"43";"1,93";"2097152";"231735";"11,05";"0";"6";"32";"12";"32"
"09.11.2015 15:10:00";"1";"0";"33";"1,51";"2097152";"321284";"15,32";"0";"5";"32";"9";"23"
"09.11.2015 15:15:00";"1";"0";"16";"0,73";"2097152";"166094";"7,92";"0";"3";"32";"0";"2"
"09.11.2015 15:20:00";"1";"0";"18";"0,81";"2097152";"105906";"5,05";"0";"3";"32";"0";"2"
"09.11.2015 15:25:00";"1";"0";"19";"0,85";"2097152";"79482";"3,79";"0";"3";"32";"0";"2"
"09.11.2015 15:30:00";"1";"0";"15";"0,71";"2097152";"40265";"1,92";"0";"3";"32";"0";"2"
"09.11.2015 15:35:00";"1";"0";"18";"0,8";"2097152";"83676";"3,99";"0";"3";"32";"0";"2"
"09.11.2015 15:40:00";"1";"0";"19";"0,87";"2097152";"86403";"4,12";"0";"3";"32";"0";"2"
"09.11.2015 15:45:00";"1";"0";"16";"0,72";"2097152";"66899";"3,19";"0";"3";"32";"0";"2"
"09.11.2015 15:50:00";"1";"0";"18";"0,81";"2097152";"92065";"4,39";"0";"3";"32";"0";"2"
"09.11.2015 15:55:00";"1";"0";"18";"0,84";"2097152";"103180";"4,92";"0";"3";"32";"0";"2"
"09.11.2015 16:00:00";"1";"0";"15";"0,71";"2097152";"125619";"5,99";"0";"3";"32";"0";"2"
"09.11.2015 16:05:00";"1";"0";"18";"0,82";"2097152";"83676";"3,99";"0";"3";"32";"0";"2"
"09.11.2015 16:10:00";"1";"0";"18";"0,84";"2097152";"87871";"4,19";"0";"3";"32";"0";"2"
"09.11.2015 16:15:00";"1";"0";"16";"0,71";"2097152";"105906";"5,05";"0";"3";"32";"0";"2"
"09.11.2015 16:20:00";"1";"0";"17";"0,78";"2097152";"61237";"2,92";"0";"3";"32";"0";"2"
"09.11.2015 16:25:00";"1";"0";"18";"0,82";"2097152";"80740";"3,85";"0";"3";"32";"0";"2"
"09.11.2015 16:30:00";"1";"0";"15";"0,7";"2097152";"87871";"4,19";"0";"3";"32";"0";"2"
"09.11.2015 16:35:00";"1";"0";"17";"0,79";"2097152";"75288";"3,59";"0";"3";"32";"0";"2"
"09.11.2015 16:40:00";"1";"0";"19";"0,86";"2097152";"63963";"3,05";"0";"3";"32";"0";"2"
"09.11.2015 16:45:00";"1";"0";"15";"0,7";"2097152";"86403";"4,12";"0";"3";"32";"0";"2"
"09.11.2015 16:50:00";"1";"0";"17";"0,79";"2097152";"66899";"3,19";"0";"3";"32";"0";"2"
"09.11.2015 16:55:00";"1";"0";"18";"0,84";"2097152";"79482";"3,79";"0";"3";"32";"0";"2"
"09.11.2015 17:00:00";"1";"0";"15";"0,7";"2097152";"94791";"4,52";"0";"3";"32";"0";"2"
"09.11.2015 17:05:00";"1";"0";"17";"0,79";"2097152";"90597";"4,32";"0";"3";"32";"0";"2"
"09.11.2015 17:10:00";"1";"0";"18";"0,83";"2097152";"117231";"5,59";"0";"3";"32";"0";"2"
"09.11.2015 17:15:00";"1";"0";"15";"0,7";"2097152";"103180";"4,92";"0";"3";"32";"0";"2"
"09.11.2015 17:20:00";"1";"0";"18";"0,81";"2097152";"80740";"3,85";"0";"3";"32";"0";"2"
"09.11.2015 17:25:00";"1";"0";"18";"0,84";"2097152";"76546";"3,65";"0";"3";"32";"0";"2"
"09.11.2015 17:30:00";"1";"0";"15";"0,69";"2097152";"82208";"3,92";"0";"3";"32";"0";"2"
"09.11.2015 17:35:00";"1";"0";"17";"0,78";"2097152";"73820";"3,52";"0";"3";"32";"0";"2"
"09.11.2015 17:40:00";"1";"0";"18";"0,84";"2097152";"68157";"3,25";"0";"3";"32";"0";"2"
"09.11.2015 17:45:00";"1";"0";"16";"0,72";"2097152";"50122";"2,39";"0";"3";"32";"0";"2"
"09.11.2015 17:50:00";"1";"0";"18";"0,8";"2097152";"78014";"3,72";"0";"3";"32";"0";"2"
"09.11.2015 17:55:00";"1";"0";"18";"0,83";"2097152";"80740";"3,85";"0";"3";"32";"0";"2"
"09.11.2015 18:00:00";"1";"0";"15";"0,7";"2097152";"79482";"3,79";"0";"3";"32";"0";"2"
"09.11.2015 18:05:00";"1";"0";"18";"0,82";"2097152";"62705";"2,99";"0";"3";"32";"0";"2"
"09.11.2015 18:10:00";"1";"0";"18";"0,84";"2097152";"82208";"3,92";"0";"3";"32";"0";"2"
"09.11.2015 18:15:00";"1";"0";"15";"0,71";"2097152";"89129";"4,25";"0";"3";"32";"0";"2"
"09.11.2015 18:20:00";"1";"0";"17";"0,79";"2097152";"97518";"4,65";"0";"3";"32";"0";"2"
"09.11.2015 18:25:00";"1";"0";"18";"0,82";"2097152";"59769";"2,85";"0";"3";"32";"0";"2"
"09.11.2015 18:30:00";"1";"0";"15";"0,69";"2097152";"78014";"3,72";"0";"3";"32";"0";"2"
"09.11.2015 18:35:00";"1";"0";"17";"0,8";"2097152";"89129";"4,25";"0";"3";"32";"0";"2"
"09.11.2015 18:40:00";"1";"0";"18";"0,82";"2097152";"103180";"4,92";"0";"3";"32";"0";"2"
"09.11.2015 18:45:00";"1";"0";"15";"0,7";"2097152";"98986";"4,72";"0";"3";"32";"0";"2"
"09.11.2015 18:50:00";"1";"0";"17";"0,79";"2097152";"103180";"4,92";"0";"3";"32";"0";"2"
"09.11.2015 18:55:00";"1";"0";"18";"0,83";"2097152";"71093";"3,39";"0";"3";"32";"0";"2"
"09.11.2015 19:00:00";"1";"0";"15";"0,69";"2097152";"87871";"4,19";"0";"3";"32";"0";"2"
"09.11.2015 19:05:00";"1";"0";"17";"0,8";"2097152";"100454";"4,79";"0";"4";"32";"0";"2"
"09.11.2015 19:10:00";"1";"0";"18";"0,82";"2097152";"86403";"4,12";"0";"3";"32";"0";"2"
"09.11.2015 19:15:00";"1";"0";"15";"0,7";"2097152";"76546";"3,65";"0";"3";"32";"0";"2"
"09.11.2015 19:20:00";"1";"0";"17";"0,79";"2097152";"72352";"3,45";"0";"3";"32";"0";"2"
"09.11.2015 19:25:00";"1";"0";"19";"0,85";"2097152";"104648";"4,99";"0";"3";"32";"0";"2"
"09.11.2015 19:30:00";"1";"0";"15";"0,7";"2097152";"103180";"4,92";"0";"3";"32";"0";"2"
"09.11.2015 19:35:00";"1";"0";"17";"0,79";"2097152";"40265";"1,92";"0";"3";"32";"0";"2"
"09.11.2015 19:40:00";"1";"0";"18";"0,82";"2097152";"42992";"2,05";"0";"3";"32";"0";"2"
"09.11.2015 19:45:00";"1";"0";"15";"0,71";"2097152";"63963";"3,05";"0";"3";"32";"0";"2"
"09.11.2015 19:50:00";"1";"0";"17";"0,8";"2097152";"82208";"3,92";"0";"3";"32";"0";"2"
"09.11.2015 19:55:00";"1";"0";"18";"0,81";"2097152";"84935";"4,05";"0";"3";"32";"0";"2"
"09.11.2015 20:00:00";"1";"0";"15";"0,7";"2097152";"82208";"3,92";"0";"3";"32";"0";"2"
"09.11.2015 20:05:00";"1";"0";"18";"0,81";"2097152";"119957";"5,72";"0";"3";"32";"0";"2"
"09.11.2015 20:10:00";"1";"0";"18";"0,82";"2097152";"97518";"4,65";"0";"3";"32";"0";"2"
"09.11.2015 20:15:00";"1";"0";"15";"0,7";"2097152";"86403";"4,12";"0";"3";"32";"0";"2"
"09.11.2015 20:20:00";"1";"0";"18";"0,81";"2097152";"82208";"3,92";"0";"3";"32";"0";"2"
"09.11.2015 20:25:00";"1";"0";"18";"0,82";"2097152";"69625";"3,32";"0";"3";"32";"0";"2"
"09.11.2015 20:30:00";"1";"0";"15";"0,69";"2097152";"76546";"3,65";"0";"3";"32";"0";"2"
"09.11.2015 20:35:00";"1";"0";"17";"0,79";"2097152";"104648";"4,99";"0";"3";"32";"0";"2"
"09.11.2015 20:40:00";"1";"0";"18";"0,84";"2097152";"89129";"4,25";"0";"3";"32";"0";"2"
"09.11.2015 20:45:00";"1";"0";"15";"0,72";"2097152";"121425";"5,79";"0";"3";"32";"0";"2"
"09.11.2015 20:50:00";"1";"0";"17";"0,79";"2097152";"98986";"4,72";"0";"3";"32";"0";"2"
"09.11.2015 20:55:00";"1";"0";"18";"0,84";"2097152";"113036";"5,39";"0";"3";"32";"0";"2"
"09.11.2015 21:00:00";"1";"0";"15";"0,71";"2097152";"78014";"3,72";"0";"3";"32";"0";"2"
"09.11.2015 21:05:00";"1";"0";"18";"0,81";"2097152";"84935";"4,05";"0";"3";"32";"0";"2"
"09.11.2015 21:10:00";"1";"0";"18";"0,81";"2097152";"80740";"3,85";"0";"3";"32";"0";"2"
"09.11.2015 21:15:00";"1";"0";"15";"0,71";"2097152";"101712";"4,85";"0";"3";"32";"0";"2"
"09.11.2015 21:20:00";"1";"0";"17";"0,78";"2097152";"76546";"3,65";"0";"3";"32";"0";"2"
"09.11.2015 21:25:00";"1";"0";"18";"0,83";"2097152";"73820";"3,52";"0";"3";"32";"0";"2"
"09.11.2015 21:30:00";"1";"0";"15";"0,7";"2097152";"93323";"4,45";"0";"3";"32";"0";"2"
"09.11.2015 21:35:00";"1";"0";"17";"0,78";"2097152";"87871";"4,19";"0";"3";"32";"0";"2"
"09.11.2015 21:40:00";"1";"0";"18";"0,83";"2097152";"79482";"3,79";"0";"3";"32";"0";"2"
"09.11.2015 21:45:00";"1";"0";"15";"0,69";"2097152";"55575";"2,65";"0";"3";"32";"0";"2"
"09.11.2015 21:50:00";"1";"0";"17";"0,78";"2097152";"75288";"3,59";"0";"3";"32";"0";"2"
"09.11.2015 21:55:00";"1";"0";"19";"0,84";"2097152";"61237";"2,92";"0";"3";"32";"0";"2"
"09.11.2015 22:00:00";"1";"0";"15";"0,7";"2097152";"58511";"2,79";"0";"3";"32";"0";"2"
"09.11.2015 22:05:00";"1";"0";"18";"0,81";"2097152";"73820";"3,52";"0";"3";"32";"0";"2"
"09.11.2015 22:10:00";"1";"0";"19";"0,86";"2097152";"94791";"4,52";"0";"3";"32";"0";"2"
"09.11.2015 22:15:00";"1";"0";"16";"0,74";"2097152";"76546";"3,65";"0";"3";"32";"0";"2"
"09.11.2015 22:20:00";"1";"0";"18";"0,84";"2097152";"83676";"3,99";"0";"3";"32";"0";"2"
"09.11.2015 22:25:00";"1";"0";"20";"0,89";"2097152";"75288";"3,59";"0";"3";"32";"0";"2"
"09.11.2015 22:30:00";"1";"0";"16";"0,75";"2097152";"75288";"3,59";"0";"3";"32";"0";"2"
"09.11.2015 22:35:00";"1";"0";"18";"0,84";"2097152";"61237";"2,92";"0";"3";"32";"0";"2"
"09.11.2015 22:40:00";"1";"0";"19";"0,87";"2097152";"66899";"3,19";"0";"3";"32";"0";"2"
"09.11.2015 22:45:00";"1";"0";"16";"0,73";"2097152";"68157";"3,25";"0";"3";"32";"0";"2"
"09.11.2015 22:50:00";"1";"0";"17";"0,78";"2097152";"72352";"3,45";"0";"3";"32";"0";"2"
"09.11.2015 22:55:00";"1";"0";"18";"0,82";"2097152";"92065";"4,39";"0";"3";"32";"0";"2"
"09.11.2015 23:00:00";"1";"0";"15";"0,7";"2097152";"119957";"5,72";"0";"3";"32";"0";"2"
"09.11.2015 23:05:00";"1";"0";"19";"0,87";"2097152";"82208";"3,92";"0";"3";"32";"0";"2"
"09.11.2015 23:10:00";"1";"0";"17";"0,79";"2097152";"79482";"3,79";"0";"3";"32";"0";"2"
"09.11.2015 23:15:00";"1";"0";"15";"0,69";"2097152";"75288";"3,59";"0";"3";"32";"0";"2"
"09.11.2015 23:20:00";"1";"0";"19";"0,85";"2097152";"50122";"2,39";"0";"3";"32";"0";"2"
"09.11.2015 23:25:00";"1";"0";"17";"0,79";"2097152";"63963";"3,05";"0";"3";"32";"0";"2"
"09.11.2015 23:30:00";"1";"0";"15";"0,69";"2097152";"104648";"4,99";"0";"3";"32";"0";"2"
"09.11.2015 23:35:00";"1";"0";"18";"0,84";"2097152";"75288";"3,59";"0";"3";"32";"0";"2"
"09.11.2015 23:40:00";"1";"0";"17";"0,78";"2097152";"107374";"5,12";"0";"3";"32";"0";"2"
"09.11.2015 23:45:00";"1";"0";"15";"0,7";"2097152";"96259";"4,59";"0";"3";"32";"0";"2"
"09.11.2015 23:50:00";"1";"0";"20";"0,92";"2097152";"94791";"4,52";"0";"3";"32";"0";"2"
"09.11.2015 23:55:00";"1";"0";"17";"0,8";"2097152";"175951";"8,39";"0";"3";"32";"0";"2"
"10.11.2015 00:00:00";"1";"0";"15";"0,69";"2097152";"86403";"4,12";"0";"4";"32";"0";"2"
"10.11.2015 00:05:00";"1";"0";"20";"0,9";"2097152";"62705";"2,99";"0";"4";"32";"0";"2"
"10.11.2015 00:10:00";"1";"0";"17";"0,78";"2097152";"75288";"3,59";"0";"3";"32";"0";"2"
"10.11.2015 00:15:00";"1";"0";"15";"0,7";"2097152";"84935";"4,05";"0";"3";"32";"0";"2"
"10.11.2015 00:20:00";"1";"0";"19";"0,85";"2097152";"80740";"3,85";"0";"3";"32";"0";"2"
"10.11.2015 00:25:00";"1";"0";"17";"0,77";"2097152";"80740";"3,85";"0";"3";"32";"0";"2"
"10.11.2015 00:30:00";"1";"0";"15";"0,71";"2097152";"61237";"2,92";"0";"3";"32";"0";"2"
"10.11.2015 00:35:00";"1";"0";"18";"0,82";"2097152";"89129";"4,25";"0";"3";"32";"0";"2"
"10.11.2015 00:40:00";"1";"0";"17";"0,78";"2097152";"96259";"4,59";"0";"3";"32";"0";"2"
"10.11.2015 00:45:00";"1";"0";"15";"0,7";"2097152";"86403";"4,12";"0";"4";"32";"0";"2"
"10.11.2015 00:50:00";"1";"0";"18";"0,83";"2097152";"92065";"4,39";"0";"3";"32";"0";"2"
"10.11.2015 00:55:00";"1";"0";"18";"0,83";"2097152";"79482";"3,79";"0";"3";"32";"0";"2"
"10.11.2015 01:00:00";"1";"0";"15";"0,71";"2097152";"90597";"4,32";"0";"3";"32";"0";"2"
"10.11.2015 01:05:00";"1";"0";"18";"0,84";"2097152";"83676";"3,99";"0";"4";"32";"0";"2"
"10.11.2015 01:10:00";"1";"0";"17";"0,77";"2097152";"92065";"4,39";"0";"3";"32";"0";"2"
"10.11.2015 01:15:00";"1";"0";"15";"0,69";"2097152";"92065";"4,39";"0";"3";"32";"0";"2"
"10.11.2015 01:20:00";"1";"0";"18";"0,82";"2097152";"96259";"4,59";"0";"3";"32";"0";"2"
"10.11.2015 01:25:00";"1";"0";"17";"0,77";"2097152";"80740";"3,85";"0";"3";"32";"0";"2"
"10.11.2015 01:30:00";"1";"0";"15";"0,69";"2097152";"63963";"3,05";"0";"3";"32";"0";"2"
"10.11.2015 01:35:00";"1";"0";"18";"0,85";"2097152";"69625";"3,32";"0";"3";"32";"0";"2"
"10.11.2015 01:40:00";"1";"0";"17";"0,78";"2097152";"103180";"4,92";"0";"3";"32";"0";"2"
"10.11.2015 01:45:00";"1";"0";"15";"0,7";"2097152";"108842";"5,19";"0";"3";"32";"0";"2"
"10.11.2015 01:50:00";"1";"0";"18";"0,83";"2097152";"75288";"3,59";"0";"3";"32";"0";"2"
"10.11.2015 01:55:00";"1";"0";"17";"0,76";"2097152";"73820";"3,52";"0";"3";"32";"0";"2"
"10.11.2015 02:00:00";"1";"0";"15";"0,69";"2097152";"63963";"3,05";"0";"3";"32";"0";"2"
"10.11.2015 02:05:00";"1";"0";"18";"0,84";"2097152";"75288";"3,59";"0";"4";"32";"0";"2"
"10.11.2015 02:10:00";"1";"0";"17";"0,76";"2097152";"111568";"5,32";"0";"3";"32";"0";"2"
"10.11.2015 02:15:00";"1";"0";"15";"0,69";"2097152";"90597";"4,32";"0";"3";"32";"0";"2"
"10.11.2015 02:20:00";"1";"0";"18";"0,84";"2097152";"83676";"3,99";"0";"3";"32";"0";"2"
"10.11.2015 02:25:00";"1";"0";"17";"0,77";"2097152";"63963";"3,05";"0";"3";"32";"0";"2"
"10.11.2015 02:30:00";"1";"0";"15";"0,69";"2097152";"71093";"3,39";"0";"3";"32";"0";"2"
"10.11.2015 02:35:00";"1";"0";"18";"0,82";"2097152";"82208";"3,92";"0";"3";"32";"0";"2"
"10.11.2015 02:40:00";"1";"0";"17";"0,76";"2097152";"97518";"4,65";"0";"3";"32";"0";"2"
"10.11.2015 02:45:00";"1";"0";"15";"0,69";"2097152";"69625";"3,32";"0";"3";"32";"0";"2"
"10.11.2015 02:50:00";"1";"0";"18";"0,82";"2097152";"62705";"2,99";"0";"3";"32";"0";"2"
"10.11.2015 02:55:00";"1";"0";"17";"0,77";"2097152";"83676";"3,99";"0";"3";"32";"0";"2"
"10.11.2015 03:00:00";"1";"0";"15";"0,68";"2097152";"66899";"3,19";"0";"3";"32";"0";"2"
"10.11.2015 03:05:00";"1";"0";"18";"0,83";"2097152";"87871";"4,19";"0";"4";"32";"0";"2"
"10.11.2015 03:10:00";"1";"0";"17";"0,76";"2097152";"68157";"3,25";"0";"3";"32";"0";"2"
"10.11.2015 03:15:00";"1";"0";"15";"0,68";"2097152";"71093";"3,39";"0";"3";"32";"0";"2"
"10.11.2015 03:20:00";"1";"0";"18";"0,83";"2097152";"84935";"4,05";"0";"3";"32";"0";"2"
"10.11.2015 03:25:00";"1";"0";"17";"0,77";"2097152";"97518";"4,65";"0";"3";"32";"0";"2"
"10.11.2015 03:30:00";"1";"0";"15";"0,72";"2097152";"92065";"4,39";"0";"3";"32";"0";"2"
"10.11.2015 03:35:00";"1";"0";"18";"0,81";"2097152";"75288";"3,59";"0";"3";"32";"0";"2"
"10.11.2015 03:40:00";"1";"0";"18";"0,81";"2097152";"73820";"3,52";"0";"3";"32";"0";"2"
"10.11.2015 03:45:00";"1";"0";"15";"0,69";"2097152";"92065";"4,39";"0";"3";"32";"0";"2"
"10.11.2015 03:50:00";"1";"0";"19";"0,89";"2097152";"82208";"3,92";"2";"17";"32";"0";"2"
"10.11.2015 03:55:00";"1";"0";"18";"0,83";"2097152";"92065";"4,39";"0";"3";"32";"0";"2"
"10.11.2015 04:00:00";"1";"0";"15";"0,69";"2097152";"72352";"3,45";"0";"3";"32";"0";"2"
"10.11.2015 04:05:00";"1";"0";"17";"0,78";"2097152";"92065";"4,39";"0";"4";"32";"0";"2"
"10.11.2015 04:10:00";"1";"0";"18";"0,81";"2097152";"72352";"3,45";"0";"3";"32";"0";"2"
"10.11.2015 04:15:00";"1";"0";"15";"0,69";"2097152";"92065";"4,39";"0";"3";"32";"0";"2"
"10.11.2015 04:20:00";"1";"0";"17";"0,77";"2097152";"76546";"3,65";"0";"3";"32";"0";"2"
"10.11.2015 04:25:00";"1";"0";"18";"0,82";"2097152";"86403";"4,12";"0";"3";"32";"0";"2"
"10.11.2015 04:30:00";"1";"0";"15";"0,69";"2097152";"142397";"6,79";"0";"3";"32";"0";"2"
"10.11.2015 04:35:00";"1";"0";"17";"0,78";"2097152";"76546";"3,65";"0";"3";"32";"0";"2"
"10.11.2015 04:40:00";"1";"0";"18";"0,84";"2097152";"87871";"4,19";"0";"3";"32";"0";"2"
"10.11.2015 04:45:00";"1";"0";"15";"0,71";"2097152";"87871";"4,19";"0";"3";"32";"0";"2"
"10.11.2015 04:50:00";"1";"0";"17";"0,78";"2097152";"69625";"3,32";"0";"3";"32";"0";"2"
"10.11.2015 04:55:00";"1";"0";"18";"0,81";"2097152";"103180";"4,92";"0";"3";"32";"0";"2"
"10.11.2015 05:00:00";"1";"0";"16";"0,71";"2097152";"68157";"3,25";"0";"3";"32";"0";"2"
"10.11.2015 05:05:00";"1";"0";"18";"0,8";"2097152";"68157";"3,25";"0";"3";"32";"0";"2"
"10.11.2015 05:10:00";"1";"0";"18";"0,81";"2097152";"94791";"4,52";"0";"3";"32";"0";"2"
"10.11.2015 05:15:00";"1";"0";"15";"0,71";"2097152";"72352";"3,45";"0";"3";"32";"0";"2"
"10.11.2015 05:20:00";"1";"0";"17";"0,78";"2097152";"75288";"3,59";"0";"3";"32";"0";"2"
"10.11.2015 05:25:00";"1";"0";"18";"0,83";"2097152";"87871";"4,19";"0";"3";"32";"0";"2"
"10.11.2015 05:30:00";"1";"0";"15";"0,68";"2097152";"104648";"4,99";"0";"3";"32";"0";"2"
"10.11.2015 05:35:00";"1";"0";"17";"0,77";"2097152";"108842";"5,19";"0";"3";"32";"0";"2"
"10.11.2015 05:40:00";"1";"0";"18";"0,82";"2097152";"54316";"2,59";"0";"3";"32";"0";"2"
"10.11.2015 05:45:00";"1";"0";"15";"0,69";"2097152";"42992";"2,05";"0";"3";"32";"0";"2"
"10.11.2015 05:50:00";"1";"0";"17";"0,78";"2097152";"72352";"3,45";"0";"3";"32";"0";"2"
"10.11.2015 05:55:00";"1";"0";"18";"0,83";"2097152";"76546";"3,65";"0";"3";"32";"0";"2"
"10.11.2015 06:00:00";"1";"0";"15";"0,68";"2097152";"69625";"3,32";"0";"3";"32";"0";"2"
"10.11.2015 06:05:00";"1";"0";"17";"0,78";"2097152";"105906";"5,05";"0";"3";"32";"0";"2"
"10.11.2015 06:10:00";"1";"0";"18";"0,82";"2097152";"83676";"3,99";"0";"3";"32";"0";"2"
"10.11.2015 06:15:00";"1";"0";"15";"0,69";"2097152";"83676";"3,99";"0";"3";"32";"0";"2"
"10.11.2015 06:20:00";"1";"0";"17";"0,77";"2097152";"97518";"4,65";"0";"3";"32";"0";"2"
"10.11.2015 06:25:00";"1";"0";"18";"0,84";"2097152";"62705";"2,99";"0";"3";"32";"0";"2"
"10.11.2015 06:30:00";"1";"0";"15";"0,69";"2097152";"83676";"3,99";"0";"3";"32";"0";"2"
"10.11.2015 06:35:00";"1";"0";"17";"0,79";"2097152";"79482";"3,79";"0";"3";"32";"0";"2"
"10.11.2015 06:40:00";"1";"0";"18";"0,82";"2097152";"87871";"4,19";"0";"3";"32";"0";"2"
"10.11.2015 06:45:00";"1";"0";"16";"0,72";"2097152";"79482";"3,79";"0";"3";"32";"0";"2"
"10.11.2015 06:50:00";"1";"0";"17";"0,77";"2097152";"75288";"3,59";"0";"3";"32";"0";"2"
"10.11.2015 06:55:00";"1";"0";"18";"0,82";"2097152";"92065";"4,39";"0";"4";"32";"0";"2"
"10.11.2015 07:00:00";"1";"0";"15";"0,69";"2097152";"58511";"2,79";"0";"3";"32";"0";"2"
"10.11.2015 07:05:00";"1";"0";"18";"0,81";"2097152";"62705";"2,99";"0";"3";"32";"0";"2"
"10.11.2015 07:10:00";"1";"0";"18";"0,82";"2097152";"75288";"3,59";"0";"3";"32";"0";"2"
"10.11.2015 07:15:00";"1";"0";"15";"0,69";"2097152";"62705";"2,99";"0";"3";"32";"0";"2"
"10.11.2015 07:20:00";"1";"0";"17";"0,79";"2097152";"69625";"3,32";"0";"3";"32";"0";"2"
"10.11.2015 07:25:00";"1";"0";"18";"0,82";"2097152";"79482";"3,79";"0";"3";"32";"0";"2"
"10.11.2015 07:30:00";"1";"0";"15";"0,7";"2097152";"57043";"2,72";"0";"3";"32";"0";"2"
"10.11.2015 07:35:00";"1";"0";"17";"0,79";"2097152";"72352";"3,45";"0";"3";"32";"0";"2"
"10.11.2015 07:40:00";"1";"0";"19";"0,86";"2097152";"62705";"2,99";"0";"3";"32";"0";"2"
"10.11.2015 07:45:00";"1";"0";"16";"0,74";"2097152";"83676";"3,99";"0";"3";"32";"0";"2"
"10.11.2015 07:50:00";"1";"0";"17";"0,78";"2097152";"84935";"4,05";"0";"3";"32";"0";"2"
"10.11.2015 07:55:00";"1";"0";"19";"0,85";"2097152";"94791";"4,52";"0";"3";"32";"0";"2"
"10.11.2015 08:00:00";"1";"0";"15";"0,71";"2097152";"75288";"3,59";"0";"3";"32";"0";"2"
"10.11.2015 08:05:00";"1";"0";"18";"0,8";"2097152";"103180";"4,92";"0";"4";"32";"0";"2"
"10.11.2015 08:10:00";"1";"0";"18";"0,82";"2097152";"96259";"4,59";"0";"3";"32";"0";"2"
"10.11.2015 08:15:00";"1";"0";"15";"0,7";"2097152";"90597";"4,32";"0";"3";"32";"0";"2"
"10.11.2015 08:20:00";"1";"0";"17";"0,78";"2097152";"84935";"4,05";"0";"3";"32";"0";"2"
"10.11.2015 08:25:00";"1";"0";"18";"0,83";"2097152";"89129";"4,25";"0";"3";"32";"0";"2"
"10.11.2015 08:30:00";"1";"0";"15";"0,7";"2097152";"96259";"4,59";"0";"3";"32";"0";"2"
"10.11.2015 08:35:00";"1";"0";"17";"0,8";"2097152";"73820";"3,52";"0";"3";"32";"0";"2"
"10.11.2015 08:40:00";"1";"0";"18";"0,81";"2097152";"55575";"2,65";"0";"3";"32";"0";"2"
"10.11.2015 08:45:00";"1";"0";"15";"0,71";"2097152";"62705";"2,99";"0";"3";"32";"0";"2"
"10.11.2015 08:50:00";"1";"0";"17";"0,79";"2097152";"58511";"2,79";"0";"3";"32";"0";"2"
"10.11.2015 08:55:00";"1";"0";"18";"0,82";"2097152";"108842";"5,19";"0";"3";"32";"0";"2"
"10.11.2015 09:00:00";"1";"0";"15";"0,7";"2097152";"82208";"3,92";"0";"3";"32";"0";"2"
"10.11.2015 09:05:00";"1";"0";"37";"1,66";"2097152";"456969";"21,79";"0";"5";"32";"22";"9"
"10.11.2015 09:10:00";"1";"0";"19";"0,84";"2097152";"368889";"17,59";"0";"3";"32";"0";"2"
"10.11.2015 09:15:00";"1";"0";"15";"0,71";"2097152";"117231";"5,59";"0";"3";"32";"0";"2"
"10.11.2015 09:20:00";"1";"0";"17";"0,8";"2097152";"71093";"3,39";"0";"3";"32";"0";"2"
"10.11.2015 09:25:00";"1";"0";"18";"0,83";"2097152";"66899";"3,19";"0";"3";"32";"0";"2"
"10.11.2015 09:30:00";"1";"0";"15";"0,7";"2097152";"36071";"1,72";"0";"3";"32";"0";"2"
"10.11.2015 09:35:00";"1";"0";"18";"0,81";"2097152";"58511";"2,79";"0";"3";"32";"0";"2"
"10.11.2015 09:40:00";"1";"0";"18";"0,83";"2097152";"59769";"2,85";"0";"3";"32";"0";"2"
"10.11.2015 09:45:00";"1";"0";"15";"0,7";"2097152";"73820";"3,52";"0";"3";"32";"0";"2"
"10.11.2015 09:50:00";"1";"0";"17";"0,79";"2097152";"93323";"4,45";"0";"3";"32";"0";"2"
"10.11.2015 09:55:00";"1";"0";"19";"0,84";"2097152";"79482";"3,79";"0";"3";"32";"0";"2"
"10.11.2015 10:00:00";"1";"0";"15";"0,7";"2097152";"58511";"2,79";"0";"3";"32";"0";"2"
"10.11.2015 10:05:00";"1";"0";"17";"0,8";"2097152";"89129";"4,25";"0";"4";"32";"0";"2"
"10.11.2015 10:10:00";"1";"0";"19";"0,85";"2097152";"84935";"4,05";"0";"3";"32";"0";"2"
"10.11.2015 10:15:00";"1";"0";"15";"0,71";"2097152";"76546";"3,65";"0";"3";"32";"0";"2"
"10.11.2015 10:20:00";"1";"0";"17";"0,78";"2097152";"89129";"4,25";"0";"3";"32";"0";"2"
"10.11.2015 10:25:00";"1";"0";"18";"0,84";"2097152";"96259";"4,59";"0";"3";"32";"0";"2"
"10.11.2015 10:30:00";"1";"0";"15";"0,71";"2097152";"80740";"3,85";"0";"3";"32";"0";"2"
"10.11.2015 10:35:00";"1";"0";"18";"0,81";"2097152";"101712";"4,85";"0";"3";"32";"0";"2"
"10.11.2015 10:40:00";"1";"0";"18";"0,83";"2097152";"72352";"3,45";"0";"3";"32";"0";"2"
"10.11.2015 10:45:00";"1";"0";"15";"0,71";"2097152";"101712";"4,85";"0";"3";"32";"0";"2"
"10.11.2015 10:50:00";"1";"0";"17";"0,78";"2097152";"105906";"5,05";"0";"3";"32";"0";"2"
"10.11.2015 10:55:00";"1";"0";"19";"0,85";"2097152";"100454";"4,79";"0";"3";"32";"0";"2"
"10.11.2015 11:00:00";"1";"0";"15";"0,71";"2097152";"96259";"4,59";"0";"3";"32";"0";"2"
"10.11.2015 11:05:00";"1";"0";"18";"0,82";"2097152";"79482";"3,79";"0";"4";"32";"0";"2"
"10.11.2015 11:10:00";"1";"0";"19";"0,85";"2097152";"83676";"3,99";"0";"3";"32";"0";"2"
"10.11.2015 11:15:00";"1";"0";"15";"0,7";"2097152";"84935";"4,05";"0";"3";"32";"0";"2"
"10.11.2015 11:20:00";"1";"0";"17";"0,8";"2097152";"94791";"4,52";"0";"3";"32";"0";"2"
"10.11.2015 11:25:00";"1";"0";"18";"0,83";"2097152";"75288";"3,59";"0";"3";"32";"0";"2"
"10.11.2015 11:30:00";"1";"0";"15";"0,7";"2097152";"87871";"4,19";"0";"3";"32";"0";"2"
"10.11.2015 11:35:00";"1";"0";"18";"0,81";"2097152";"98986";"4,72";"0";"3";"32";"0";"2"
"10.11.2015 11:40:00";"1";"0";"18";"0,83";"2097152";"105906";"5,05";"0";"3";"32";"0";"2"
"10.11.2015 11:45:00";"1";"0";"15";"0,7";"2097152";"80740";"3,85";"0";"3";"32";"0";"2"
"10.11.2015 11:50:00";"1";"0";"17";"0,78";"2097152";"62705";"2,99";"0";"3";"32";"0";"2"
"10.11.2015 11:55:00";"1";"0";"18";"0,82";"2097152";"66899";"3,19";"0";"3";"32";"0";"2"
"10.11.2015 12:00:00";"1";"0";"15";"0,7";"2097152";"58511";"2,79";"0";"3";"32";"0";"2"
"10.11.2015 12:05:00";"1";"0";"17";"0,8";"2097152";"83676";"3,99";"0";"4";"32";"0";"2"
"10.11.2015 12:10:00";"1";"0";"18";"0,82";"2097152";"93323";"4,45";"0";"3";"32";"0";"2"
"10.11.2015 12:15:00";"1";"0";"15";"0,71";"2097152";"86403";"4,12";"0";"3";"32";"0";"2"
"10.11.2015 12:20:00";"1";"0";"17";"0,78";"2097152";"72352";"3,45";"0";"3";"32";"0";"2"
"10.11.2015 12:25:00";"1";"0";"18";"0,83";"2097152";"66899";"3,19";"0";"3";"32";"0";"2"
"10.11.2015 12:30:00";"1";"0";"15";"0,69";"2097152";"71093";"3,39";"0";"3";"32";"0";"2"
"10.11.2015 12:35:00";"1";"0";"18";"0,83";"2097152";"75288";"3,59";"0";"3";"32";"0";"2"
"10.11.2015 12:40:00";"1";"0";"17";"0,78";"2097152";"66899";"3,19";"0";"3";"32";"0";"2"
"10.11.2015 12:45:00";"1";"0";"15";"0,71";"2097152";"66899";"3,19";"0";"3";"32";"0";"2"
"10.11.2015 12:50:00";"1";"0";"18";"0,83";"2097152";"71093";"3,39";"0";"3";"32";"0";"2"
"10.11.2015 12:55:00";"1";"0";"17";"0,78";"2097152";"75288";"3,59";"0";"3";"32";"0";"2"
"10.11.2015 13:00:00";"1";"0";"15";"0,7";"2097152";"57043";"2,72";"0";"3";"32";"0";"2"
"10.11.2015 13:05:00";"1";"0";"18";"0,8";"2097152";"75288";"3,59";"0";"4";"32";"0";"2"
"10.11.2015 13:10:00";"1";"0";"18";"0,82";"2097152";"80740";"3,85";"0";"3";"32";"0";"2"
"10.11.2015 13:15:00";"1";"0";"16";"0,72";"2097152";"98986";"4,72";"0";"3";"32";"0";"2"
"10.11.2015 13:20:00";"1";"0";"17";"0,79";"2097152";"82208";"3,92";"0";"3";"32";"0";"2"
"10.11.2015 13:25:00";"1";"0";"18";"0,84";"2097152";"82208";"3,92";"0";"3";"32";"0";"2"
"10.11.2015 13:30:00";"1";"0";"15";"0,71";"2097152";"69625";"3,32";"0";"3";"32";"0";"2"
"10.11.2015 13:35:00";"1";"0";"17";"0,79";"2097152";"78014";"3,72";"0";"3";"32";"0";"2"
"10.11.2015 13:40:00";"1";"0";"18";"0,84";"2097152";"86403";"4,12";"0";"3";"32";"0";"2"
"10.11.2015 13:45:00";"1";"0";"16";"0,73";"2097152";"59769";"2,85";"0";"3";"32";"0";"2"
"10.11.2015 13:50:00";"1";"0";"17";"0,79";"2097152";"76546";"3,65";"0";"3";"32";"0";"2"
"10.11.2015 13:55:00";"1";"0";"19";"0,86";"2097152";"82208";"3,92";"0";"3";"32";"0";"2"
"10.11.2015 14:00:00";"1";"0";"16";"0,72";"2097152";"76546";"3,65";"0";"3";"32";"0";"2"
"10.11.2015 14:05:00";"1";"0";"18";"0,8";"2097152";"65431";"3,12";"0";"3";"32";"0";"2"
"10.11.2015 14:10:00";"1";"0";"18";"0,83";"2097152";"69625";"3,32";"0";"3";"32";"0";"2"
"10.11.2015 14:15:00";"1";"0";"16";"0,72";"2097152";"87871";"4,19";"0";"3";"32";"0";"2"
"10.11.2015 14:20:00";"1";"0";"18";"0,81";"2097152";"93323";"4,45";"0";"3";"32";"0";"2"
"10.11.2015 14:25:00";"1";"0";"19";"0,86";"2097152";"84935";"4,05";"0";"3";"32";"0";"2"
"10.11.2015 14:30:00";"1";"0";"16";"0,73";"2097152";"82208";"3,92";"0";"3";"32";"0";"2"
"10.11.2015 14:35:00";"1";"0";"18";"0,8";"2097152";"76546";"3,65";"0";"3";"32";"0";"2"
"10.11.2015 14:40:00";"1";"0";"18";"0,81";"2097152";"94791";"4,52";"0";"3";"32";"0";"2"
"10.11.2015 14:45:00";"1";"0";"15";"0,71";"2097152";"89129";"4,25";"0";"3";"32";"0";"2"
"10.11.2015 14:50:00";"1";"0";"17";"0,79";"2097152";"80740";"3,85";"0";"3";"32";"0";"2"
"10.11.2015 14:55:00";"1";"0";"18";"0,83";"2097152";"100454";"4,79";"0";"4";"32";"0";"2"
"10.11.2015 15:00:00";"1";"0";"15";"0,7";"2097152";"76546";"3,65";"0";"3";"32";"0";"2"
"10.11.2015 15:05:00";"1";"0";"18";"0,81";"2097152";"113036";"5,39";"0";"4";"32";"0";"2"
"10.11.2015 15:10:00";"1";"0";"18";"0,82";"2097152";"87871";"4,19";"0";"3";"32";"0";"2"
"10.11.2015 15:15:00";"1";"0";"15";"0,7";"2097152";"90597";"4,32";"0";"3";"32";"0";"2"
"10.11.2015 15:20:00";"1";"0";"17";"0,78";"2097152";"57043";"2,72";"0";"3";"32";"0";"2"
"10.11.2015 15:25:00";"1";"0";"18";"0,83";"2097152";"63963";"3,05";"0";"3";"32";"0";"2"
"10.11.2015 15:30:00";"1";"0";"15";"0,71";"2097152";"65431";"3,12";"0";"3";"32";"0";"2"
"10.11.2015 15:35:00";"1";"0";"18";"0,82";"2097152";"50122";"2,39";"0";"3";"32";"0";"2"
"10.11.2015 15:40:00";"1";"0";"18";"0,81";"2097152";"78014";"3,72";"0";"3";"32";"0";"2"
"10.11.2015 15:45:00";"1";"0";"15";"0,71";"2097152";"78014";"3,72";"0";"3";"32";"0";"2"
"10.11.2015 15:50:00";"1";"0";"17";"0,79";"2097152";"82208";"3,92";"0";"3";"32";"0";"2"
"10.11.2015 15:55:00";"1";"0";"18";"0,82";"2097152";"58511";"2,79";"0";"3";"32";"0";"2"
"10.11.2015 16:00:00";"1";"0";"15";"0,7";"2097152";"65431";"3,12";"0";"3";"32";"0";"2"
"10.11.2015 16:05:00";"1";"0";"17";"0,79";"2097152";"92065";"4,39";"0";"4";"32";"0";"2"
"10.11.2015 16:10:00";"1";"0";"18";"0,84";"2097152";"73820";"3,52";"0";"3";"32";"0";"2"
"10.11.2015 16:15:00";"1";"0";"15";"0,69";"2097152";"71093";"3,39";"0";"3";"32";"0";"2"
"10.11.2015 16:20:00";"1";"0";"17";"0,79";"2097152";"80740";"3,85";"0";"3";"32";"0";"2"
"10.11.2015 16:25:00";"1";"0";"18";"0,82";"2097152";"96259";"4,59";"0";"4";"32";"0";"2"
"10.11.2015 16:30:00";"1";"0";"15";"0,7";"2097152";"103180";"4,92";"0";"3";"32";"0";"2"
"10.11.2015 16:35:00";"1";"0";"17";"0,79";"2097152";"78014";"3,72";"0";"3";"32";"0";"2"
"10.11.2015 16:40:00";"1";"0";"18";"0,83";"2097152";"71093";"3,39";"0";"3";"32";"0";"2"
"10.11.2015 16:45:00";"1";"0";"15";"0,69";"2097152";"80740";"3,85";"0";"3";"32";"0";"2"
"10.11.2015 16:50:00";"1";"0";"17";"0,8";"2097152";"68157";"3,25";"0";"3";"32";"0";"2"
"10.11.2015 16:55:00";"1";"0";"18";"0,84";"2097152";"58511";"2,79";"0";"3";"32";"0";"2"
"10.11.2015 17:00:00";"1";"0";"15";"0,69";"2097152";"79482";"3,79";"0";"3";"32";"0";"2"
"10.11.2015 17:05:00";"1";"0";"17";"0,8";"2097152";"83676";"3,99";"0";"4";"32";"0";"2"
"10.11.2015 17:10:00";"1";"0";"17";"0,8";"2097152";"83676";"3,99";"0";"3";"32";"0";"2"
"10.11.2015 17:15:00";"1";"0";"15";"0,7";"2097152";"79482";"3,79";"0";"3";"32";"0";"2"
"10.11.2015 17:20:00";"1";"0";"17";"0,78";"2097152";"83676";"3,99";"0";"3";"32";"0";"2"
"10.11.2015 17:25:00";"1";"0";"18";"0,82";"2097152";"79482";"3,79";"0";"3";"32";"0";"2"
"10.11.2015 17:30:00";"1";"0";"16";"0,71";"2097152";"87871";"4,19";"0";"3";"32";"0";"2"
"10.11.2015 17:35:00";"1";"0";"17";"0,78";"2097152";"80740";"3,85";"0";"3";"32";"0";"2"
"10.11.2015 17:40:00";"1";"0";"18";"0,81";"2097152";"105906";"5,05";"0";"3";"32";"0";"2"
"10.11.2015 17:45:00";"1";"0";"16";"0,71";"2097152";"94791";"4,52";"0";"3";"32";"0";"2"
"10.11.2015 17:50:00";"1";"0";"17";"0,78";"2097152";"72352";"3,45";"0";"3";"32";"0";"2"
"10.11.2015 17:55:00";"1";"0";"18";"0,81";"2097152";"54316";"2,59";"0";"3";"32";"0";"2"
"10.11.2015 18:00:00";"1";"0";"15";"0,68";"2097152";"54316";"2,59";"0";"3";"32";"0";"2"
"10.11.2015 18:05:00";"1";"0";"17";"0,78";"2097152";"86403";"4,12";"0";"4";"32";"0";"2"
"10.11.2015 18:10:00";"1";"0";"18";"0,81";"2097152";"92065";"4,39";"0";"3";"32";"0";"2"
"10.11.2015 18:15:00";"1";"0";"15";"0,7";"2097152";"63963";"3,05";"0";"3";"32";"0";"2"
"10.11.2015 18:20:00";"1";"0";"17";"0,78";"2097152";"76546";"3,65";"0";"3";"32";"0";"2"
"10.11.2015 18:25:00";"1";"0";"18";"0,81";"2097152";"98986";"4,72";"0";"3";"32";"0";"2"
"10.11.2015 18:30:00";"1";"0";"15";"0,7";"2097152";"78014";"3,72";"0";"3";"32";"0";"2"
"10.11.2015 18:35:00";"1";"0";"17";"0,79";"2097152";"61237";"2,92";"0";"3";"32";"0";"2"
"10.11.2015 18:40:00";"1";"0";"18";"0,81";"2097152";"113036";"5,39";"0";"3";"32";"0";"2"
"10.11.2015 18:45:00";"1";"0";"15";"0,69";"2097152";"94791";"4,52";"0";"3";"32";"0";"2"
"10.11.2015 18:50:00";"1";"0";"17";"0,77";"2097152";"87871";"4,19";"0";"3";"32";"0";"2"
"10.11.2015 18:55:00";"1";"0";"18";"0,82";"2097152";"93323";"4,45";"0";"3";"32";"0";"2"
"10.11.2015 19:00:00";"1";"0";"15";"0,69";"2097152";"71093";"3,39";"0";"3";"32";"0";"2"
"10.11.2015 19:05:00";"1";"0";"17";"0,79";"2097152";"79482";"3,79";"0";"4";"32";"0";"2"
"10.11.2015 19:10:00";"1";"0";"18";"0,83";"2097152";"100454";"4,79";"0";"3";"32";"0";"2"
"10.11.2015 19:15:00";"1";"0";"16";"0,74";"2097152";"252707";"12,05";"0";"3";"32";"0";"2"
"10.11.2015 19:20:00";"1";"0";"17";"0,78";"2097152";"111568";"5,32";"0";"3";"32";"0";"2"
"10.11.2015 19:25:00";"1";"0";"18";"0,82";"2097152";"78014";"3,72";"0";"3";"32";"0";"2"
"10.11.2015 19:30:00";"1";"0";"15";"0,69";"2097152";"76546";"3,65";"0";"3";"32";"0";"2"
"10.11.2015 19:35:00";"1";"0";"17";"0,78";"2097152";"61237";"2,92";"0";"3";"32";"0";"2"
"10.11.2015 19:40:00";"1";"0";"18";"0,83";"2097152";"79482";"3,79";"0";"3";"32";"0";"2"
"10.11.2015 19:45:00";"1";"0";"15";"0,69";"2097152";"97518";"4,65";"0";"3";"32";"0";"2"
"10.11.2015 19:50:00";"1";"0";"17";"0,78";"2097152";"80740";"3,85";"0";"3";"32";"0";"2"
"10.11.2015 19:55:00";"1";"0";"18";"0,81";"2097152";"78014";"3,72";"0";"4";"32";"0";"2"
"10.11.2015 20:00:00";"1";"0";"15";"0,68";"2097152";"80740";"3,85";"0";"3";"32";"0";"2"
"10.11.2015 20:05:00";"1";"0";"17";"0,79";"2097152";"90597";"4,32";"0";"4";"32";"0";"2"
"10.11.2015 20:10:00";"1";"0";"18";"0,81";"2097152";"68157";"3,25";"0";"3";"32";"0";"2"
"10.11.2015 20:15:00";"1";"0";"15";"0,69";"2097152";"73820";"3,52";"0";"3";"32";"0";"2"
"10.11.2015 20:20:00";"1";"0";"17";"0,78";"2097152";"68157";"3,25";"0";"3";"32";"0";"2"
"10.11.2015 20:25:00";"1";"0";"18";"0,82";"2097152";"104648";"4,99";"0";"3";"32";"0";"2"
"10.11.2015 20:30:00";"1";"0";"15";"0,68";"2097152";"75288";"3,59";"0";"3";"32";"0";"2"
"10.11.2015 20:35:00";"1";"0";"17";"0,79";"2097152";"73820";"3,52";"0";"3";"32";"0";"2"
"10.11.2015 20:40:00";"1";"0";"18";"0,82";"2097152";"104648";"4,99";"0";"3";"32";"0";"2"
"10.11.2015 20:45:00";"1";"0";"15";"0,69";"2097152";"65431";"3,12";"0";"3";"32";"0";"2"
"10.11.2015 20:50:00";"1";"0";"17";"0,78";"2097152";"84935";"4,05";"0";"3";"32";"0";"2"
"10.11.2015 20:55:00";"1";"0";"18";"0,82";"2097152";"103180";"4,92";"0";"4";"32";"0";"2"
"10.11.2015 21:00:00";"1";"0";"15";"0,69";"2097152";"82208";"3,92";"0";"3";"32";"0";"2"
"10.11.2015 21:05:00";"1";"0";"17";"0,78";"2097152";"93323";"4,45";"0";"3";"32";"0";"2"
"10.11.2015 21:10:00";"1";"0";"18";"0,81";"2097152";"54316";"2,59";"0";"3";"32";"0";"2"
"10.11.2015 21:15:00";"1";"0";"15";"0,69";"2097152";"71093";"3,39";"0";"3";"32";"0";"2"
"10.11.2015 21:20:00";"1";"0";"17";"0,78";"2097152";"87871";"4,19";"0";"3";"32";"0";"2"
"10.11.2015 21:25:00";"1";"0";"18";"0,82";"2097152";"58511";"2,79";"0";"3";"32";"0";"2"
"10.11.2015 21:30:00";"1";"0";"15";"0,68";"2097152";"82208";"3,92";"0";"3";"32";"0";"2"
"10.11.2015 21:35:00";"1";"0";"18";"0,82";"2097152";"61237";"2,92";"0";"3";"32";"0";"2"
"10.11.2015 21:40:00";"1";"0";"17";"0,79";"2097152";"72352";"3,45";"0";"3";"32";"0";"2"
"10.11.2015 21:45:00";"1";"0";"15";"0,7";"2097152";"61237";"2,92";"0";"3";"32";"0";"2"
"10.11.2015 21:50:00";"1";"0";"18";"0,84";"2097152";"68157";"3,25";"0";"3";"32";"0";"2"
"10.11.2015 21:55:00";"1";"0";"17";"0,77";"2097152";"100454";"4,79";"0";"3";"32";"0";"2"
"10.11.2015 22:00:00";"1";"0";"15";"0,68";"2097152";"97518";"4,65";"0";"3";"32";"0";"2"
"10.11.2015 22:05:00";"1";"0";"19";"0,86";"2097152";"104648";"4,99";"0";"4";"32";"0";"2"
"10.11.2015 22:10:00";"1";"0";"17";"0,77";"2097152";"97518";"4,65";"0";"3";"32";"0";"2"
"10.11.2015 22:15:00";"1";"0";"15";"0,69";"2097152";"90597";"4,32";"0";"3";"32";"0";"2"
"10.11.2015 22:20:00";"1";"0";"18";"0,83";"2097152";"80740";"3,85";"0";"3";"32";"0";"2"
"10.11.2015 22:25:00";"1";"0";"17";"0,78";"2097152";"71093";"3,39";"0";"3";"32";"0";"2"
"10.11.2015 22:30:00";"1";"0";"15";"0,68";"2097152";"73820";"3,52";"0";"3";"32";"0";"2"
"10.11.2015 22:35:00";"1";"0";"18";"0,83";"2097152";"94791";"4,52";"0";"4";"32";"0";"2"
"10.11.2015 22:40:00";"1";"0";"17";"0,77";"2097152";"75288";"3,59";"0";"3";"32";"0";"2"
"10.11.2015 22:45:00";"1";"0";"15";"0,68";"2097152";"80740";"3,85";"0";"3";"32";"0";"2"
"10.11.2015 22:50:00";"1";"0";"19";"0,85";"2097152";"84935";"4,05";"0";"3";"32";"0";"2"
"10.11.2015 22:55:00";"1";"0";"17";"0,78";"2097152";"86403";"4,12";"0";"3";"32";"0";"2"
"10.11.2015 23:00:00";"1";"0";"15";"0,68";"2097152";"75288";"3,59";"0";"3";"32";"0";"2"
"10.11.2015 23:05:00";"1";"0";"18";"0,83";"2097152";"66899";"3,19";"0";"4";"32";"0";"2"
"10.11.2015 23:10:00";"1";"0";"17";"0,76";"2097152";"71093";"3,39";"0";"3";"32";"0";"2"
"10.11.2015 23:15:00";"1";"0";"15";"0,68";"2097152";"58511";"2,79";"0";"3";"32";"0";"2"
"10.11.2015 23:20:00";"1";"0";"19";"0,85";"2097152";"80740";"3,85";"0";"3";"32";"0";"2"
"10.11.2015 23:25:00";"1";"0";"17";"0,79";"2097152";"71093";"3,39";"0";"4";"32";"0";"2"
"10.11.2015 23:30:00";"1";"0";"15";"0,68";"2097152";"71093";"3,39";"0";"3";"32";"0";"2"
"10.11.2015 23:35:00";"1";"0";"18";"0,83";"2097152";"89129";"4,25";"0";"4";"32";"0";"2"
"10.11.2015 23:40:00";"1";"0";"17";"0,77";"2097152";"114295";"5,45";"0";"3";"32";"0";"2"
"10.11.2015 23:45:00";"1";"0";"15";"0,68";"2097152";"105906";"5,05";"0";"3";"32";"0";"2"
"10.11.2015 23:50:00";"1";"0";"18";"0,83";"2097152";"89129";"4,25";"0";"3";"32";"0";"2"
"10.11.2015 23:55:00";"1";"0";"17";"0,78";"2097152";"113036";"5,39";"0";"3";"32";"0";"2"
"11.11.2015 00:00:00";"1";"0";"15";"0,69";"2097152";"87871";"4,19";"0";"4";"32";"0";"2"
"11.11.2015 00:05:00";"1";"0";"20";"0,91";"2097152";"87871";"4,19";"0";"4";"32";"0";"2"
"11.11.2015 00:10:00";"1";"0";"17";"0,77";"2097152";"87871";"4,19";"0";"3";"32";"0";"2"
"11.11.2015 00:15:00";"1";"0";"15";"0,68";"2097152";"78014";"3,72";"0";"3";"32";"0";"2"
"11.11.2015 00:20:00";"1";"0";"18";"0,83";"2097152";"73820";"3,52";"0";"3";"32";"0";"2"
"11.11.2015 00:25:00";"1";"0";"17";"0,77";"2097152";"78014";"3,72";"0";"3";"32";"0";"2"
"11.11.2015 00:30:00";"1";"0";"15";"0,68";"2097152";"69625";"3,32";"0";"3";"32";"0";"2"
"11.11.2015 00:35:00";"1";"0";"18";"0,82";"2097152";"47186";"2,25";"0";"3";"32";"0";"2"
"11.11.2015 00:40:00";"1";"0";"17";"0,77";"2097152";"83676";"3,99";"0";"3";"32";"0";"2"
"11.11.2015 00:45:00";"1";"0";"15";"0,7";"2097152";"108842";"5,19";"0";"3";"32";"0";"2"
"11.11.2015 00:50:00";"1";"0";"19";"0,86";"2097152";"71093";"3,39";"0";"3";"32";"0";"2"
"11.11.2015 00:55:00";"1";"0";"17";"0,78";"2097152";"92065";"4,39";"0";"3";"32";"0";"2"
"11.11.2015 01:00:00";"1";"0";"16";"0,73";"2097152";"66899";"3,19";"0";"3";"32";"0";"2"
"11.11.2015 01:05:00";"1";"0";"19";"0,86";"2097152";"94791";"4,52";"0";"4";"32";"0";"2"
"11.11.2015 01:10:00";"1";"0";"17";"0,78";"2097152";"101712";"4,85";"0";"3";"32";"0";"2"
"11.11.2015 01:15:00";"1";"0";"15";"0,7";"2097152";"78014";"3,72";"0";"3";"32";"0";"2"
"11.11.2015 01:20:00";"1";"0";"18";"0,84";"2097152";"79482";"3,79";"0";"3";"32";"0";"2"
"11.11.2015 01:25:00";"1";"0";"18";"0,81";"2097152";"83676";"3,99";"0";"3";"32";"0";"2"
"11.11.2015 01:30:00";"1";"0";"15";"0,7";"2097152";"63963";"3,05";"0";"3";"32";"0";"2"
"11.11.2015 01:35:00";"1";"0";"18";"0,84";"2097152";"83676";"3,99";"0";"3";"32";"0";"2"
"11.11.2015 01:40:00";"1";"0";"18";"0,81";"2097152";"82208";"3,92";"0";"3";"32";"0";"2"
"11.11.2015 01:45:00";"1";"0";"15";"0,7";"2097152";"71093";"3,39";"0";"3";"32";"0";"2"
"11.11.2015 01:50:00";"1";"0";"18";"0,83";"2097152";"76546";"3,65";"0";"3";"32";"0";"2"
"11.11.2015 01:55:00";"1";"0";"17";"0,78";"2097152";"68157";"3,25";"0";"3";"32";"0";"2"
"11.11.2015 02:00:00";"1";"0";"15";"0,7";"2097152";"78014";"3,72";"0";"3";"32";"0";"2"
"11.11.2015 02:05:00";"1";"0";"19";"0,84";"2097152";"78014";"3,72";"0";"4";"32";"0";"2"
"11.11.2015 02:10:00";"1";"0";"17";"0,78";"2097152";"78014";"3,72";"0";"3";"32";"0";"2"
"11.11.2015 02:15:00";"1";"0";"15";"0,7";"2097152";"101712";"4,85";"0";"3";"32";"0";"2"
"11.11.2015 02:20:00";"1";"0";"18";"0,84";"2097152";"83676";"3,99";"0";"3";"32";"0";"2"
"11.11.2015 02:25:00";"1";"0";"17";"0,78";"2097152";"86403";"4,12";"0";"3";"32";"0";"2"
"11.11.2015 02:30:00";"1";"0";"16";"0,72";"2097152";"66899";"3,19";"0";"3";"32";"0";"2"
"11.11.2015 02:35:00";"1";"0";"19";"0,86";"2097152";"72352";"3,45";"0";"4";"32";"0";"2"
"11.11.2015 02:40:00";"1";"0";"17";"0,78";"2097152";"59769";"2,85";"0";"3";"32";"0";"2"
"11.11.2015 02:45:00";"1";"0";"15";"0,71";"2097152";"79482";"3,79";"0";"3";"32";"0";"2"
"11.11.2015 02:50:00";"1";"0";"18";"0,84";"2097152";"48654";"2,32";"0";"3";"32";"0";"2"
"11.11.2015 02:55:00";"1";"0";"18";"0,8";"2097152";"58511";"2,79";"0";"3";"32";"0";"2"
"11.11.2015 03:00:00";"1";"0";"15";"0,69";"2097152";"92065";"4,39";"0";"3";"32";"0";"2"
"11.11.2015 03:05:00";"1";"0";"19";"0,85";"2097152";"92065";"4,39";"0";"4";"32";"0";"2"
"11.11.2015 03:10:00";"1";"0";"17";"0,78";"2097152";"78014";"3,72";"0";"3";"32";"0";"2"
"11.11.2015 03:15:00";"1";"0";"15";"0,69";"2097152";"79482";"3,79";"0";"3";"32";"0";"2"
"11.11.2015 03:20:00";"1";"0";"18";"0,84";"2097152";"54316";"2,59";"0";"3";"32";"0";"2"
"11.11.2015 03:25:00";"1";"0";"17";"0,79";"2097152";"82208";"3,92";"0";"4";"32";"0";"2"
"11.11.2015 03:30:00";"1";"0";"15";"0,7";"2097152";"66899";"3,19";"0";"3";"32";"0";"2"
"11.11.2015 03:35:00";"1";"0";"22";"0,99";"2097152";"79482";"3,79";"2";"15";"32";"0";"2"
"11.11.2015 03:40:00";"1";"0";"17";"0,77";"2097152";"121425";"5,79";"0";"3";"32";"0";"2"
"11.11.2015 03:45:00";"1";"0";"15";"0,7";"2097152";"80740";"3,85";"0";"3";"32";"0";"2"
"11.11.2015 03:50:00";"1";"0";"19";"0,85";"2097152";"84935";"4,05";"0";"3";"32";"0";"2"
"11.11.2015 03:55:00";"1";"0";"17";"0,78";"2097152";"83676";"3,99";"0";"3";"32";"0";"2"
"11.11.2015 04:00:00";"1";"0";"15";"0,71";"2097152";"90597";"4,32";"0";"3";"32";"0";"2"
"11.11.2015 04:05:00";"1";"0";"18";"0,84";"2097152";"78014";"3,72";"0";"4";"32";"0";"2"
"11.11.2015 04:10:00";"1";"0";"17";"0,78";"2097152";"83676";"3,99";"0";"3";"32";"0";"2"
"11.11.2015 04:15:00";"1";"0";"15";"0,71";"2097152";"113036";"5,39";"0";"3";"32";"0";"2"
"11.11.2015 04:20:00";"1";"0";"18";"0,83";"2097152";"101712";"4,85";"0";"3";"32";"0";"2"
"11.11.2015 04:25:00";"1";"0";"17";"0,78";"2097152";"105906";"5,05";"0";"3";"32";"0";"2"
"11.11.2015 04:30:00";"1";"0";"15";"0,69";"2097152";"68157";"3,25";"0";"3";"32";"0";"2"
"11.11.2015 04:35:00";"1";"0";"18";"0,84";"2097152";"63963";"3,05";"0";"3";"32";"0";"2"
"11.11.2015 04:40:00";"1";"0";"17";"0,78";"2097152";"76546";"3,65";"0";"3";"32";"0";"2"
"11.11.2015 04:45:00";"1";"0";"16";"0,73";"2097152";"80740";"3,85";"0";"3";"32";"0";"2"
"11.11.2015 04:50:00";"1";"0";"18";"0,84";"2097152";"79482";"3,79";"0";"3";"32";"0";"2"
"11.11.2015 04:55:00";"1";"0";"17";"0,78";"2097152";"73820";"3,52";"0";"3";"32";"0";"2"
"11.11.2015 05:00:00";"1";"0";"15";"0,7";"2097152";"68157";"3,25";"0";"3";"32";"0";"2"
"11.11.2015 05:05:00";"1";"0";"19";"0,85";"2097152";"61237";"2,92";"0";"3";"32";"0";"2"
"11.11.2015 05:10:00";"1";"0";"17";"0,77";"2097152";"80740";"3,85";"0";"3";"32";"0";"2"
"11.11.2015 05:15:00";"1";"0";"15";"0,7";"2097152";"92065";"4,39";"0";"3";"32";"0";"2"
"11.11.2015 05:20:00";"1";"0";"18";"0,84";"2097152";"76546";"3,65";"0";"3";"32";"0";"2"
"11.11.2015 05:25:00";"1";"0";"17";"0,78";"2097152";"63963";"3,05";"0";"3";"32";"0";"2"
"11.11.2015 05:30:00";"1";"0";"15";"0,7";"2097152";"79482";"3,79";"0";"3";"32";"0";"2"
"11.11.2015 05:35:00";"1";"0";"18";"0,84";"2097152";"83676";"3,99";"0";"3";"32";"0";"2"
"11.11.2015 05:40:00";"1";"0";"17";"0,79";"2097152";"73820";"3,52";"0";"3";"32";"0";"2"
"11.11.2015 05:45:00";"1";"0";"15";"0,69";"2097152";"71093";"3,39";"0";"3";"32";"0";"2"
"11.11.2015 05:50:00";"1";"0";"18";"0,83";"2097152";"93323";"4,45";"0";"3";"32";"0";"2"
"11.11.2015 05:55:00";"1";"0";"17";"0,79";"2097152";"101712";"4,85";"0";"3";"32";"0";"2"
"11.11.2015 06:00:00";"1";"0";"15";"0,69";"2097152";"111568";"5,32";"0";"3";"32";"0";"2"
"11.11.2015 06:05:00";"1";"0";"19";"0,85";"2097152";"58511";"2,79";"0";"3";"32";"0";"2"
"11.11.2015 06:10:00";"1";"0";"17";"0,78";"2097152";"61237";"2,92";"0";"3";"32";"0";"2"
"11.11.2015 06:15:00";"1";"0";"15";"0,7";"2097152";"65431";"3,12";"0";"3";"32";"0";"2"
"11.11.2015 06:20:00";"1";"0";"19";"0,85";"2097152";"78014";"3,72";"0";"3";"32";"0";"2"
"11.11.2015 06:25:00";"1";"0";"17";"0,8";"2097152";"101712";"4,85";"0";"3";"32";"0";"2"
"11.11.2015 06:30:00";"1";"0";"15";"0,7";"2097152";"83676";"3,99";"0";"3";"32";"0";"2"
"11.11.2015 06:35:00";"1";"0";"18";"0,84";"2097152";"83676";"3,99";"0";"3";"32";"0";"2"
"11.11.2015 06:40:00";"1";"0";"17";"0,79";"2097152";"93323";"4,45";"0";"3";"32";"0";"2"
"11.11.2015 06:45:00";"1";"0";"15";"0,71";"2097152";"104648";"4,99";"0";"3";"32";"0";"2"
"11.11.2015 06:50:00";"1";"0";"18";"0,83";"2097152";"100454";"4,79";"0";"3";"32";"0";"2"
"11.11.2015 06:55:00";"1";"0";"17";"0,8";"2097152";"79482";"3,79";"0";"3";"32";"0";"2"
"11.11.2015 07:00:00";"1";"0";"15";"0,71";"2097152";"50122";"2,39";"0";"3";"32";"0";"2"
"11.11.2015 07:05:00";"1";"0";"19";"0,86";"2097152";"50122";"2,39";"0";"3";"32";"0";"2"
"11.11.2015 07:10:00";"1";"0";"18";"0,8";"2097152";"96259";"4,59";"0";"3";"32";"0";"2"
"11.11.2015 07:15:00";"1";"0";"15";"0,71";"2097152";"105906";"5,05";"0";"3";"32";"0";"2"
"11.11.2015 07:20:00";"1";"0";"19";"0,86";"2097152";"92065";"4,39";"0";"3";"32";"0";"2"
"11.11.2015 07:25:00";"1";"0";"17";"0,79";"2097152";"87871";"4,19";"0";"3";"32";"0";"2"
"11.11.2015 07:30:00";"1";"0";"18";"0,81";"2097152";"114295";"5,45";"0";"3";"32";"0";"2"
"11.11.2015 07:35:00";"1";"0";"18";"0,82";"2097152";"277873";"13,25";"0";"3";"32";"0";"2"
"11.11.2015 07:40:00";"1";"0";"18";"0,84";"2097152";"84935";"4,05";"0";"3";"32";"0";"2"
"11.11.2015 07:45:00";"1";"0";"16";"0,72";"2097152";"42992";"2,05";"0";"3";"32";"0";"2"
"11.11.2015 07:50:00";"1";"0";"18";"0,8";"2097152";"62705";"2,99";"0";"3";"32";"0";"2"
"11.11.2015 07:55:00";"1";"0";"18";"0,85";"2097152";"55575";"2,65";"0";"3";"32";"0";"2"
"11.11.2015 08:00:00";"1";"0";"15";"0,71";"2097152";"76546";"3,65";"0";"3";"32";"0";"2"
"11.11.2015 08:05:00";"1";"0";"18";"0,81";"2097152";"66899";"3,19";"0";"4";"32";"0";"2"
"11.11.2015 08:10:00";"1";"0";"18";"0,84";"2097152";"82208";"3,92";"0";"3";"32";"0";"2"
"11.11.2015 08:15:00";"1";"0";"16";"0,74";"2097152";"111568";"5,32";"0";"3";"32";"0";"2"
"11.11.2015 08:20:00";"1";"0";"18";"0,81";"2097152";"101712";"4,85";"0";"3";"32";"0";"2"
"11.11.2015 08:25:00";"1";"0";"18";"0,84";"2097152";"75288";"3,59";"0";"3";"32";"0";"2"
"11.11.2015 08:30:00";"1";"0";"16";"0,72";"2097152";"87871";"4,19";"0";"3";"32";"0";"2"
"11.11.2015 08:35:00";"1";"0";"18";"0,82";"2097152";"101712";"4,85";"0";"3";"32";"0";"2"
"11.11.2015 08:40:00";"1";"0";"18";"0,83";"2097152";"82208";"3,92";"0";"3";"32";"0";"2"
"11.11.2015 08:45:00";"1";"0";"16";"0,72";"2097152";"92065";"4,39";"0";"3";"32";"0";"2"
"11.11.2015 08:50:00";"1";"0";"17";"0,79";"2097152";"90597";"4,32";"0";"3";"32";"0";"2"
"11.11.2015 08:55:00";"1";"0";"18";"0,83";"2097152";"83676";"3,99";"0";"3";"32";"0";"2"
"11.11.2015 09:00:00";"1";"0";"16";"0,72";"2097152";"96259";"4,59";"0";"3";"32";"0";"2"
"11.11.2015 09:05:00";"1";"0";"18";"0,82";"2097152";"80740";"3,85";"0";"4";"32";"0";"2"
"11.11.2015 09:10:00";"1";"0";"18";"0,83";"2097152";"96259";"4,59";"0";"3";"32";"0";"2"
"11.11.2015 09:15:00";"1";"0";"16";"0,73";"2097152";"63963";"3,05";"0";"3";"32";"0";"2"
"11.11.2015 09:20:00";"1";"0";"18";"0,82";"2097152";"83676";"3,99";"0";"3";"32";"0";"2"
"11.11.2015 09:25:00";"1";"0";"18";"0,83";"2097152";"83676";"3,99";"0";"3";"32";"0";"2"
"11.11.2015 09:30:00";"1";"0";"15";"0,71";"2097152";"92065";"4,39";"0";"3";"32";"0";"2"
"11.11.2015 09:35:00";"1";"0";"18";"0,81";"2097152";"101712";"4,85";"0";"3";"32";"0";"2"
"11.11.2015 09:40:00";"1";"0";"19";"0,85";"2097152";"87871";"4,19";"0";"3";"32";"0";"2"
"11.11.2015 09:45:00";"1";"0";"16";"0,72";"2097152";"72352";"3,45";"0";"3";"32";"0";"2"
"11.11.2015 09:50:00";"1";"0";"18";"0,81";"2097152";"87871";"4,19";"0";"3";"32";"0";"2"
"11.11.2015 09:55:00";"1";"0";"19";"0,87";"2097152";"84935";"4,05";"0";"3";"32";"0";"2"
"11.11.2015 10:00:00";"1";"0";"15";"0,71";"2097152";"57043";"2,72";"0";"3";"32";"0";"2"
"11.11.2015 10:05:00";"1";"0";"18";"0,82";"2097152";"65431";"3,12";"0";"4";"32";"0";"2"
"11.11.2015 10:10:00";"1";"0";"19";"0,85";"2097152";"65431";"3,12";"0";"3";"32";"0";"2"
"11.11.2015 10:15:00";"1";"0";"15";"0,7";"2097152";"54316";"2,59";"0";"3";"32";"0";"2"
"11.11.2015 10:20:00";"1";"0";"18";"0,8";"2097152";"42992";"2,05";"0";"3";"32";"0";"2"
"11.11.2015 10:25:00";"1";"0";"19";"0,85";"2097152";"76546";"3,65";"0";"3";"32";"0";"2"
"11.11.2015 10:30:00";"1";"0";"16";"0,71";"2097152";"80740";"3,85";"0";"3";"32";"0";"2"
"11.11.2015 10:35:00";"1";"0";"17";"0,79";"2097152";"63963";"3,05";"0";"3";"32";"0";"2"
"11.11.2015 10:40:00";"1";"0";"18";"0,83";"2097152";"84935";"4,05";"0";"3";"32";"0";"2"
"11.11.2015 10:45:00";"1";"0";"16";"0,71";"2097152";"78014";"3,72";"0";"3";"32";"0";"2"
"11.11.2015 10:50:00";"1";"0";"18";"0,81";"2097152";"69625";"3,32";"0";"3";"32";"0";"2"
"11.11.2015 10:55:00";"1";"0";"19";"0,85";"2097152";"87871";"4,19";"0";"3";"32";"0";"2"
"11.11.2015 11:00:00";"1";"0";"16";"0,71";"2097152";"69625";"3,32";"0";"3";"32";"0";"2"
"11.11.2015 11:05:00";"1";"0";"18";"0,84";"2097152";"73820";"3,52";"0";"3";"32";"0";"2"
"11.11.2015 11:10:00";"1";"0";"19";"0,86";"2097152";"79482";"3,79";"0";"3";"32";"0";"2"
"11.11.2015 11:15:00";"1";"0";"15";"0,71";"2097152";"87871";"4,19";"0";"3";"32";"0";"2"
"11.11.2015 11:20:00";"1";"0";"17";"0,8";"2097152";"87871";"4,19";"0";"3";"32";"0";"2"
"11.11.2015 11:25:00";"1";"0";"18";"0,84";"2097152";"107374";"5,12";"0";"3";"32";"0";"2"
"11.11.2015 11:30:00";"1";"0";"16";"0,72";"2097152";"75288";"3,59";"0";"3";"32";"0";"2"
"11.11.2015 11:35:00";"1";"0";"18";"0,81";"2097152";"82208";"3,92";"0";"3";"32";"0";"2"
"11.11.2015 11:40:00";"1";"0";"18";"0,84";"2097152";"79482";"3,79";"0";"3";"32";"0";"2"
"11.11.2015 11:45:00";"1";"0";"15";"0,71";"2097152";"108842";"5,19";"0";"3";"32";"0";"2"
"11.11.2015 11:50:00";"1";"0";"18";"0,81";"2097152";"92065";"4,39";"0";"3";"32";"0";"2"
"11.11.2015 11:55:00";"1";"0";"19";"0,85";"2097152";"114295";"5,45";"0";"3";"32";"0";"2"
"11.11.2015 12:00:00";"1";"0";"16";"0,72";"2097152";"86403";"4,12";"0";"3";"32";"0";"2"
"11.11.2015 12:05:00";"1";"0";"18";"0,83";"2097152";"71093";"3,39";"0";"3";"32";"0";"2"
"11.11.2015 12:10:00";"1";"0";"18";"0,85";"2097152";"68157";"3,25";"0";"3";"32";"0";"2"
"11.11.2015 12:15:00";"1";"0";"16";"0,73";"2097152";"63963";"3,05";"0";"3";"32";"0";"2"
"11.11.2015 12:20:00";"1";"0";"18";"0,81";"2097152";"61237";"2,92";"0";"3";"32";"0";"2"
"11.11.2015 12:25:00";"1";"0";"18";"0,84";"2097152";"75288";"3,59";"0";"3";"32";"0";"2"
"11.11.2015 12:30:00";"1";"0";"15";"0,71";"2097152";"42992";"2,05";"0";"3";"32";"0";"2"
"11.11.2015 12:35:00";"1";"0";"17";"0,79";"2097152";"63963";"3,05";"0";"3";"32";"0";"2"
"11.11.2015 12:40:00";"1";"0";"19";"0,86";"2097152";"58511";"2,79";"0";"3";"32";"0";"2"
"11.11.2015 12:45:00";"1";"0";"15";"0,72";"2097152";"73820";"3,52";"0";"3";"32";"0";"2"
"11.11.2015 12:50:00";"1";"0";"18";"0,82";"2097152";"69625";"3,32";"0";"3";"32";"0";"2"
"11.11.2015 12:55:00";"1";"0";"18";"0,84";"2097152";"55575";"2,65";"0";"3";"32";"0";"2"
"11.11.2015 13:00:00";"1";"0";"16";"0,72";"2097152";"62705";"2,99";"0";"3";"32";"0";"2"
"11.11.2015 13:05:00";"1";"0";"18";"0,8";"2097152";"80740";"3,85";"0";"3";"32";"0";"2"
"11.11.2015 13:10:00";"1";"0";"19";"0,85";"2097152";"119957";"5,72";"0";"3";"32";"0";"2"
"11.11.2015 13:15:00";"1";"0";"16";"0,71";"2097152";"79482";"3,79";"0";"3";"32";"0";"2"
"11.11.2015 13:20:00";"1";"0";"17";"0,8";"2097152";"75288";"3,59";"0";"3";"32";"0";"2"
"11.11.2015 13:25:00";"1";"0";"19";"0,86";"2097152";"82208";"3,92";"0";"3";"32";"0";"2"
"11.11.2015 13:30:00";"1";"0";"16";"0,72";"2097152";"73820";"3,52";"0";"3";"32";"0";"2"
"11.11.2015 13:35:00";"1";"0";"18";"0,8";"2097152";"69625";"3,32";"0";"3";"32";"0";"2"
"11.11.2015 13:40:00";"1";"0";"18";"0,83";"2097152";"73820";"3,52";"0";"3";"32";"0";"2"
"11.11.2015 13:45:00";"1";"0";"16";"0,72";"2097152";"52848";"2,52";"0";"3";"32";"0";"2"
"11.11.2015 13:50:00";"1";"0";"18";"0,81";"2097152";"92065";"4,39";"0";"3";"32";"0";"2"
"11.11.2015 13:55:00";"1";"0";"18";"0,84";"2097152";"50122";"2,39";"0";"3";"32";"0";"2"
"11.11.2015 14:00:00";"1";"0";"16";"0,72";"2097152";"80740";"3,85";"0";"3";"32";"0";"2"
"11.11.2015 14:05:00";"1";"0";"18";"0,8";"2097152";"78014";"3,72";"0";"3";"32";"0";"2"
"11.11.2015 14:10:00";"1";"0";"18";"0,84";"2097152";"65431";"3,12";"0";"3";"32";"0";"2"
"11.11.2015 14:15:00";"1";"0";"16";"0,73";"2097152";"61237";"2,92";"0";"3";"32";"0";"2"
"11.11.2015 14:20:00";"1";"0";"17";"0,8";"2097152";"79482";"3,79";"0";"3";"32";"0";"2"
"11.11.2015 14:25:00";"1";"0";"19";"0,86";"2097152";"93323";"4,45";"0";"3";"32";"0";"2"
"11.11.2015 14:30:00";"1";"0";"16";"0,73";"2097152";"100454";"4,79";"0";"3";"32";"0";"2"
"11.11.2015 14:35:00";"1";"0";"17";"0,79";"2097152";"75288";"3,59";"0";"3";"32";"0";"2"
"11.11.2015 14:40:00";"1";"0";"19";"0,86";"2097152";"66899";"3,19";"0";"3";"32";"0";"2"
"11.11.2015 14:45:00";"1";"0";"16";"0,71";"2097152";"78014";"3,72";"0";"3";"32";"0";"2"
"11.11.2015 14:50:00";"1";"0";"17";"0,78";"2097152";"76546";"3,65";"0";"3";"32";"0";"2"
"11.11.2015 14:55:00";"1";"0";"18";"0,83";"2097152";"66899";"3,19";"0";"3";"32";"0";"2"
"11.11.2015 15:00:00";"1";"0";"16";"0,72";"2097152";"89129";"4,25";"0";"3";"32";"0";"2"
"11.11.2015 15:05:00";"1";"0";"18";"0,83";"2097152";"114295";"5,45";"0";"4";"32";"0";"2"
"11.11.2015 15:10:00";"1";"0";"19";"0,85";"2097152";"108842";"5,19";"0";"3";"32";"0";"2"
"11.11.2015 15:15:00";"1";"0";"16";"0,71";"2097152";"72352";"3,45";"0";"3";"32";"0";"2"
"11.11.2015 15:20:00";"1";"0";"18";"0,81";"2097152";"62705";"2,99";"0";"3";"32";"0";"2"
"11.11.2015 15:25:00";"1";"0";"18";"0,83";"2097152";"59769";"2,85";"0";"3";"32";"0";"2"
"11.11.2015 15:30:00";"1";"0";"15";"0,71";"2097152";"62705";"2,99";"0";"3";"32";"0";"2"
"11.11.2015 15:35:00";"1";"0";"19";"0,85";"2097152";"63963";"3,05";"0";"3";"32";"0";"2"
"11.11.2015 15:40:00";"1";"0";"17";"0,79";"2097152";"76546";"3,65";"0";"3";"32";"0";"2"
"11.11.2015 15:45:00";"1";"0";"15";"0,69";"2097152";"68157";"3,25";"0";"3";"32";"0";"2"
"11.11.2015 15:50:00";"1";"0";"18";"0,83";"2097152";"62705";"2,99";"0";"3";"32";"0";"2"
"11.11.2015 15:55:00";"1";"0";"17";"0,8";"2097152";"50122";"2,39";"0";"3";"32";"0";"2"
"11.11.2015 16:00:00";"1";"0";"15";"0,69";"2097152";"66899";"3,19";"0";"3";"32";"0";"2"
"11.11.2015 16:05:00";"1";"0";"19";"0,87";"2097152";"79482";"3,79";"0";"3";"32";"0";"2"
"11.11.2015 16:10:00";"1";"0";"17";"0,78";"2097152";"92065";"4,39";"0";"3";"32";"0";"2"
"11.11.2015 16:15:00";"1";"0";"15";"0,69";"2097152";"82208";"3,92";"0";"3";"32";"0";"2"
"11.11.2015 16:20:00";"1";"0";"18";"0,83";"2097152";"93323";"4,45";"0";"3";"32";"0";"2"
"11.11.2015 16:25:00";"1";"0";"17";"0,79";"2097152";"75288";"3,59";"0";"3";"32";"0";"2"
"11.11.2015 16:30:00";"1";"0";"15";"0,7";"2097152";"61237";"2,92";"0";"3";"32";"0";"2"
"11.11.2015 16:35:00";"1";"0";"18";"0,84";"2097152";"68157";"3,25";"0";"3";"32";"0";"2"
"11.11.2015 16:40:00";"1";"0";"17";"0,77";"2097152";"75288";"3,59";"0";"3";"32";"0";"2"
"11.11.2015 16:45:00";"1";"0";"15";"0,71";"2097152";"72352";"3,45";"0";"3";"32";"0";"2"
"11.11.2015 16:50:00";"1";"0";"18";"0,83";"2097152";"111568";"5,32";"0";"3";"32";"0";"2"
"11.11.2015 16:55:00";"1";"0";"17";"0,77";"2097152";"98986";"4,72";"0";"3";"32";"0";"2"
"11.11.2015 17:00:00";"1";"0";"15";"0,7";"2097152";"79482";"3,79";"0";"3";"32";"0";"2"
"11.11.2015 17:05:00";"1";"0";"18";"0,83";"2097152";"69625";"3,32";"0";"4";"32";"0";"2"
"11.11.2015 17:10:00";"1";"0";"17";"0,79";"2097152";"98986";"4,72";"0";"3";"32";"0";"2"
"11.11.2015 17:15:00";"1";"0";"15";"0,7";"2097152";"69625";"3,32";"0";"3";"32";"0";"2"
"11.11.2015 17:20:00";"1";"0";"19";"0,85";"2097152";"71093";"3,39";"0";"3";"32";"0";"2"
"11.11.2015 17:25:00";"1";"0";"17";"0,77";"2097152";"103180";"4,92";"0";"3";"32";"0";"2"
"11.11.2015 17:30:00";"1";"0";"15";"0,69";"2097152";"83676";"3,99";"0";"3";"32";"0";"2"
"11.11.2015 17:35:00";"1";"0";"18";"0,84";"2097152";"69625";"3,32";"0";"3";"32";"0";"2"
"11.11.2015 17:40:00";"1";"0";"17";"0,76";"2097152";"62705";"2,99";"0";"3";"32";"0";"2"
"11.11.2015 17:45:00";"1";"0";"15";"0,7";"2097152";"82208";"3,92";"0";"3";"32";"0";"2"
"11.11.2015 17:50:00";"1";"0";"18";"0,83";"2097152";"101712";"4,85";"0";"3";"32";"0";"2"
"11.11.2015 17:55:00";"1";"0";"17";"0,78";"2097152";"61237";"2,92";"0";"3";"32";"0";"2"
"11.11.2015 18:00:00";"1";"0";"15";"0,69";"2097152";"87871";"4,19";"0";"3";"32";"0";"2"
"11.11.2015 18:05:00";"1";"0";"18";"0,84";"2097152";"71093";"3,39";"0";"4";"32";"0";"2"
"11.11.2015 18:10:00";"1";"0";"17";"0,77";"2097152";"79482";"3,79";"0";"3";"32";"0";"2"
"11.11.2015 18:15:00";"1";"0";"15";"0,69";"2097152";"82208";"3,92";"0";"3";"32";"0";"2"
"11.11.2015 18:20:00";"1";"0";"18";"0,84";"2097152";"78014";"3,72";"0";"3";"32";"0";"2"
"11.11.2015 18:25:00";"1";"0";"17";"0,79";"2097152";"80740";"3,85";"0";"3";"32";"0";"2"
"11.11.2015 18:30:00";"1";"0";"15";"0,7";"2097152";"117231";"5,59";"0";"3";"32";"0";"2"
"11.11.2015 18:35:00";"1";"0";"19";"0,86";"2097152";"104648";"4,99";"0";"3";"32";"0";"2"
"11.11.2015 18:40:00";"1";"0";"17";"0,8";"2097152";"80740";"3,85";"0";"3";"32";"0";"2"
"11.11.2015 18:45:00";"1";"0";"15";"0,7";"2097152";"59769";"2,85";"0";"3";"32";"0";"2"
"11.11.2015 18:50:00";"1";"0";"18";"0,83";"2097152";"55575";"2,65";"0";"3";"32";"0";"2"
"11.11.2015 18:55:00";"1";"0";"17";"0,77";"2097152";"83676";"3,99";"0";"3";"32";"0";"2"
"11.11.2015 19:00:00";"1";"0";"15";"0,69";"2097152";"89129";"4,25";"0";"3";"32";"0";"2"
"11.11.2015 19:05:00";"1";"0";"18";"0,84";"2097152";"103180";"4,92";"0";"4";"32";"0";"2"
"11.11.2015 19:10:00";"1";"0";"17";"0,77";"2097152";"92065";"4,39";"0";"3";"32";"0";"2"
"11.11.2015 19:15:00";"1";"0";"15";"0,69";"2097152";"54316";"2,59";"0";"3";"32";"0";"2"
"11.11.2015 19:20:00";"1";"0";"18";"0,82";"2097152";"82208";"3,92";"0";"3";"32";"0";"2"
"11.11.2015 19:25:00";"1";"0";"17";"0,78";"2097152";"90597";"4,32";"0";"3";"32";"0";"2"
"11.11.2015 19:30:00";"1";"0";"17";"0,76";"2097152";"89129";"4,25";"0";"3";"32";"0";"2"
"11.11.2015 19:35:00";"1";"0";"18";"0,83";"2097152";"247254";"11,79";"0";"3";"32";"0";"2"
"11.11.2015 19:40:00";"1";"0";"17";"0,78";"2097152";"98986";"4,72";"0";"3";"32";"0";"2"
"11.11.2015 19:45:00";"1";"0";"15";"0,69";"2097152";"98986";"4,72";"0";"3";"32";"0";"2"
"11.11.2015 19:50:00";"1";"0";"18";"0,83";"2097152";"75288";"3,59";"0";"3";"32";"0";"2"
"11.11.2015 19:55:00";"1";"0";"17";"0,8";"2097152";"69625";"3,32";"0";"3";"32";"0";"2"
"11.11.2015 20:00:00";"1";"0";"15";"0,7";"2097152";"72352";"3,45";"0";"3";"32";"0";"2"
"11.11.2015 20:05:00";"1";"0";"18";"0,84";"2097152";"118489";"5,65";"0";"3";"32";"0";"2"
"11.11.2015 20:10:00";"1";"0";"17";"0,78";"2097152";"111568";"5,32";"0";"3";"32";"0";"2"
"11.11.2015 20:15:00";"1";"0";"16";"0,72";"2097152";"71093";"3,39";"0";"3";"32";"0";"2"
"11.11.2015 20:20:00";"1";"0";"19";"0,85";"2097152";"68157";"3,25";"0";"3";"32";"0";"2"
"11.11.2015 20:25:00";"1";"0";"17";"0,77";"2097152";"94791";"4,52";"0";"3";"32";"0";"2"
"11.11.2015 20:30:00";"1";"0";"15";"0,69";"2097152";"83676";"3,99";"0";"3";"32";"0";"2"
"11.11.2015 20:35:00";"1";"0";"18";"0,83";"2097152";"89129";"4,25";"0";"3";"32";"0";"2"
"11.11.2015 20:40:00";"1";"0";"17";"0,78";"2097152";"78014";"3,72";"0";"3";"32";"0";"2"
"11.11.2015 20:45:00";"1";"0";"15";"0,71";"2097152";"100454";"4,79";"0";"3";"32";"0";"2"
"11.11.2015 20:50:00";"1";"0";"18";"0,84";"2097152";"69625";"3,32";"0";"3";"32";"0";"2"
"11.11.2015 20:55:00";"1";"0";"17";"0,78";"2097152";"105906";"5,05";"0";"3";"32";"0";"2"
"11.11.2015 21:00:00";"1";"0";"15";"0,69";"2097152";"94791";"4,52";"0";"3";"32";"0";"2"
"11.11.2015 21:05:00";"1";"0";"18";"0,84";"2097152";"94791";"4,52";"0";"3";"32";"0";"2"
"11.11.2015 21:10:00";"1";"0";"17";"0,77";"2097152";"89129";"4,25";"0";"3";"32";"0";"2"
"11.11.2015 21:15:00";"1";"0";"15";"0,7";"2097152";"117231";"5,59";"0";"3";"32";"0";"2"
"11.11.2015 21:20:00";"1";"0";"18";"0,85";"2097152";"101712";"4,85";"0";"3";"32";"0";"2"
"11.11.2015 21:25:00";"1";"0";"17";"0,78";"2097152";"92065";"4,39";"0";"3";"32";"0";"2"
"11.11.2015 21:30:00";"1";"0";"15";"0,7";"2097152";"69625";"3,32";"0";"3";"32";"0";"2"
"11.11.2015 21:35:00";"1";"0";"19";"0,87";"2097152";"73820";"3,52";"0";"3";"32";"0";"2"
"11.11.2015 21:40:00";"1";"0";"17";"0,77";"2097152";"71093";"3,39";"0";"3";"32";"0";"2"
"11.11.2015 21:45:00";"1";"0";"15";"0,7";"2097152";"62705";"2,99";"0";"3";"32";"0";"2"
"11.11.2015 21:50:00";"1";"0";"18";"0,84";"2097152";"58511";"2,79";"0";"3";"32";"0";"2"
"11.11.2015 21:55:00";"1";"0";"17";"0,77";"2097152";"100454";"4,79";"0";"3";"32";"0";"2"
"11.11.2015 22:00:00";"1";"0";"15";"0,69";"2097152";"103180";"4,92";"0";"3";"32";"0";"2"
"11.11.2015 22:05:00";"1";"0";"19";"0,86";"2097152";"76546";"3,65";"0";"3";"32";"0";"2"
"11.11.2015 22:10:00";"1";"0";"18";"0,81";"2097152";"62705";"2,99";"0";"3";"32";"0";"2"
"11.11.2015 22:15:00";"1";"0";"16";"0,72";"2097152";"79482";"3,79";"0";"3";"32";"0";"2"
"11.11.2015 22:20:00";"1";"0";"19";"0,89";"2097152";"79482";"3,79";"0";"3";"32";"0";"2"
"11.11.2015 22:25:00";"1";"0";"18";"0,83";"2097152";"84935";"4,05";"0";"3";"32";"0";"2"
"11.11.2015 22:30:00";"1";"0";"16";"0,73";"2097152";"79482";"3,79";"0";"3";"32";"0";"2"
"11.11.2015 22:35:00";"1";"0";"19";"0,88";"2097152";"71093";"3,39";"0";"3";"32";"0";"2"
"11.11.2015 22:40:00";"1";"0";"18";"0,81";"2097152";"92065";"4,39";"0";"3";"32";"0";"2"
"11.11.2015 22:45:00";"1";"0";"16";"0,73";"2097152";"92065";"4,39";"0";"3";"32";"0";"2"
"11.11.2015 22:50:00";"1";"0";"18";"0,84";"2097152";"50122";"2,39";"0";"3";"32";"0";"2"
"11.11.2015 22:55:00";"1";"0";"17";"0,8";"2097152";"94791";"4,52";"0";"3";"32";"0";"2"
"11.11.2015 23:00:00";"1";"0";"15";"0,69";"2097152";"115763";"5,52";"0";"3";"32";"0";"2"
"11.11.2015 23:05:00";"1";"0";"18";"0,84";"2097152";"78014";"3,72";"0";"3";"32";"0";"2"
"11.11.2015 23:10:00";"1";"0";"17";"0,79";"2097152";"63963";"3,05";"0";"3";"32";"0";"2"
"11.11.2015 23:15:00";"1";"0";"15";"0,71";"2097152";"75288";"3,59";"0";"3";"32";"0";"2"
"11.11.2015 23:20:00";"1";"0";"19";"0,86";"2097152";"82208";"3,92";"0";"3";"32";"0";"2"
"11.11.2015 23:25:00";"1";"0";"17";"0,78";"2097152";"68157";"3,25";"0";"3";"32";"0";"2"
"11.11.2015 23:30:00";"1";"0";"15";"0,69";"2097152";"61237";"2,92";"0";"3";"32";"0";"2"
"11.11.2015 23:35:00";"1";"0";"18";"0,84";"2097152";"69625";"3,32";"0";"3";"32";"0";"2"
"11.11.2015 23:40:00";"1";"0";"17";"0,79";"2097152";"90597";"4,32";"0";"3";"32";"0";"2"
"11.11.2015 23:45:00";"1";"0";"16";"0,73";"2097152";"69625";"3,32";"0";"3";"32";"0";"2"
"11.11.2015 23:50:00";"1";"0";"19";"0,84";"2097152";"54316";"2,59";"0";"3";"32";"0";"2"
"11.11.2015 23:55:00";"1";"0";"17";"0,8";"2097152";"65431";"3,12";"0";"3";"32";"0";"2"
"12.11.2015 00:00:00";"1";"0";"15";"0,69";"2097152";"90597";"4,32";"0";"4";"32";"0";"2"
"12.11.2015 00:05:00";"1";"0";"19";"0,88";"2097152";"82208";"3,92";"0";"4";"32";"0";"2"
"12.11.2015 00:10:00";"1";"0";"17";"0,76";"2097152";"73820";"3,52";"0";"3";"32";"0";"2"
"12.11.2015 00:15:00";"1";"0";"15";"0,69";"2097152";"83676";"3,99";"0";"3";"32";"0";"2"
"12.11.2015 00:20:00";"1";"0";"19";"0,85";"2097152";"75288";"3,59";"0";"3";"32";"0";"2"
"12.11.2015 00:25:00";"1";"0";"17";"0,79";"2097152";"78014";"3,72";"0";"3";"32";"0";"2"
"12.11.2015 00:30:00";"1";"0";"15";"0,71";"2097152";"73820";"3,52";"0";"3";"32";"0";"2"
"12.11.2015 00:35:00";"1";"0";"19";"0,87";"2097152";"71093";"3,39";"0";"3";"32";"0";"2"
"12.11.2015 00:40:00";"1";"0";"18";"0,81";"2097152";"73820";"3,52";"0";"3";"32";"0";"2"
"12.11.2015 00:45:00";"1";"0";"15";"0,7";"2097152";"68157";"3,25";"0";"3";"32";"0";"2"
"12.11.2015 00:50:00";"1";"0";"18";"0,84";"2097152";"122683";"5,85";"0";"3";"32";"0";"2"
"12.11.2015 00:55:00";"1";"0";"17";"0,77";"2097152";"68157";"3,25";"0";"3";"32";"0";"2"
"12.11.2015 01:00:00";"1";"0";"15";"0,7";"2097152";"84935";"4,05";"0";"3";"32";"0";"2"
"12.11.2015 01:05:00";"1";"0";"19";"0,86";"2097152";"62705";"2,99";"0";"3";"32";"0";"2"
"12.11.2015 01:10:00";"1";"0";"17";"0,8";"2097152";"96259";"4,59";"0";"3";"32";"0";"2"
"12.11.2015 01:15:00";"1";"0";"15";"0,69";"2097152";"78014";"3,72";"0";"3";"32";"0";"2"
"12.11.2015 01:20:00";"1";"0";"18";"0,82";"2097152";"101712";"4,85";"0";"3";"32";"0";"2"
"12.11.2015 01:25:00";"1";"0";"17";"0,79";"2097152";"65431";"3,12";"0";"3";"32";"0";"2"
"12.11.2015 01:30:00";"1";"0";"15";"0,71";"2097152";"90597";"4,32";"0";"3";"32";"0";"2"
"12.11.2015 01:35:00";"1";"0";"18";"0,83";"2097152";"82208";"3,92";"0";"3";"32";"0";"2"
"12.11.2015 01:40:00";"1";"0";"17";"0,77";"2097152";"55575";"2,65";"0";"3";"32";"0";"2"
"12.11.2015 01:45:00";"1";"0";"15";"0,71";"2097152";"78014";"3,72";"0";"3";"32";"0";"2"
"12.11.2015 01:50:00";"1";"0";"18";"0,81";"2097152";"86403";"4,12";"0";"3";"32";"0";"2"
"12.11.2015 01:55:00";"1";"0";"17";"0,77";"2097152";"63963";"3,05";"0";"3";"32";"0";"2"
"12.11.2015 02:00:00";"1";"0";"15";"0,7";"2097152";"66899";"3,19";"0";"3";"32";"0";"2"
"12.11.2015 02:05:00";"1";"0";"19";"0,86";"2097152";"94791";"4,52";"0";"4";"32";"0";"2"
"12.11.2015 02:10:00";"1";"0";"17";"0,79";"2097152";"84935";"4,05";"0";"3";"32";"0";"2"
"12.11.2015 02:15:00";"1";"0";"15";"0,69";"2097152";"83676";"3,99";"0";"3";"32";"0";"2"
"12.11.2015 02:20:00";"1";"0";"18";"0,83";"2097152";"97518";"4,65";"0";"3";"32";"0";"2"
"12.11.2015 02:25:00";"1";"0";"17";"0,78";"2097152";"90597";"4,32";"0";"4";"32";"0";"2"
"12.11.2015 02:30:00";"1";"0";"15";"0,69";"2097152";"113036";"5,39";"0";"3";"32";"0";"2"
"12.11.2015 02:35:00";"1";"0";"19";"0,87";"2097152";"86403";"4,12";"0";"4";"32";"0";"2"
"12.11.2015 02:40:00";"1";"0";"17";"0,8";"2097152";"79482";"3,79";"0";"3";"32";"0";"2"
"12.11.2015 02:45:00";"1";"0";"15";"0,69";"2097152";"96259";"4,59";"0";"3";"32";"0";"2"
"12.11.2015 02:50:00";"1";"0";"18";"0,82";"2097152";"82208";"3,92";"0";"3";"32";"0";"2"
"12.11.2015 02:55:00";"1";"0";"17";"0,77";"2097152";"83676";"3,99";"0";"3";"32";"0";"2"
"12.11.2015 03:00:00";"1";"0";"15";"0,68";"2097152";"108842";"5,19";"0";"3";"32";"0";"2"
"12.11.2015 03:05:00";"1";"0";"18";"0,83";"2097152";"104648";"4,99";"0";"4";"32";"0";"2"
"12.11.2015 03:10:00";"1";"0";"17";"0,79";"2097152";"76546";"3,65";"0";"3";"32";"0";"2"
"12.11.2015 03:15:00";"1";"0";"18";"0,81";"2097152";"125619";"5,99";"1";"17";"32";"0";"2"
"12.11.2015 03:20:00";"1";"0";"18";"0,82";"2097152";"73820";"3,52";"0";"3";"32";"0";"2"
"12.11.2015 03:25:00";"1";"0";"17";"0,77";"2097152";"87871";"4,19";"0";"3";"32";"0";"2"
"12.11.2015 03:30:00";"1";"0";"15";"0,7";"2097152";"75288";"3,59";"0";"3";"32";"0";"2"
"12.11.2015 03:35:00";"1";"0";"18";"0,84";"2097152";"97518";"4,65";"0";"4";"32";"0";"2"
"12.11.2015 03:40:00";"1";"0";"17";"0,76";"2097152";"87871";"4,19";"0";"3";"32";"0";"2"
"12.11.2015 03:45:00";"1";"0";"15";"0,69";"2097152";"96259";"4,59";"0";"3";"32";"0";"2"
"12.11.2015 03:50:00";"1";"0";"18";"0,81";"2097152";"96259";"4,59";"0";"3";"32";"0";"2"
"12.11.2015 03:55:00";"1";"0";"17";"0,78";"2097152";"75288";"3,59";"0";"3";"32";"0";"2"
"12.11.2015 04:00:00";"1";"0";"15";"0,69";"2097152";"96259";"4,59";"0";"3";"32";"0";"2"
"12.11.2015 04:05:00";"1";"0";"19";"0,85";"2097152";"103180";"4,92";"0";"4";"32";"0";"2"
"12.11.2015 04:10:00";"1";"0";"17";"0,8";"2097152";"87871";"4,19";"0";"3";"32";"0";"2"
"12.11.2015 04:15:00";"1";"0";"15";"0,69";"2097152";"87871";"4,19";"0";"3";"32";"0";"2"
"12.11.2015 04:20:00";"1";"0";"18";"0,81";"2097152";"92065";"4,39";"0";"3";"32";"0";"2"
"12.11.2015 04:25:00";"1";"0";"17";"0,77";"2097152";"79482";"3,79";"0";"3";"32";"0";"2"
"12.11.2015 04:30:00";"1";"0";"15";"0,69";"2097152";"66899";"3,19";"0";"3";"32";"0";"2"
"12.11.2015 04:35:00";"1";"0";"18";"0,83";"2097152";"83676";"3,99";"0";"3";"32";"0";"2"
"12.11.2015 04:40:00";"1";"0";"17";"0,78";"2097152";"82208";"3,92";"0";"3";"32";"0";"2"
"12.11.2015 04:45:00";"1";"0";"15";"0,69";"2097152";"121425";"5,79";"0";"3";"32";"0";"2"
"12.11.2015 04:50:00";"1";"0";"18";"0,81";"2097152";"134008";"6,39";"0";"3";"32";"0";"2"
"12.11.2015 04:55:00";"1";"0";"17";"0,78";"2097152";"121425";"5,79";"0";"3";"32";"0";"2"
"12.11.2015 05:00:00";"1";"0";"15";"0,68";"2097152";"92065";"4,39";"0";"3";"32";"0";"2"
"12.11.2015 05:05:00";"1";"0";"19";"0,87";"2097152";"83676";"3,99";"0";"4";"32";"0";"2"
"12.11.2015 05:10:00";"1";"0";"17";"0,8";"2097152";"87871";"4,19";"0";"3";"32";"0";"2"
"12.11.2015 05:15:00";"1";"0";"16";"0,72";"2097152";"113036";"5,39";"0";"3";"32";"0";"2"
"12.11.2015 05:20:00";"1";"0";"18";"0,81";"2097152";"100454";"4,79";"0";"3";"32";"0";"2"
"12.11.2015 05:25:00";"1";"0";"17";"0,76";"2097152";"58511";"2,79";"0";"3";"32";"0";"2"
"12.11.2015 05:30:00";"1";"0";"15";"0,68";"2097152";"100454";"4,79";"0";"3";"32";"0";"2"
"12.11.2015 05:35:00";"1";"0";"18";"0,83";"2097152";"96259";"4,59";"0";"3";"32";"0";"2"
"12.11.2015 05:40:00";"1";"0";"17";"0,76";"2097152";"79482";"3,79";"0";"3";"32";"0";"2"
"12.11.2015 05:45:00";"1";"0";"15";"0,69";"2097152";"62705";"2,99";"0";"3";"32";"0";"2"
"12.11.2015 05:50:00";"1";"0";"18";"0,81";"2097152";"73820";"3,52";"0";"3";"32";"0";"2"
"12.11.2015 05:55:00";"1";"0";"17";"0,8";"2097152";"100454";"4,79";"0";"3";"32";"0";"2"
"12.11.2015 06:00:00";"1";"0";"15";"0,7";"2097152";"90597";"4,32";"0";"3";"32";"0";"2"
"12.11.2015 06:05:00";"1";"0";"19";"0,86";"2097152";"71093";"3,39";"0";"3";"32";"0";"2"
"12.11.2015 06:10:00";"1";"0";"17";"0,78";"2097152";"66899";"3,19";"0";"3";"32";"0";"2"
"12.11.2015 06:15:00";"1";"0";"15";"0,69";"2097152";"86403";"4,12";"0";"3";"32";"0";"2"
"12.11.2015 06:20:00";"1";"0";"18";"0,82";"2097152";"96259";"4,59";"0";"3";"32";"0";"2"
"12.11.2015 06:25:00";"1";"0";"17";"0,77";"2097152";"87871";"4,19";"0";"3";"32";"0";"2"
"12.11.2015 06:30:00";"1";"0";"15";"0,69";"2097152";"66899";"3,19";"0";"3";"32";"0";"2"
"12.11.2015 06:35:00";"1";"0";"18";"0,84";"2097152";"92065";"4,39";"0";"3";"32";"0";"2"
"12.11.2015 06:40:00";"1";"0";"17";"0,77";"2097152";"84935";"4,05";"0";"3";"32";"0";"2"
"12.11.2015 06:45:00";"1";"0";"15";"0,69";"2097152";"75288";"3,59";"0";"3";"32";"0";"2"
"12.11.2015 06:50:00";"1";"0";"18";"0,83";"2097152";"63963";"3,05";"0";"3";"32";"0";"2"
"12.11.2015 06:55:00";"1";"0";"17";"0,78";"2097152";"108842";"5,19";"0";"3";"32";"0";"2"
"12.11.2015 07:00:00";"1";"0";"15";"0,68";"2097152";"83676";"3,99";"0";"3";"32";"0";"2"
"12.11.2015 07:05:00";"1";"0";"19";"0,85";"2097152";"61237";"2,92";"0";"3";"32";"0";"2"
"12.11.2015 07:10:00";"1";"0";"17";"0,77";"2097152";"79482";"3,79";"0";"3";"32";"0";"2"
"12.11.2015 07:15:00";"1";"0";"15";"0,7";"2097152";"96259";"4,59";"0";"3";"32";"0";"2"
"12.11.2015 07:20:00";"1";"0";"18";"0,84";"2097152";"75288";"3,59";"0";"3";"32";"0";"2"
"12.11.2015 07:25:00";"1";"0";"17";"0,8";"2097152";"75288";"3,59";"0";"3";"32";"0";"2"
"12.11.2015 07:30:00";"1";"0";"15";"0,7";"2097152";"71093";"3,39";"0";"3";"32";"0";"2"
"12.11.2015 07:35:00";"1";"0";"19";"0,84";"2097152";"108842";"5,19";"0";"3";"32";"0";"2"
"12.11.2015 07:40:00";"1";"0";"17";"0,78";"2097152";"87871";"4,19";"0";"3";"32";"0";"2"
"12.11.2015 07:45:00";"1";"0";"15";"0,7";"2097152";"79482";"3,79";"0";"4";"32";"0";"2"
"12.11.2015 07:50:00";"1";"0";"19";"0,89";"2097152";"157706";"7,52";"0";"3";"32";"0";"2"
"12.11.2015 07:55:00";"1";"0";"17";"0,77";"2097152";"121425";"5,79";"0";"4";"32";"0";"2"
"12.11.2015 08:00:00";"1";"0";"15";"0,7";"2097152";"104648";"4,99";"0";"3";"32";"0";"2"
"12.11.2015 08:05:00";"1";"0";"18";"0,84";"2097152";"90597";"4,32";"0";"4";"32";"0";"2"
"12.11.2015 08:10:00";"1";"0";"17";"0,8";"2097152";"113036";"5,39";"0";"3";"32";"0";"2"
"12.11.2015 08:15:00";"1";"0";"15";"0,71";"2097152";"83676";"3,99";"0";"3";"32";"0";"2"
"12.11.2015 08:20:00";"1";"0";"19";"0,85";"2097152";"83676";"3,99";"0";"3";"32";"0";"2"
"12.11.2015 08:25:00";"1";"0";"17";"0,79";"2097152";"71093";"3,39";"0";"4";"32";"0";"2"
"12.11.2015 08:30:00";"1";"0";"15";"0,69";"2097152";"75288";"3,59";"0";"3";"32";"0";"2"
"12.11.2015 08:35:00";"1";"0";"18";"0,84";"2097152";"45928";"2,19";"0";"3";"32";"0";"2"
"12.11.2015 08:40:00";"1";"0";"18";"0,81";"2097152";"75288";"3,59";"0";"3";"32";"0";"2"
"12.11.2015 08:45:00";"1";"0";"15";"0,7";"2097152";"71093";"3,39";"0";"3";"32";"0";"2"
"12.11.2015 08:50:00";"1";"0";"19";"0,86";"2097152";"54316";"2,59";"0";"3";"32";"0";"2"
"12.11.2015 08:55:00";"1";"0";"18";"0,81";"2097152";"82208";"3,92";"0";"3";"32";"0";"2"
"12.11.2015 09:00:00";"1";"0";"15";"0,69";"2097152";"54316";"2,59";"0";"3";"32";"0";"2"
"12.11.2015 09:05:00";"1";"0";"19";"0,85";"2097152";"79482";"3,79";"0";"4";"32";"0";"2"
"12.11.2015 09:10:00";"1";"0";"17";"0,78";"2097152";"58511";"2,79";"0";"3";"32";"0";"2"
"12.11.2015 09:15:00";"1";"0";"15";"0,7";"2097152";"44460";"2,12";"0";"3";"32";"0";"2"
"12.11.2015 09:20:00";"1";"0";"18";"0,83";"2097152";"66899";"3,19";"0";"3";"32";"0";"2"
"12.11.2015 09:25:00";"1";"0";"18";"0,81";"2097152";"83676";"3,99";"0";"4";"32";"0";"2"
"12.11.2015 09:30:00";"1";"0";"16";"0,71";"2097152";"92065";"4,39";"0";"3";"32";"0";"2"
"12.11.2015 09:35:00";"1";"0";"18";"0,85";"2097152";"79482";"3,79";"0";"3";"32";"0";"2"
"12.11.2015 09:40:00";"1";"0";"17";"0,77";"2097152";"83676";"3,99";"0";"3";"32";"0";"2"
"12.11.2015 09:45:00";"1";"0";"16";"0,71";"2097152";"52848";"2,52";"0";"3";"32";"0";"2"
"12.11.2015 09:50:00";"1";"0";"18";"0,82";"2097152";"58511";"2,79";"0";"3";"32";"0";"2"
"12.11.2015 09:55:00";"1";"0";"18";"0,82";"2097152";"61237";"2,92";"0";"3";"32";"0";"2"
"12.11.2015 10:00:00";"1";"0";"15";"0,7";"2097152";"79482";"3,79";"0";"3";"32";"0";"2"
"12.11.2015 10:05:00";"1";"0";"18";"0,84";"2097152";"87871";"4,19";"0";"4";"32";"0";"2"
"12.11.2015 10:10:00";"1";"0";"18";"0,81";"2097152";"80740";"3,85";"0";"3";"32";"0";"2"
"12.11.2015 10:15:00";"1";"0";"15";"0,71";"2097152";"71093";"3,39";"0";"3";"32";"0";"2"
"12.11.2015 10:20:00";"1";"0";"18";"0,81";"2097152";"75288";"3,59";"0";"3";"32";"0";"2"
"12.11.2015 10:25:00";"1";"0";"17";"0,8";"2097152";"92065";"4,39";"0";"3";"32";"0";"2"
"12.11.2015 10:30:00";"1";"0";"15";"0,69";"2097152";"96259";"4,59";"0";"3";"32";"0";"2"
"12.11.2015 10:35:00";"1";"0";"18";"0,83";"2097152";"71093";"3,39";"0";"3";"32";"0";"2"
"12.11.2015 10:40:00";"1";"0";"17";"0,79";"2097152";"79482";"3,79";"0";"3";"32";"0";"2"
"12.11.2015 10:45:00";"1";"0";"16";"0,72";"2097152";"100454";"4,79";"0";"3";"32";"0";"2"
"12.11.2015 10:50:00";"1";"0";"18";"0,83";"2097152";"89129";"4,25";"0";"3";"32";"0";"2"
"12.11.2015 10:55:00";"1";"0";"18";"0,8";"2097152";"83676";"3,99";"0";"3";"32";"0";"2"
"12.11.2015 11:00:00";"1";"0";"15";"0,7";"2097152";"71093";"3,39";"0";"3";"32";"0";"2"
"12.11.2015 11:05:00";"1";"0";"18";"0,83";"2097152";"89129";"4,25";"0";"4";"32";"0";"2"
"12.11.2015 11:10:00";"1";"0";"18";"0,82";"2097152";"78014";"3,72";"0";"3";"32";"0";"2"
"12.11.2015 11:15:00";"1";"0";"16";"0,71";"2097152";"45928";"2,19";"0";"3";"32";"0";"2"
"12.11.2015 11:20:00";"1";"0";"18";"0,82";"2097152";"50122";"2,39";"0";"3";"32";"0";"2"
"12.11.2015 11:25:00";"1";"0";"18";"0,8";"2097152";"96259";"4,59";"0";"3";"32";"0";"2"
"12.11.2015 11:30:00";"1";"0";"15";"0,7";"2097152";"114295";"5,45";"0";"3";"32";"0";"2"
"12.11.2015 11:35:00";"1";"0";"19";"0,86";"2097152";"117231";"5,59";"0";"3";"32";"0";"2"
"12.11.2015 11:40:00";"1";"0";"17";"0,8";"2097152";"76546";"3,65";"0";"3";"32";"0";"2"
"12.11.2015 11:45:00";"1";"0";"15";"0,7";"2097152";"75288";"3,59";"0";"3";"32";"0";"2"
"12.11.2015 11:50:00";"1";"0";"18";"0,82";"2097152";"83676";"3,99";"0";"3";"32";"0";"2"
"12.11.2015 11:55:00";"1";"0";"18";"0,81";"2097152";"73820";"3,52";"0";"3";"32";"0";"2"
"12.11.2015 12:00:00";"1";"0";"15";"0,71";"2097152";"97518";"4,65";"0";"3";"32";"0";"2"
"12.11.2015 12:05:00";"1";"0";"18";"0,83";"2097152";"86403";"4,12";"0";"3";"32";"0";"2"
"12.11.2015 12:10:00";"1";"0";"17";"0,8";"2097152";"68157";"3,25";"0";"3";"32";"0";"2"
"12.11.2015 12:15:00";"1";"0";"15";"0,69";"2097152";"79482";"3,79";"0";"3";"32";"0";"2"
"12.11.2015 12:20:00";"1";"0";"18";"0,83";"2097152";"83676";"3,99";"0";"3";"32";"0";"2"
"12.11.2015 12:25:00";"1";"0";"17";"0,8";"2097152";"110100";"5,25";"0";"3";"32";"0";"2"
"12.11.2015 12:30:00";"1";"0";"16";"0,71";"2097152";"82208";"3,92";"0";"7";"32";"0";"2"
"12.11.2015 12:35:00";"1";"0";"19";"0,86";"2097152";"100454";"4,79";"0";"3";"32";"0";"2"
"12.11.2015 12:40:00";"1";"0";"18";"0,83";"2097152";"84935";"4,05";"0";"3";"32";"0";"2"
"12.11.2015 12:45:00";"1";"0";"16";"0,71";"2097152";"83676";"3,99";"0";"3";"32";"0";"2"
"12.11.2015 12:50:00";"1";"0";"18";"0,84";"2097152";"92065";"4,39";"0";"3";"32";"0";"2"
"12.11.2015 12:55:00";"1";"0";"18";"0,83";"2097152";"100454";"4,79";"0";"3";"32";"0";"2"
"12.11.2015 13:00:00";"1";"0";"16";"0,72";"2097152";"89129";"4,25";"0";"3";"32";"0";"2"
"12.11.2015 13:05:00";"1";"0";"19";"0,85";"2097152";"89129";"4,25";"0";"3";"32";"0";"2"
"12.11.2015 13:10:00";"1";"0";"18";"0,8";"2097152";"82208";"3,92";"0";"3";"32";"0";"2"
"12.11.2015 13:15:00";"1";"0";"16";"0,72";"2097152";"92065";"4,39";"0";"3";"32";"0";"2"
"12.11.2015 13:20:00";"1";"0";"18";"0,84";"2097152";"76546";"3,65";"0";"3";"32";"0";"2"
"12.11.2015 13:25:00";"1";"0";"18";"0,81";"2097152";"71093";"3,39";"0";"3";"32";"0";"2"
"12.11.2015 13:30:00";"1";"0";"15";"0,71";"2097152";"78014";"3,72";"0";"3";"32";"0";"2"
"12.11.2015 13:35:00";"1";"0";"19";"0,87";"2097152";"87871";"4,19";"0";"3";"32";"0";"2"
"12.11.2015 13:40:00";"1";"0";"18";"0,82";"2097152";"63963";"3,05";"0";"3";"32";"0";"2"
"12.11.2015 13:45:00";"1";"0";"16";"0,71";"2097152";"59769";"2,85";"0";"3";"32";"0";"2"
"12.11.2015 13:50:00";"1";"0";"18";"0,84";"2097152";"79482";"3,79";"0";"3";"32";"0";"2"
"12.11.2015 13:55:00";"1";"0";"18";"0,81";"2097152";"90597";"4,32";"0";"3";"32";"0";"2"
"12.11.2015 14:00:00";"1";"0";"15";"0,71";"2097152";"83676";"3,99";"0";"3";"32";"0";"2"
"12.11.2015 14:05:00";"1";"0";"19";"0,85";"2097152";"57043";"2,72";"0";"3";"32";"0";"2"
"12.11.2015 14:10:00";"1";"0";"18";"0,82";"2097152";"57043";"2,72";"0";"3";"32";"0";"2"
"12.11.2015 14:15:00";"1";"0";"16";"0,72";"2097152";"73820";"3,52";"0";"3";"32";"0";"2"
"12.11.2015 14:20:00";"1";"0";"18";"0,82";"2097152";"87871";"4,19";"0";"3";"32";"0";"2"
"12.11.2015 14:25:00";"1";"0";"17";"0,8";"2097152";"90597";"4,32";"0";"3";"32";"0";"2"
"12.11.2015 14:30:00";"1";"0";"15";"0,71";"2097152";"73820";"3,52";"0";"3";"32";"0";"2"
"12.11.2015 14:35:00";"1";"0";"18";"0,84";"2097152";"89129";"4,25";"0";"3";"32";"0";"2"
"12.11.2015 14:40:00";"1";"0";"17";"0,8";"2097152";"89129";"4,25";"0";"3";"32";"0";"2"
"12.11.2015 14:45:00";"1";"0";"15";"0,71";"2097152";"54316";"2,59";"0";"3";"32";"0";"2"
"12.11.2015 14:50:00";"1";"0";"19";"0,86";"2097152";"45928";"2,19";"0";"3";"32";"0";"2"
"12.11.2015 14:55:00";"1";"0";"17";"0,8";"2097152";"82208";"3,92";"0";"3";"32";"0";"2"
"12.11.2015 15:00:00";"1";"0";"15";"0,71";"2097152";"78014";"3,72";"0";"3";"32";"0";"2"
"12.11.2015 15:05:00";"1";"0";"18";"0,84";"2097152";"86403";"4,12";"0";"3";"32";"0";"2"
"12.11.2015 15:10:00";"1";"0";"18";"0,81";"2097152";"55575";"2,65";"0";"3";"32";"0";"2"
"12.11.2015 15:15:00";"1";"0";"16";"0,72";"2097152";"63963";"3,05";"0";"3";"32";"0";"2"
"12.11.2015 15:20:00";"1";"0";"18";"0,84";"2097152";"73820";"3,52";"0";"3";"32";"0";"2"
"12.11.2015 15:25:00";"1";"0";"17";"0,8";"2097152";"80740";"3,85";"0";"3";"32";"0";"2"
"12.11.2015 15:30:00";"1";"0";"15";"0,71";"2097152";"71093";"3,39";"0";"3";"32";"0";"2"
"12.11.2015 15:35:00";"1";"0";"18";"0,85";"2097152";"115763";"5,52";"0";"3";"32";"0";"2"
"12.11.2015 15:40:00";"1";"0";"18";"0,81";"2097152";"105906";"5,05";"0";"3";"32";"0";"2"
"12.11.2015 15:45:00";"1";"0";"16";"0,72";"2097152";"87871";"4,19";"0";"3";"32";"0";"2"
"12.11.2015 15:50:00";"1";"0";"18";"0,82";"2097152";"63963";"3,05";"0";"3";"32";"0";"2"
"12.11.2015 15:55:00";"1";"0";"18";"0,8";"2097152";"98986";"4,72";"0";"3";"32";"0";"2"
"12.11.2015 16:00:00";"1";"0";"15";"0,7";"2097152";"55575";"2,65";"0";"3";"32";"0";"2"
"12.11.2015 16:05:00";"1";"0";"19";"0,88";"2097152";"71093";"3,39";"0";"3";"32";"0";"2"
"12.11.2015 16:10:00";"1";"0";"18";"0,81";"2097152";"51380";"2,45";"0";"3";"32";"0";"2"
"12.11.2015 16:15:00";"1";"0";"15";"0,71";"2097152";"98986";"4,72";"0";"3";"32";"0";"2"
"12.11.2015 16:20:00";"1";"0";"18";"0,83";"2097152";"72352";"3,45";"0";"3";"32";"0";"2"
"12.11.2015 16:25:00";"1";"0";"18";"0,8";"2097152";"51380";"2,45";"0";"3";"32";"0";"2"
"12.11.2015 16:30:00";"1";"0";"15";"0,7";"2097152";"66899";"3,19";"0";"3";"32";"0";"2"
"12.11.2015 16:35:00";"1";"0";"18";"0,82";"2097152";"68157";"3,25";"0";"3";"32";"0";"2"
"12.11.2015 16:40:00";"1";"0";"17";"0,79";"2097152";"124151";"5,92";"0";"3";"32";"0";"2"
"12.11.2015 16:45:00";"1";"0";"16";"0,72";"2097152";"119957";"5,72";"0";"3";"32";"0";"2"
"12.11.2015 16:50:00";"1";"0";"18";"0,82";"2097152";"117231";"5,59";"0";"3";"32";"0";"2"
"12.11.2015 16:55:00";"1";"0";"18";"0,82";"2097152";"75288";"3,59";"0";"3";"32";"0";"2"
"12.11.2015 17:00:00";"1";"0";"15";"0,7";"2097152";"57043";"2,72";"0";"3";"32";"0";"2"
"12.11.2015 17:05:00";"1";"0";"18";"0,84";"2097152";"84935";"4,05";"0";"4";"32";"0";"2"
"12.11.2015 17:10:00";"1";"0";"17";"0,79";"2097152";"83676";"3,99";"0";"3";"32";"0";"2"
"12.11.2015 17:15:00";"1";"0";"15";"0,69";"2097152";"58511";"2,79";"0";"3";"32";"0";"2"
"12.11.2015 17:20:00";"1";"0";"18";"0,8";"2097152";"89129";"4,25";"0";"3";"32";"0";"2"
"12.11.2015 17:25:00";"1";"0";"17";"0,79";"2097152";"87871";"4,19";"0";"3";"32";"0";"3"
"12.11.2015 17:30:00";"1";"0";"15";"0,71";"2097152";"66899";"3,19";"0";"3";"32";"0";"2"
"12.11.2015 17:35:00";"1";"0";"18";"0,83";"2097152";"78014";"3,72";"0";"3";"32";"0";"2"
"12.11.2015 17:40:00";"1";"0";"18";"0,81";"2097152";"71093";"3,39";"0";"3";"32";"0";"2"
"12.11.2015 17:45:00";"1";"0";"15";"0,69";"2097152";"62705";"2,99";"0";"3";"32";"0";"2"
"12.11.2015 17:50:00";"1";"0";"18";"0,81";"2097152";"58511";"2,79";"0";"3";"32";"0";"2"
"12.11.2015 17:55:00";"1";"0";"17";"0,8";"2097152";"73820";"3,52";"0";"3";"32";"0";"2"
"12.11.2015 18:00:00";"1";"0";"15";"0,7";"2097152";"68157";"3,25";"0";"3";"32";"0";"2"
"12.11.2015 18:05:00";"1";"0";"18";"0,81";"2097152";"78014";"3,72";"0";"4";"32";"0";"2"
"12.11.2015 18:10:00";"1";"0";"17";"0,79";"2097152";"87871";"4,19";"0";"3";"32";"0";"2"
"12.11.2015 18:15:00";"1";"0";"16";"0,71";"2097152";"82208";"3,92";"0";"3";"32";"0";"2"
"12.11.2015 18:20:00";"1";"0";"18";"0,81";"2097152";"78014";"3,72";"0";"3";"32";"0";"2"
"12.11.2015 18:25:00";"1";"0";"17";"0,79";"2097152";"84935";"4,05";"0";"3";"32";"0";"2"
"12.11.2015 18:30:00";"1";"0";"15";"0,7";"2097152";"100454";"4,79";"0";"3";"32";"0";"2"
"12.11.2015 18:35:00";"1";"0";"18";"0,81";"2097152";"79482";"3,79";"0";"3";"32";"0";"2"
"12.11.2015 18:40:00";"1";"0";"17";"0,78";"2097152";"69625";"3,32";"0";"3";"32";"0";"2"
"12.11.2015 18:45:00";"1";"0";"15";"0,69";"2097152";"58511";"2,79";"0";"3";"32";"0";"2"
"12.11.2015 18:50:00";"1";"0";"18";"0,82";"2097152";"79482";"3,79";"0";"3";"32";"0";"2"
"12.11.2015 18:55:00";"1";"0";"17";"0,78";"2097152";"101712";"4,85";"0";"3";"32";"0";"2"
"12.11.2015 19:00:00";"1";"0";"15";"0,7";"2097152";"68157";"3,25";"0";"3";"32";"0";"2"
"12.11.2015 19:05:00";"1";"0";"18";"0,83";"2097152";"68157";"3,25";"0";"4";"32";"0";"2"
"12.11.2015 19:10:00";"1";"0";"17";"0,78";"2097152";"82208";"3,92";"0";"3";"32";"0";"2"
"12.11.2015 19:15:00";"1";"0";"15";"0,69";"2097152";"90597";"4,32";"0";"3";"32";"0";"2"
"12.11.2015 19:20:00";"1";"0";"18";"0,81";"2097152";"90597";"4,32";"0";"3";"32";"0";"2"
"12.11.2015 19:25:00";"1";"0";"17";"0,78";"2097152";"100454";"4,79";"0";"3";"32";"0";"2"
"12.11.2015 19:30:00";"1";"0";"15";"0,69";"2097152";"103180";"4,92";"0";"3";"32";"0";"2"
"12.11.2015 19:35:00";"1";"0";"18";"0,81";"2097152";"83676";"3,99";"0";"3";"32";"0";"2"
"12.11.2015 19:40:00";"1";"0";"17";"0,79";"2097152";"87871";"4,19";"0";"3";"32";"0";"2"
"12.11.2015 19:45:00";"1";"0";"15";"0,7";"2097152";"93323";"4,45";"0";"3";"32";"0";"2"
"12.11.2015 19:50:00";"1";"0";"19";"0,87";"2097152";"171757";"8,19";"0";"3";"32";"0";"2"
"12.11.2015 19:55:00";"1";"0";"17";"0,79";"2097152";"205311";"9,79";"0";"3";"32";"0";"2"
"12.11.2015 20:00:00";"1";"0";"15";"0,68";"2097152";"101712";"4,85";"0";"3";"32";"0";"2"
"12.11.2015 20:05:00";"1";"0";"18";"0,83";"2097152";"108842";"5,19";"0";"4";"32";"0";"2"
"12.11.2015 20:10:00";"1";"0";"17";"0,78";"2097152";"94791";"4,52";"0";"3";"32";"0";"2"
"12.11.2015 20:15:00";"1";"0";"15";"0,7";"2097152";"72352";"3,45";"0";"3";"32";"0";"2"
"12.11.2015 20:20:00";"1";"0";"18";"0,82";"2097152";"68157";"3,25";"0";"3";"32";"0";"2"
"12.11.2015 20:25:00";"1";"0";"17";"0,78";"2097152";"45928";"2,19";"0";"3";"32";"0";"2"
"12.11.2015 20:30:00";"1";"0";"15";"0,7";"2097152";"78014";"3,72";"0";"3";"32";"0";"2"
"12.11.2015 20:35:00";"1";"0";"18";"0,83";"2097152";"73820";"3,52";"0";"3";"32";"0";"2"
"12.11.2015 20:40:00";"1";"0";"17";"0,79";"2097152";"80740";"3,85";"0";"3";"32";"0";"2"
"12.11.2015 20:45:00";"1";"0";"15";"0,69";"2097152";"59769";"2,85";"0";"3";"32";"0";"2"
"12.11.2015 20:50:00";"1";"0";"18";"0,82";"2097152";"61237";"2,92";"0";"3";"32";"0";"2"
"12.11.2015 20:55:00";"1";"0";"17";"0,79";"2097152";"71093";"3,39";"0";"3";"32";"0";"2"
"12.11.2015 21:00:00";"1";"0";"15";"0,69";"2097152";"100454";"4,79";"0";"3";"32";"0";"2"
"12.11.2015 21:05:00";"1";"0";"18";"0,83";"2097152";"80740";"3,85";"0";"3";"32";"0";"2"
"12.11.2015 21:10:00";"1";"0";"17";"0,79";"2097152";"87871";"4,19";"0";"3";"32";"0";"2"
"12.11.2015 21:15:00";"1";"0";"15";"0,69";"2097152";"89129";"4,25";"0";"3";"32";"0";"2"
"12.11.2015 21:20:00";"1";"0";"18";"0,81";"2097152";"72352";"3,45";"0";"3";"32";"0";"2"
"12.11.2015 21:25:00";"1";"0";"17";"0,8";"2097152";"54316";"2,59";"0";"3";"32";"0";"2"
"12.11.2015 21:30:00";"1";"0";"15";"0,7";"2097152";"61237";"2,92";"0";"3";"32";"0";"2"
"12.11.2015 21:35:00";"1";"0";"18";"0,82";"2097152";"100454";"4,79";"0";"3";"32";"0";"2"
"12.11.2015 21:40:00";"1";"0";"17";"0,8";"2097152";"90597";"4,32";"0";"3";"32";"0";"2"
"12.11.2015 21:45:00";"1";"0";"15";"0,69";"2097152";"84935";"4,05";"0";"3";"32";"0";"2"
"12.11.2015 21:50:00";"1";"0";"18";"0,83";"2097152";"82208";"3,92";"0";"3";"32";"0";"2"
"12.11.2015 21:55:00";"1";"0";"17";"0,78";"2097152";"65431";"3,12";"0";"3";"32";"0";"2"
"12.11.2015 22:00:00";"1";"0";"15";"0,7";"2097152";"93323";"4,45";"0";"3";"32";"0";"2"
"12.11.2015 22:05:00";"1";"0";"19";"0,87";"2097152";"103180";"4,92";"0";"3";"32";"0";"2"
"12.11.2015 22:10:00";"1";"0";"18";"0,82";"2097152";"118489";"5,65";"0";"3";"32";"0";"2"
"12.11.2015 22:15:00";"1";"0";"16";"0,74";"2097152";"97518";"4,65";"0";"3";"32";"0";"2"
"12.11.2015 22:20:00";"1";"0";"19";"0,85";"2097152";"62705";"2,99";"0";"3";"32";"0";"2"
"12.11.2015 22:25:00";"1";"0";"19";"0,85";"2097152";"93323";"4,45";"0";"3";"32";"0";"2"
"12.11.2015 22:30:00";"1";"0";"17";"0,78";"2097152";"92065";"4,39";"0";"3";"32";"0";"2"
"12.11.2015 22:35:00";"1";"0";"19";"0,89";"2097152";"86403";"4,12";"0";"3";"32";"0";"2"
"12.11.2015 22:40:00";"1";"0";"18";"0,84";"2097152";"58511";"2,79";"0";"3";"32";"0";"2"
"12.11.2015 22:45:00";"1";"0";"15";"0,7";"2097152";"69625";"3,32";"0";"3";"32";"0";"2"
"12.11.2015 22:50:00";"1";"0";"18";"0,82";"2097152";"61237";"2,92";"0";"3";"32";"0";"2"
"12.11.2015 22:55:00";"1";"0";"17";"0,78";"2097152";"82208";"3,92";"0";"4";"32";"0";"2"
"12.11.2015 23:00:00";"1";"0";"15";"0,68";"2097152";"75288";"3,59";"0";"3";"32";"0";"2"
"12.11.2015 23:05:00";"1";"0";"18";"0,83";"2097152";"61237";"2,92";"0";"3";"32";"0";"2"
"12.11.2015 23:10:00";"1";"0";"17";"0,78";"2097152";"62705";"2,99";"0";"3";"32";"0";"2"
"12.11.2015 23:15:00";"1";"0";"15";"0,69";"2097152";"73820";"3,52";"0";"3";"32";"0";"2"
"12.11.2015 23:20:00";"1";"0";"18";"0,84";"2097152";"78014";"3,72";"0";"3";"32";"0";"2"
"12.11.2015 23:25:00";"1";"0";"17";"0,79";"2097152";"96259";"4,59";"0";"3";"32";"0";"2"
"12.11.2015 23:30:00";"1";"0";"15";"0,71";"2097152";"84935";"4,05";"0";"3";"32";"0";"2"
"12.11.2015 23:35:00";"1";"0";"18";"0,83";"2097152";"117231";"5,59";"0";"3";"32";"0";"2"
"12.11.2015 23:40:00";"1";"0";"17";"0,78";"2097152";"75288";"3,59";"0";"3";"32";"0";"2"
"12.11.2015 23:45:00";"1";"0";"15";"0,69";"2097152";"58511";"2,79";"0";"3";"32";"0";"2"
"12.11.2015 23:50:00";"1";"0";"18";"0,81";"2097152";"92065";"4,39";"0";"3";"32";"0";"2"
"12.11.2015 23:55:00";"1";"0";"18";"0,8";"2097152";"79482";"3,79";"0";"3";"32";"0";"2"
"13.11.2015 00:00:00";"1";"0";"15";"0,69";"2097152";"71093";"3,39";"0";"4";"32";"0";"2"
"13.11.2015 00:05:00";"1";"0";"19";"0,85";"2097152";"92065";"4,39";"0";"4";"32";"0";"2"
"13.11.2015 00:10:00";"1";"0";"17";"0,79";"2097152";"92065";"4,39";"0";"3";"32";"0";"2"
"13.11.2015 00:15:00";"1";"0";"15";"0,7";"2097152";"79482";"3,79";"0";"3";"32";"0";"2"
"13.11.2015 00:20:00";"1";"0";"18";"0,81";"2097152";"96259";"4,59";"0";"3";"32";"0";"2"
"13.11.2015 00:25:00";"1";"0";"17";"0,79";"2097152";"71093";"3,39";"0";"3";"32";"0";"2"
"13.11.2015 00:30:00";"1";"0";"15";"0,68";"2097152";"71093";"3,39";"0";"3";"32";"0";"2"
"13.11.2015 00:35:00";"1";"0";"19";"0,85";"2097152";"79482";"3,79";"0";"3";"32";"0";"2"
"13.11.2015 00:40:00";"1";"0";"17";"0,78";"2097152";"83676";"3,99";"0";"3";"32";"0";"2"
"13.11.2015 00:45:00";"1";"0";"15";"0,68";"2097152";"87871";"4,19";"0";"3";"32";"0";"2"
"13.11.2015 00:50:00";"1";"0";"18";"0,81";"2097152";"62705";"2,99";"0";"3";"32";"0";"2"
"13.11.2015 00:55:00";"1";"0";"17";"0,78";"2097152";"66899";"3,19";"0";"3";"32";"0";"2"
"13.11.2015 01:00:00";"1";"0";"15";"0,69";"2097152";"58511";"2,79";"0";"3";"32";"0";"2"
"13.11.2015 01:05:00";"1";"0";"18";"0,82";"2097152";"52848";"2,52";"0";"3";"32";"0";"2"
"13.11.2015 01:10:00";"1";"0";"17";"0,79";"2097152";"82208";"3,92";"0";"3";"32";"0";"2"
"13.11.2015 01:15:00";"1";"0";"15";"0,69";"2097152";"80740";"3,85";"0";"3";"32";"0";"2"
"13.11.2015 01:20:00";"1";"0";"18";"0,82";"2097152";"79482";"3,79";"0";"3";"32";"0";"2"
"13.11.2015 01:25:00";"1";"0";"17";"0,79";"2097152";"75288";"3,59";"0";"3";"32";"0";"2"
"13.11.2015 01:30:00";"1";"0";"15";"0,71";"2097152";"83676";"3,99";"0";"3";"32";"0";"2"
"13.11.2015 01:35:00";"1";"0";"18";"0,83";"2097152";"87871";"4,19";"0";"3";"32";"0";"2"
"13.11.2015 01:40:00";"1";"0";"17";"0,79";"2097152";"71093";"3,39";"0";"3";"32";"0";"2"
"13.11.2015 01:45:00";"1";"0";"15";"0,69";"2097152";"92065";"4,39";"0";"3";"32";"0";"2"
"13.11.2015 01:50:00";"1";"0";"18";"0,81";"2097152";"92065";"4,39";"0";"3";"32";"0";"2"
"13.11.2015 01:55:00";"1";"0";"18";"0,8";"2097152";"92065";"4,39";"0";"3";"32";"0";"2"
"13.11.2015 02:00:00";"1";"0";"15";"0,71";"2097152";"121425";"5,79";"0";"3";"32";"0";"2"
"13.11.2015 02:05:00";"1";"0";"19";"0,85";"2097152";"94791";"4,52";"0";"4";"32";"0";"2"
"13.11.2015 02:10:00";"1";"0";"17";"0,79";"2097152";"86403";"4,12";"0";"3";"32";"0";"2"
"13.11.2015 02:15:00";"1";"0";"15";"0,71";"2097152";"89129";"4,25";"0";"3";"32";"0";"2"
"13.11.2015 02:20:00";"1";"0";"18";"0,82";"2097152";"108842";"5,19";"0";"3";"32";"0";"2"
"13.11.2015 02:25:00";"1";"0";"17";"0,79";"2097152";"101712";"4,85";"0";"3";"32";"0";"2"
"13.11.2015 02:30:00";"1";"0";"15";"0,69";"2097152";"75288";"3,59";"0";"3";"32";"0";"2"
"13.11.2015 02:35:00";"1";"0";"19";"0,86";"2097152";"66899";"3,19";"0";"3";"32";"0";"2"
"13.11.2015 02:40:00";"1";"0";"18";"0,8";"2097152";"83676";"3,99";"0";"3";"32";"0";"2"
"13.11.2015 02:45:00";"1";"0";"15";"0,69";"2097152";"71093";"3,39";"0";"3";"32";"0";"2"
"13.11.2015 02:50:00";"1";"0";"18";"0,82";"2097152";"62705";"2,99";"0";"3";"32";"0";"2"
"13.11.2015 02:55:00";"1";"0";"18";"0,8";"2097152";"71093";"3,39";"0";"3";"32";"0";"2"
"13.11.2015 03:00:00";"1";"0";"15";"0,69";"2097152";"71093";"3,39";"0";"3";"32";"0";"2"
"13.11.2015 03:05:00";"1";"0";"18";"0,83";"2097152";"89129";"4,25";"0";"4";"32";"0";"2"
"13.11.2015 03:10:00";"1";"0";"17";"0,78";"2097152";"129814";"6,19";"0";"3";"32";"0";"2"
"13.11.2015 03:15:00";"1";"0";"15";"0,69";"2097152";"62705";"2,99";"0";"3";"32";"0";"2"
"13.11.2015 03:20:00";"1";"0";"18";"0,81";"2097152";"71093";"3,39";"0";"3";"32";"0";"2"
"13.11.2015 03:25:00";"1";"0";"17";"0,78";"2097152";"62705";"2,99";"0";"3";"32";"0";"2"
"13.11.2015 03:30:00";"1";"0";"15";"0,69";"2097152";"86403";"4,12";"0";"3";"32";"0";"2"
"13.11.2015 03:35:00";"1";"0";"26";"1,19";"2097152";"184340";"8,79";"15";"35";"32";"0";"2"
"13.11.2015 03:40:00";"1";"0";"17";"0,79";"2097152";"103180";"4,92";"0";"3";"32";"0";"2"
"13.11.2015 03:45:00";"1";"0";"16";"0,72";"2097152";"110100";"5,25";"0";"3";"32";"0";"2"
"13.11.2015 03:50:00";"1";"0";"18";"0,84";"2097152";"92065";"4,39";"0";"3";"32";"0";"2"
"13.11.2015 03:55:00";"1";"0";"17";"0,78";"2097152";"83676";"3,99";"0";"3";"32";"0";"2"
"13.11.2015 04:00:00";"1";"0";"16";"0,73";"2097152";"92065";"4,39";"0";"3";"32";"0";"2"
"13.11.2015 04:05:00";"1";"0";"18";"0,83";"2097152";"75288";"3,59";"0";"4";"32";"0";"2"
"13.11.2015 04:10:00";"1";"0";"17";"0,79";"2097152";"75288";"3,59";"0";"3";"32";"0";"2"
"13.11.2015 04:15:00";"1";"0";"15";"0,71";"2097152";"78014";"3,72";"0";"3";"32";"0";"2"
"13.11.2015 04:20:00";"1";"0";"18";"0,82";"2097152";"92065";"4,39";"0";"3";"32";"0";"2"
"13.11.2015 04:25:00";"1";"0";"17";"0,79";"2097152";"89129";"4,25";"0";"3";"32";"0";"2"
"13.11.2015 04:30:00";"1";"0";"15";"0,68";"2097152";"92065";"4,39";"0";"3";"32";"0";"2"
"13.11.2015 04:35:00";"1";"0";"18";"0,82";"2097152";"87871";"4,19";"0";"3";"32";"0";"2"
"13.11.2015 04:40:00";"1";"0";"17";"0,78";"2097152";"79482";"3,79";"0";"3";"32";"0";"2"
"13.11.2015 04:45:00";"1";"0";"15";"0,69";"2097152";"83676";"3,99";"0";"3";"32";"0";"2"
"13.11.2015 04:50:00";"1";"0";"18";"0,81";"2097152";"61237";"2,92";"0";"3";"32";"0";"2"
"13.11.2015 04:55:00";"1";"0";"17";"0,78";"2097152";"79482";"3,79";"0";"3";"32";"0";"2"
"13.11.2015 05:00:00";"1";"0";"15";"0,71";"2097152";"87871";"4,19";"0";"3";"32";"0";"2"
"13.11.2015 05:05:00";"1";"0";"18";"0,82";"2097152";"93323";"4,45";"0";"3";"32";"0";"2"
"13.11.2015 05:10:00";"1";"0";"17";"0,78";"2097152";"87871";"4,19";"0";"3";"32";"0";"2"
"13.11.2015 05:15:00";"1";"0";"15";"0,69";"2097152";"69625";"3,32";"0";"3";"32";"0";"2"
"13.11.2015 05:20:00";"1";"0";"18";"0,83";"2097152";"92065";"4,39";"0";"3";"32";"0";"2"
"13.11.2015 05:25:00";"1";"0";"17";"0,8";"2097152";"82208";"3,92";"0";"3";"32";"0";"2"
"13.11.2015 05:30:00";"1";"0";"15";"0,69";"2097152";"92065";"4,39";"0";"3";"32";"0";"2"
"13.11.2015 05:35:00";"1";"0";"18";"0,82";"2097152";"96259";"4,59";"0";"4";"32";"0";"2"
"13.11.2015 05:40:00";"1";"0";"17";"0,78";"2097152";"100454";"4,79";"0";"3";"32";"0";"2"
"13.11.2015 05:45:00";"1";"0";"15";"0,7";"2097152";"83676";"3,99";"0";"3";"32";"0";"2"
"13.11.2015 05:50:00";"1";"0";"18";"0,83";"2097152";"79482";"3,79";"0";"3";"32";"0";"2"
"13.11.2015 05:55:00";"1";"0";"17";"0,79";"2097152";"83676";"3,99";"0";"3";"32";"0";"2"
"13.11.2015 06:00:00";"1";"0";"15";"0,69";"2097152";"97518";"4,65";"0";"3";"32";"0";"2"
"13.11.2015 06:05:00";"1";"0";"18";"0,84";"2097152";"79482";"3,79";"0";"3";"32";"0";"2"
"13.11.2015 06:10:00";"1";"0";"18";"0,81";"2097152";"79482";"3,79";"0";"3";"32";"0";"2"
"13.11.2015 06:15:00";"1";"0";"15";"0,7";"2097152";"80740";"3,85";"0";"3";"32";"0";"2"
"13.11.2015 06:20:00";"1";"0";"18";"0,81";"2097152";"79482";"3,79";"0";"3";"32";"0";"2"
"13.11.2015 06:25:00";"1";"0";"17";"0,79";"2097152";"79482";"3,79";"0";"3";"32";"0";"2"
"13.11.2015 06:30:00";"1";"0";"15";"0,69";"2097152";"75288";"3,59";"0";"3";"32";"0";"2"
"13.11.2015 06:35:00";"1";"0";"18";"0,82";"2097152";"82208";"3,92";"0";"3";"32";"0";"2"
"13.11.2015 06:40:00";"1";"0";"17";"0,79";"2097152";"66899";"3,19";"0";"3";"32";"0";"2"
"13.11.2015 06:45:00";"1";"0";"15";"0,69";"2097152";"54316";"2,59";"0";"3";"32";"0";"2"
"13.11.2015 06:50:00";"1";"0";"18";"0,81";"2097152";"89129";"4,25";"0";"3";"32";"0";"2"
"13.11.2015 06:55:00";"1";"0";"17";"0,79";"2097152";"51380";"2,45";"0";"3";"32";"0";"2"
"13.11.2015 07:00:00";"1";"0";"15";"0,69";"2097152";"75288";"3,59";"0";"3";"32";"0";"2"
"13.11.2015 07:05:00";"1";"0";"18";"0,83";"2097152";"90597";"4,32";"0";"3";"32";"0";"2"
"13.11.2015 07:10:00";"1";"0";"17";"0,79";"2097152";"66899";"3,19";"0";"3";"32";"0";"2"
"13.11.2015 07:15:00";"1";"0";"16";"0,72";"2097152";"68157";"3,25";"0";"3";"32";"0";"2"
"13.11.2015 07:20:00";"1";"0";"18";"0,82";"2097152";"71093";"3,39";"0";"3";"32";"0";"2"
"13.11.2015 07:25:00";"1";"0";"18";"0,81";"2097152";"79482";"3,79";"0";"3";"32";"0";"2"
"13.11.2015 07:30:00";"1";"0";"15";"0,69";"2097152";"59769";"2,85";"0";"3";"32";"0";"2"
"13.11.2015 07:35:00";"1";"0";"18";"0,82";"2097152";"82208";"3,92";"0";"3";"32";"0";"2"
"13.11.2015 07:40:00";"1";"0";"17";"0,79";"2097152";"71093";"3,39";"0";"3";"32";"0";"2"
"13.11.2015 07:45:00";"1";"0";"15";"0,69";"2097152";"96259";"4,59";"0";"3";"32";"0";"2"
"13.11.2015 07:50:00";"1";"0";"18";"0,82";"2097152";"62705";"2,99";"0";"3";"32";"0";"2"
"13.11.2015 07:55:00";"1";"0";"17";"0,8";"2097152";"62705";"2,99";"0";"4";"32";"0";"2"
"13.11.2015 08:00:00";"1";"0";"15";"0,71";"2097152";"90597";"4,32";"0";"3";"32";"0";"2"
"13.11.2015 08:05:00";"1";"0";"19";"0,88";"2097152";"103180";"4,92";"0";"4";"32";"0";"2"
"13.11.2015 08:10:00";"1";"0";"18";"0,81";"2097152";"224815";"10,72";"0";"3";"32";"0";"2"
"13.11.2015 08:15:00";"1";"0";"15";"0,69";"2097152";"98986";"4,72";"0";"3";"32";"0";"2"
"13.11.2015 08:20:00";"1";"0";"18";"0,83";"2097152";"98986";"4,72";"0";"3";"32";"0";"2"
"13.11.2015 08:25:00";"1";"0";"18";"0,82";"2097152";"75288";"3,59";"0";"3";"32";"0";"2"
"13.11.2015 08:30:00";"1";"0";"15";"0,7";"2097152";"68157";"3,25";"0";"3";"32";"0";"2"
"13.11.2015 08:35:00";"1";"0";"18";"0,83";"2097152";"76546";"3,65";"0";"3";"32";"0";"2"
"13.11.2015 08:40:00";"1";"0";"18";"0,81";"2097152";"104648";"4,99";"0";"3";"32";"0";"2"
"13.11.2015 08:45:00";"1";"0";"15";"0,69";"2097152";"84935";"4,05";"0";"3";"32";"0";"2"
"13.11.2015 08:50:00";"1";"0";"18";"0,84";"2097152";"96259";"4,59";"0";"3";"32";"0";"2"
"13.11.2015 08:55:00";"1";"0";"17";"0,78";"2097152";"89129";"4,25";"0";"3";"32";"0";"2"
"13.11.2015 09:00:00";"1";"0";"16";"0,72";"2097152";"82208";"3,92";"0";"3";"32";"0";"2"
"13.11.2015 09:05:00";"1";"0";"18";"0,83";"2097152";"84935";"4,05";"0";"4";"32";"0";"2"
"13.11.2015 09:10:00";"1";"0";"17";"0,8";"2097152";"83676";"3,99";"0";"3";"32";"0";"2"
"13.11.2015 09:15:00";"1";"0";"15";"0,71";"2097152";"66899";"3,19";"0";"3";"32";"0";"2"
"13.11.2015 09:20:00";"1";"0";"18";"0,82";"2097152";"92065";"4,39";"0";"3";"32";"0";"2"
"13.11.2015 09:25:00";"1";"0";"18";"0,81";"2097152";"72352";"3,45";"0";"3";"32";"0";"2"
"13.11.2015 09:30:00";"1";"0";"15";"0,71";"2097152";"93323";"4,45";"0";"3";"32";"0";"2"
"13.11.2015 09:35:00";"1";"0";"18";"0,84";"2097152";"72352";"3,45";"0";"3";"32";"0";"2"
"13.11.2015 09:40:00";"1";"0";"17";"0,8";"2097152";"96259";"4,59";"0";"3";"32";"0";"2"
"13.11.2015 09:45:00";"1";"0";"15";"0,69";"2097152";"69625";"3,32";"0";"3";"32";"0";"2"
"13.11.2015 09:50:00";"1";"0";"18";"0,81";"2097152";"76546";"3,65";"0";"3";"32";"0";"2"
"13.11.2015 09:55:00";"1";"0";"18";"0,81";"2097152";"108842";"5,19";"0";"3";"32";"0";"2"
"13.11.2015 10:00:00";"1";"0";"16";"0,72";"2097152";"121425";"5,79";"0";"3";"32";"0";"2"
"13.11.2015 10:05:00";"1";"0";"19";"0,86";"2097152";"76546";"3,65";"0";"3";"32";"0";"2"
"13.11.2015 10:10:00";"1";"0";"18";"0,81";"2097152";"75288";"3,59";"0";"3";"32";"0";"2"
"13.11.2015 10:15:00";"1";"0";"15";"0,69";"2097152";"71093";"3,39";"0";"3";"32";"0";"2"
"13.11.2015 10:20:00";"1";"0";"18";"0,83";"2097152";"76546";"3,65";"0";"3";"32";"0";"2"
"13.11.2015 10:25:00";"1";"0";"17";"0,79";"2097152";"73820";"3,52";"0";"3";"32";"0";"2"
"13.11.2015 10:30:00";"1";"0";"15";"0,7";"2097152";"75288";"3,59";"0";"3";"32";"0";"2"
"13.11.2015 10:35:00";"1";"0";"18";"0,83";"2097152";"90597";"4,32";"0";"3";"32";"0";"2"
"13.11.2015 10:40:00";"1";"0";"17";"0,8";"2097152";"69625";"3,32";"0";"3";"32";"0";"2"
"13.11.2015 10:45:00";"1";"0";"15";"0,71";"2097152";"104648";"4,99";"0";"3";"32";"0";"2"
"13.11.2015 10:50:00";"1";"0";"18";"0,83";"2097152";"105906";"5,05";"0";"3";"32";"0";"2"
"13.11.2015 10:55:00";"1";"0";"18";"0,81";"2097152";"87871";"4,19";"0";"3";"32";"0";"2"
"13.11.2015 11:00:00";"1";"0";"15";"0,71";"2097152";"51380";"2,45";"0";"3";"32";"0";"2"
"13.11.2015 11:05:00";"1";"0";"18";"0,82";"2097152";"71093";"3,39";"0";"3";"32";"0";"2"
"13.11.2015 11:10:00";"1";"0";"18";"0,81";"2097152";"100454";"4,79";"0";"3";"32";"0";"2"
"13.11.2015 11:15:00";"1";"0";"15";"0,69";"2097152";"52848";"2,52";"0";"3";"32";"0";"2"
"13.11.2015 11:20:00";"1";"0";"18";"0,81";"2097152";"65431";"3,12";"0";"3";"32";"0";"2"
"13.11.2015 11:25:00";"1";"0";"17";"0,79";"2097152";"114295";"5,45";"0";"3";"32";"0";"2"
"13.11.2015 11:30:00";"1";"0";"15";"0,71";"2097152";"89129";"4,25";"0";"3";"32";"0";"2"
"13.11.2015 11:35:00";"1";"0";"18";"0,81";"2097152";"89129";"4,25";"0";"3";"32";"0";"2"
"13.11.2015 11:40:00";"1";"0";"17";"0,8";"2097152";"75288";"3,59";"0";"3";"32";"0";"2"
"13.11.2015 11:45:00";"1";"0";"15";"0,7";"2097152";"62705";"2,99";"0";"3";"32";"0";"2"
"13.11.2015 11:50:00";"1";"0";"18";"0,81";"2097152";"44460";"2,12";"0";"3";"32";"0";"2"
"13.11.2015 11:55:00";"1";"0";"17";"0,8";"2097152";"86403";"4,12";"0";"3";"32";"0";"2"
"13.11.2015 12:00:00";"1";"0";"15";"0,69";"2097152";"110100";"5,25";"0";"3";"32";"0";"2"
"13.11.2015 12:05:00";"1";"0";"19";"0,85";"2097152";"92065";"4,39";"0";"3";"32";"0";"2"
"13.11.2015 12:10:00";"1";"0";"18";"0,83";"2097152";"87871";"4,19";"0";"5";"32";"0";"2"
"13.11.2015 12:15:00";"1";"0";"15";"0,71";"2097152";"75288";"3,59";"0";"3";"32";"0";"2"
"13.11.2015 12:20:00";"1";"0";"18";"0,82";"2097152";"66899";"3,19";"0";"3";"32";"0";"2"
"13.11.2015 12:25:00";"1";"0";"18";"0,81";"2097152";"87871";"4,19";"0";"3";"32";"0";"2"
"13.11.2015 12:30:00";"1";"0";"15";"0,71";"2097152";"75288";"3,59";"0";"3";"32";"0";"2"
"13.11.2015 12:35:00";"1";"0";"19";"0,85";"2097152";"73820";"3,52";"0";"3";"32";"0";"2"
"13.11.2015 12:40:00";"1";"0";"18";"0,81";"2097152";"69625";"3,32";"0";"3";"32";"0";"2"
"13.11.2015 12:45:00";"1";"0";"15";"0,7";"2097152";"68157";"3,25";"0";"3";"32";"0";"2"
"13.11.2015 12:50:00";"1";"0";"18";"0,82";"2097152";"79482";"3,79";"0";"3";"32";"0";"2"
"13.11.2015 12:55:00";"1";"0";"17";"0,79";"2097152";"94791";"4,52";"0";"3";"32";"0";"2"
"13.11.2015 13:00:00";"1";"0";"15";"0,71";"2097152";"78014";"3,72";"0";"3";"32";"0";"2"
"13.11.2015 13:05:00";"1";"0";"18";"0,84";"2097152";"89129";"4,25";"0";"3";"32";"0";"2"
"13.11.2015 13:10:00";"1";"0";"17";"0,8";"2097152";"71093";"3,39";"0";"3";"32";"0";"3"
"13.11.2015 13:15:00";"1";"0";"15";"0,71";"2097152";"62705";"2,99";"0";"3";"32";"0";"2"
"13.11.2015 13:20:00";"1";"0";"18";"0,82";"2097152";"72352";"3,45";"0";"3";"32";"0";"2"
"13.11.2015 13:25:00";"1";"0";"18";"0,81";"2097152";"79482";"3,79";"0";"3";"32";"0";"2"
"13.11.2015 13:30:00";"1";"0";"16";"0,72";"2097152";"94791";"4,52";"0";"3";"32";"0";"2"
"13.11.2015 13:35:00";"1";"0";"18";"0,82";"2097152";"86403";"4,12";"0";"3";"32";"0";"2"
"13.11.2015 13:40:00";"1";"0";"17";"0,79";"2097152";"73820";"3,52";"0";"3";"32";"0";"2"
"13.11.2015 13:45:00";"1";"0";"15";"0,71";"2097152";"66899";"3,19";"0";"3";"32";"0";"2"
"13.11.2015 13:50:00";"1";"0";"18";"0,83";"2097152";"66899";"3,19";"0";"3";"32";"0";"2"
"13.11.2015 13:55:00";"1";"0";"18";"0,8";"2097152";"79482";"3,79";"0";"3";"32";"0";"2"
"13.11.2015 14:00:00";"1";"0";"16";"0,72";"2097152";"118489";"5,65";"0";"3";"32";"0";"2"
"13.11.2015 14:05:00";"1";"0";"19";"0,86";"2097152";"98986";"4,72";"0";"4";"32";"0";"2"
"13.11.2015 14:10:00";"1";"0";"18";"0,81";"2097152";"62705";"2,99";"0";"3";"32";"0";"2"
"13.11.2015 14:15:00";"1";"0";"15";"0,7";"2097152";"72352";"3,45";"0";"3";"32";"0";"2"
"13.11.2015 14:20:00";"1";"0";"18";"0,83";"2097152";"61237";"2,92";"0";"3";"32";"0";"2"
"13.11.2015 14:25:00";"1";"0";"18";"0,81";"2097152";"58511";"2,79";"0";"3";"32";"0";"2"
"13.11.2015 14:30:00";"1";"0";"16";"0,72";"2097152";"57043";"2,72";"0";"3";"32";"0";"2"
"13.11.2015 14:35:00";"1";"0";"18";"0,83";"2097152";"97518";"4,65";"0";"3";"32";"0";"2"
"13.11.2015 14:40:00";"1";"0";"17";"0,8";"2097152";"86403";"4,12";"0";"3";"32";"0";"2"
"13.11.2015 14:45:00";"1";"0";"15";"0,71";"2097152";"87871";"4,19";"0";"3";"32";"0";"2"
"13.11.2015 14:50:00";"1";"0";"18";"0,85";"2097152";"114295";"5,45";"0";"3";"32";"0";"2"
"13.11.2015 14:55:00";"1";"0";"17";"0,8";"2097152";"92065";"4,39";"0";"3";"32";"0";"2"
"13.11.2015 15:00:00";"1";"0";"15";"0,7";"2097152";"90597";"4,32";"0";"3";"32";"0";"2"
"13.11.2015 15:05:00";"1";"0";"18";"0,83";"2097152";"76546";"3,65";"0";"3";"32";"0";"2"
"13.11.2015 15:10:00";"1";"0";"18";"0,8";"2097152";"65431";"3,12";"0";"3";"32";"0";"2"
"13.11.2015 15:15:00";"1";"0";"16";"0,73";"2097152";"92065";"4,39";"0";"3";"32";"0";"2"
"13.11.2015 15:20:00";"1";"0";"19";"0,85";"2097152";"75288";"3,59";"0";"3";"32";"0";"2"
"13.11.2015 15:25:00";"1";"0";"18";"0,83";"2097152";"79482";"3,79";"0";"3";"32";"0";"2"
"13.11.2015 15:30:00";"1";"0";"15";"0,71";"2097152";"66899";"3,19";"0";"3";"32";"0";"2"
"13.11.2015 15:35:00";"1";"0";"18";"0,82";"2097152";"108842";"5,19";"0";"3";"32";"0";"2"
"13.11.2015 15:40:00";"1";"0";"18";"0,81";"2097152";"80740";"3,85";"0";"3";"32";"0";"2"
"13.11.2015 15:45:00";"1";"0";"16";"0,72";"2097152";"61237";"2,92";"0";"3";"32";"0";"4"
"13.11.2015 15:50:00";"1";"0";"18";"0,82";"2097152";"73820";"3,52";"0";"3";"32";"0";"2"
"13.11.2015 15:55:00";"1";"0";"17";"0,79";"2097152";"82208";"3,92";"0";"3";"32";"0";"2"
"13.11.2015 16:00:00";"1";"0";"15";"0,7";"2097152";"92065";"4,39";"0";"3";"32";"0";"2"
"13.11.2015 16:05:00";"1";"0";"19";"0,86";"2097152";"113036";"5,39";"0";"3";"32";"0";"2"
"13.11.2015 16:10:00";"1";"0";"18";"0,82";"2097152";"84935";"4,05";"0";"3";"32";"0";"2"
"13.11.2015 16:15:00";"1";"0";"15";"0,7";"2097152";"65431";"3,12";"0";"3";"32";"0";"2"
"13.11.2015 16:20:00";"1";"0";"18";"0,84";"2097152";"118489";"5,65";"0";"3";"32";"0";"2"
"13.11.2015 16:25:00";"1";"0";"17";"0,8";"2097152";"82208";"3,92";"0";"3";"32";"0";"2"
"13.11.2015 16:30:00";"1";"0";"15";"0,7";"2097152";"78014";"3,72";"0";"3";"32";"0";"2"
"13.11.2015 16:35:00";"1";"0";"18";"0,83";"2097152";"79482";"3,79";"0";"3";"32";"0";"2"
"13.11.2015 16:40:00";"1";"0";"18";"0,83";"2097152";"73820";"3,52";"0";"3";"32";"0";"2"
"13.11.2015 16:45:00";"1";"0";"15";"0,7";"2097152";"93323";"4,45";"0";"3";"32";"0";"2"
"13.11.2015 16:50:00";"1";"0";"18";"0,83";"2097152";"92065";"4,39";"0";"3";"32";"0";"2"
"13.11.2015 16:55:00";"1";"0";"17";"0,8";"2097152";"82208";"3,92";"0";"3";"32";"0";"2"
"13.11.2015 17:00:00";"1";"0";"15";"0,7";"2097152";"65431";"3,12";"0";"3";"32";"0";"2"
"13.11.2015 17:05:00";"1";"0";"18";"0,82";"2097152";"48654";"2,32";"0";"3";"32";"0";"2"
"13.11.2015 17:10:00";"1";"0";"18";"0,8";"2097152";"57043";"2,72";"0";"3";"32";"0";"2"
"13.11.2015 17:15:00";"1";"0";"15";"0,69";"2097152";"78014";"3,72";"0";"3";"32";"0";"2"
"13.11.2015 17:20:00";"1";"0";"18";"0,82";"2097152";"69625";"3,32";"0";"3";"32";"0";"2"
"13.11.2015 17:25:00";"1";"0";"17";"0,79";"2097152";"72352";"3,45";"0";"3";"32";"0";"2"
"13.11.2015 17:30:00";"1";"0";"15";"0,69";"2097152";"78014";"3,72";"0";"3";"32";"0";"2"
"13.11.2015 17:35:00";"1";"0";"18";"0,83";"2097152";"65431";"3,12";"0";"3";"32";"0";"2"
"13.11.2015 17:40:00";"1";"0";"18";"0,82";"2097152";"63963";"3,05";"0";"3";"32";"0";"2"
"13.11.2015 17:45:00";"1";"0";"15";"0,71";"2097152";"86403";"4,12";"0";"3";"32";"0";"2"
"13.11.2015 17:50:00";"1";"0";"18";"0,82";"2097152";"117231";"5,59";"0";"3";"32";"0";"2"
"13.11.2015 17:55:00";"1";"0";"17";"0,8";"2097152";"93323";"4,45";"0";"3";"32";"0";"2"
"13.11.2015 18:00:00";"1";"0";"15";"0,7";"2097152";"65431";"3,12";"0";"3";"32";"0";"2"
"13.11.2015 18:05:00";"1";"0";"19";"0,85";"2097152";"68157";"3,25";"0";"3";"32";"0";"2"
"13.11.2015 18:10:00";"1";"0";"17";"0,79";"2097152";"73820";"3,52";"0";"3";"32";"0";"2"
"13.11.2015 18:15:00";"1";"0";"15";"0,7";"2097152";"66899";"3,19";"0";"3";"32";"0";"2"
"13.11.2015 18:20:00";"1";"0";"18";"0,84";"2097152";"55575";"2,65";"0";"3";"32";"0";"2"
"13.11.2015 18:25:00";"1";"0";"17";"0,78";"2097152";"26424";"1,26";"0";"3";"32";"0";"2"
"13.11.2015 18:30:00";"1";"0";"15";"0,69";"2097152";"37539";"1,79";"0";"3";"32";"0";"2"
"13.11.2015 18:35:00";"1";"0";"18";"0,81";"2097152";"51380";"2,45";"0";"3";"32";"0";"2"
"13.11.2015 18:40:00";"1";"0";"17";"0,79";"2097152";"89129";"4,25";"0";"3";"32";"0";"2"
"13.11.2015 18:45:00";"1";"0";"15";"0,69";"2097152";"90597";"4,32";"0";"3";"32";"0";"2"
"13.11.2015 18:50:00";"1";"0";"18";"0,82";"2097152";"113036";"5,39";"0";"3";"32";"0";"2"
"13.11.2015 18:55:00";"1";"0";"18";"0,83";"2097152";"90597";"4,32";"0";"3";"32";"0";"2"
"13.11.2015 19:00:00";"1";"0";"15";"0,71";"2097152";"86403";"4,12";"0";"3";"32";"0";"2"
"13.11.2015 19:05:00";"1";"0";"18";"0,83";"2097152";"83676";"3,99";"0";"4";"32";"0";"2"
"13.11.2015 19:10:00";"1";"0";"17";"0,78";"2097152";"139461";"6,65";"0";"3";"32";"0";"2"
"13.11.2015 19:15:00";"1";"0";"15";"0,7";"2097152";"92065";"4,39";"0";"3";"32";"0";"2"
"13.11.2015 19:20:00";"1";"0";"18";"0,83";"2097152";"76546";"3,65";"0";"3";"32";"0";"2"
"13.11.2015 19:25:00";"1";"0";"17";"0,78";"2097152";"97518";"4,65";"0";"3";"32";"0";"2"
"13.11.2015 19:30:00";"1";"0";"15";"0,69";"2097152";"48654";"2,32";"0";"3";"32";"0";"2"
"13.11.2015 19:35:00";"1";"0";"18";"0,82";"2097152";"71093";"3,39";"0";"3";"32";"0";"2"
"13.11.2015 19:40:00";"1";"0";"17";"0,79";"2097152";"87871";"4,19";"0";"3";"32";"0";"2"
"13.11.2015 19:45:00";"1";"0";"15";"0,69";"2097152";"65431";"3,12";"0";"3";"32";"0";"2"
"13.11.2015 19:50:00";"1";"0";"18";"0,82";"2097152";"69625";"3,32";"0";"3";"32";"0";"2"
"13.11.2015 19:55:00";"1";"0";"18";"0,83";"2097152";"238866";"11,39";"0";"4";"32";"0";"2"
"13.11.2015 20:00:00";"1";"0";"15";"0,68";"2097152";"154980";"7,39";"0";"3";"32";"0";"2"
"13.11.2015 20:05:00";"1";"0";"18";"0,83";"2097152";"83676";"3,99";"0";"4";"32";"0";"2"
"13.11.2015 20:10:00";"1";"0";"17";"0,78";"2097152";"114295";"5,45";"0";"3";"32";"0";"2"
"13.11.2015 20:15:00";"1";"0";"15";"0,68";"2097152";"73820";"3,52";"0";"3";"32";"0";"2"
"13.11.2015 20:20:00";"1";"0";"18";"0,82";"2097152";"98986";"4,72";"0";"3";"32";"0";"2"
"13.11.2015 20:25:00";"1";"0";"17";"0,79";"2097152";"97518";"4,65";"0";"3";"32";"0";"2"
"13.11.2015 20:30:00";"1";"0";"15";"0,69";"2097152";"63963";"3,05";"0";"3";"32";"0";"2"
"13.11.2015 20:35:00";"1";"0";"18";"0,81";"2097152";"76546";"3,65";"0";"4";"32";"0";"2"
"13.11.2015 20:40:00";"1";"0";"17";"0,79";"2097152";"62705";"2,99";"0";"3";"32";"0";"2"
"13.11.2015 20:45:00";"1";"0";"15";"0,68";"2097152";"89129";"4,25";"0";"3";"32";"0";"2"
"13.11.2015 20:50:00";"1";"0";"18";"0,82";"2097152";"58511";"2,79";"0";"3";"32";"0";"2"
"13.11.2015 20:55:00";"1";"0";"18";"0,8";"2097152";"54316";"2,59";"0";"3";"32";"0";"2"
"13.11.2015 21:00:00";"1";"0";"15";"0,68";"2097152";"48654";"2,32";"0";"3";"32";"0";"2"
"13.11.2015 21:05:00";"1";"0";"18";"0,83";"2097152";"61237";"2,92";"0";"3";"32";"0";"2"
"13.11.2015 21:10:00";"1";"0";"17";"0,79";"2097152";"92065";"4,39";"0";"3";"32";"0";"2"
"13.11.2015 21:15:00";"1";"0";"15";"0,69";"2097152";"92065";"4,39";"0";"3";"32";"0";"2"
"13.11.2015 21:20:00";"1";"0";"18";"0,82";"2097152";"73820";"3,52";"0";"3";"32";"0";"2"
"13.11.2015 21:25:00";"1";"0";"18";"0,81";"2097152";"79482";"3,79";"0";"3";"32";"0";"2"
"13.11.2015 21:30:00";"1";"0";"15";"0,69";"2097152";"79482";"3,79";"0";"3";"32";"0";"2"
"13.11.2015 21:35:00";"1";"0";"18";"0,82";"2097152";"82208";"3,92";"0";"4";"32";"0";"2"
"13.11.2015 21:40:00";"1";"0";"17";"0,78";"2097152";"87871";"4,19";"0";"3";"32";"0";"2"
"13.11.2015 21:45:00";"1";"0";"15";"0,69";"2097152";"72352";"3,45";"0";"3";"32";"0";"2"
"13.11.2015 21:50:00";"1";"0";"18";"0,81";"2097152";"83676";"3,99";"0";"3";"32";"0";"2"
"13.11.2015 21:55:00";"1";"0";"18";"0,79";"2097152";"66899";"3,19";"0";"3";"32";"0";"2"
"13.11.2015 22:00:00";"1";"0";"15";"0,69";"2097152";"62705";"2,99";"0";"3";"32";"0";"2"
"13.11.2015 22:05:00";"1";"0";"19";"0,87";"2097152";"79482";"3,79";"0";"4";"32";"0";"2"
"13.11.2015 22:10:00";"1";"0";"18";"0,84";"2097152";"80740";"3,85";"0";"3";"32";"0";"2"
"13.11.2015 22:15:00";"1";"0";"17";"0,76";"2097152";"75288";"3,59";"0";"3";"32";"0";"2"
"13.11.2015 22:20:00";"1";"0";"19";"0,89";"2097152";"97518";"4,65";"0";"3";"32";"0";"2"
"13.11.2015 22:25:00";"1";"0";"19";"0,85";"2097152";"108842";"5,19";"0";"3";"32";"0";"2"
"13.11.2015 22:30:00";"1";"0";"16";"0,75";"2097152";"83676";"3,99";"0";"3";"32";"0";"2"
"13.11.2015 22:35:00";"1";"0";"18";"0,85";"2097152";"71093";"3,39";"0";"3";"32";"0";"2"
"13.11.2015 22:40:00";"1";"0";"19";"0,85";"2097152";"62705";"2,99";"0";"3";"32";"0";"2"
"13.11.2015 22:45:00";"1";"0";"15";"0,7";"2097152";"100454";"4,79";"0";"3";"32";"0";"2"
"13.11.2015 22:50:00";"1";"0";"18";"0,81";"2097152";"75288";"3,59";"0";"3";"32";"0";"2"
"13.11.2015 22:55:00";"1";"0";"18";"0,82";"2097152";"113036";"5,39";"0";"3";"32";"0";"2"
"13.11.2015 23:00:00";"1";"0";"15";"0,69";"2097152";"75288";"3,59";"0";"3";"32";"0";"2"
"13.11.2015 23:05:00";"1";"0";"18";"0,82";"2097152";"71093";"3,39";"0";"4";"32";"0";"2"
"13.11.2015 23:10:00";"1";"0";"17";"0,77";"2097152";"62705";"2,99";"0";"3";"32";"0";"2"
"13.11.2015 23:15:00";"1";"0";"15";"0,69";"2097152";"62705";"2,99";"0";"3";"32";"0";"2"
"13.11.2015 23:20:00";"1";"0";"17";"0,8";"2097152";"66899";"3,19";"0";"3";"32";"0";"2"
"13.11.2015 23:25:00";"1";"0";"17";"0,8";"2097152";"89129";"4,25";"0";"3";"32";"0";"2"
"13.11.2015 23:30:00";"1";"0";"15";"0,68";"2097152";"72352";"3,45";"0";"3";"32";"0";"2"
"13.11.2015 23:35:00";"1";"0";"18";"0,82";"2097152";"84935";"4,05";"0";"3";"32";"0";"2"
"13.11.2015 23:40:00";"1";"0";"17";"0,78";"2097152";"72352";"3,45";"0";"3";"32";"0";"2"
"13.11.2015 23:45:00";"1";"0";"15";"0,68";"2097152";"65431";"3,12";"0";"3";"32";"0";"2"
"13.11.2015 23:50:00";"1";"0";"18";"0,82";"2097152";"100454";"4,79";"0";"3";"32";"0";"2"
"13.11.2015 23:55:00";"1";"0";"18";"0,84";"2097152";"68157";"3,25";"0";"4";"32";"0";"2"
"14.11.2015 00:00:00";"1";"0";"15";"0,69";"2097152";"108842";"5,19";"0";"4";"32";"0";"2"
"14.11.2015 00:05:00";"1";"0";"19";"0,87";"2097152";"100454";"4,79";"0";"4";"32";"0";"2"
"14.11.2015 00:10:00";"1";"0";"17";"0,79";"2097152";"87871";"4,19";"0";"3";"32";"0";"2"
"14.11.2015 00:15:00";"1";"0";"15";"0,7";"2097152";"62705";"2,99";"0";"3";"32";"0";"2"
"14.11.2015 00:20:00";"1";"0";"18";"0,83";"2097152";"66899";"3,19";"0";"3";"32";"0";"2"
"14.11.2015 00:25:00";"1";"0";"17";"0,8";"2097152";"83676";"3,99";"0";"3";"32";"0";"2"
"14.11.2015 00:30:00";"1";"0";"16";"0,71";"2097152";"79482";"3,79";"0";"3";"32";"0";"2"
"14.11.2015 00:35:00";"1";"0";"18";"0,83";"2097152";"79482";"3,79";"0";"3";"32";"0";"2"
"14.11.2015 00:40:00";"1";"0";"17";"0,79";"2097152";"76546";"3,65";"0";"3";"32";"0";"2"
"14.11.2015 00:45:00";"1";"0";"15";"0,69";"2097152";"79482";"3,79";"0";"3";"32";"0";"2"
"14.11.2015 00:50:00";"1";"0";"18";"0,81";"2097152";"100454";"4,79";"0";"3";"32";"0";"2"
"14.11.2015 00:55:00";"1";"0";"17";"0,8";"2097152";"83676";"3,99";"0";"3";"32";"0";"2"
"14.11.2015 01:00:00";"1";"0";"15";"0,71";"2097152";"92065";"4,39";"0";"3";"32";"0";"2"
"14.11.2015 01:05:00";"1";"0";"18";"0,82";"2097152";"82208";"3,92";"0";"4";"32";"0";"2"
"14.11.2015 01:10:00";"1";"0";"17";"0,78";"2097152";"79482";"3,79";"0";"3";"32";"0";"2"
"14.11.2015 01:15:00";"1";"0";"15";"0,68";"2097152";"107374";"5,12";"0";"3";"32";"0";"2"
"14.11.2015 01:20:00";"1";"0";"18";"0,81";"2097152";"92065";"4,39";"0";"3";"32";"0";"2"
"14.11.2015 01:25:00";"1";"0";"17";"0,78";"2097152";"79482";"3,79";"0";"3";"32";"0";"2"
"14.11.2015 01:30:00";"1";"0";"15";"0,69";"2097152";"83676";"3,99";"0";"3";"32";"0";"2"
"14.11.2015 01:35:00";"1";"0";"18";"0,81";"2097152";"62705";"2,99";"0";"3";"32";"0";"2"
"14.11.2015 01:40:00";"1";"0";"17";"0,77";"2097152";"75288";"3,59";"0";"3";"32";"0";"2"
"14.11.2015 01:45:00";"1";"0";"15";"0,69";"2097152";"44460";"2,12";"0";"3";"32";"0";"2"
"14.11.2015 01:50:00";"1";"0";"18";"0,81";"2097152";"103180";"4,92";"0";"3";"32";"0";"2"
"14.11.2015 01:55:00";"1";"0";"17";"0,79";"2097152";"117231";"5,59";"0";"3";"32";"0";"2"
"14.11.2015 02:00:00";"1";"0";"15";"0,68";"2097152";"92065";"4,39";"0";"3";"32";"0";"2"
"14.11.2015 02:05:00";"1";"0";"18";"0,81";"2097152";"100454";"4,79";"0";"4";"32";"0";"2"
"14.11.2015 02:10:00";"1";"0";"17";"0,78";"2097152";"83676";"3,99";"0";"3";"32";"0";"2"
"14.11.2015 02:15:00";"1";"0";"15";"0,69";"2097152";"92065";"4,39";"0";"3";"32";"0";"2"
"14.11.2015 02:20:00";"1";"0";"18";"0,83";"2097152";"66899";"3,19";"0";"3";"32";"0";"2"
"14.11.2015 02:25:00";"1";"0";"18";"0,81";"2097152";"75288";"3,59";"0";"3";"32";"0";"2"
"14.11.2015 02:30:00";"1";"0";"15";"0,69";"2097152";"62705";"2,99";"0";"3";"32";"0";"2"
"14.11.2015 02:35:00";"1";"0";"18";"0,82";"2097152";"66899";"3,19";"0";"4";"32";"0";"2"
"14.11.2015 02:40:00";"1";"0";"18";"0,8";"2097152";"75288";"3,59";"0";"3";"32";"0";"2"
"14.11.2015 02:45:00";"1";"0";"15";"0,69";"2097152";"75288";"3,59";"0";"4";"32";"0";"2"
"14.11.2015 02:50:00";"1";"0";"18";"0,81";"2097152";"71093";"3,39";"0";"3";"32";"0";"2"
"14.11.2015 02:55:00";"1";"0";"17";"0,79";"2097152";"62705";"2,99";"0";"3";"32";"0";"2"
"14.11.2015 03:00:00";"1";"0";"15";"0,7";"2097152";"80740";"3,85";"0";"3";"32";"0";"2"
"14.11.2015 03:05:00";"1";"0";"18";"0,84";"2097152";"83676";"3,99";"0";"4";"32";"0";"2"
"14.11.2015 03:10:00";"1";"0";"18";"0,81";"2097152";"55575";"2,65";"0";"3";"32";"0";"2"
"14.11.2015 03:15:00";"1";"0";"15";"0,7";"2097152";"83676";"3,99";"0";"3";"32";"0";"2"
"14.11.2015 03:20:00";"1";"0";"20";"0,93";"2097152";"83676";"3,99";"1";"14";"32";"0";"2"
"14.11.2015 03:25:00";"1";"0";"17";"0,8";"2097152";"111568";"5,32";"0";"3";"32";"0";"2"
"14.11.2015 03:30:00";"1";"0";"16";"0,71";"2097152";"69625";"3,32";"0";"3";"32";"0";"2"
"14.11.2015 03:35:00";"1";"0";"18";"0,83";"2097152";"80740";"3,85";"0";"3";"32";"0";"2"
"14.11.2015 03:40:00";"1";"0";"17";"0,8";"2097152";"84935";"4,05";"0";"3";"32";"0";"2"
"14.11.2015 03:45:00";"1";"0";"15";"0,7";"2097152";"61237";"2,92";"0";"3";"32";"0";"2"
"14.11.2015 03:50:00";"1";"0";"18";"0,82";"2097152";"86403";"4,12";"0";"3";"32";"0";"2"
"14.11.2015 03:55:00";"1";"0";"18";"0,81";"2097152";"69625";"3,32";"0";"3";"32";"0";"2"
"14.11.2015 04:00:00";"1";"0";"15";"0,69";"2097152";"72352";"3,45";"0";"3";"32";"0";"2"
"14.11.2015 04:05:00";"1";"0";"18";"0,82";"2097152";"98986";"4,72";"0";"4";"32";"0";"2"
"14.11.2015 04:10:00";"1";"0";"17";"0,79";"2097152";"107374";"5,12";"0";"3";"32";"0";"2"
"14.11.2015 04:15:00";"1";"0";"15";"0,7";"2097152";"108842";"5,19";"0";"3";"32";"0";"2"
"14.11.2015 04:20:00";"1";"0";"18";"0,82";"2097152";"80740";"3,85";"0";"3";"32";"0";"2"
"14.11.2015 04:25:00";"1";"0";"17";"0,78";"2097152";"87871";"4,19";"0";"3";"32";"0";"2"
"14.11.2015 04:30:00";"1";"0";"15";"0,7";"2097152";"62705";"2,99";"0";"3";"32";"0";"2"
"14.11.2015 04:35:00";"1";"0";"18";"0,83";"2097152";"63963";"3,05";"0";"3";"32";"0";"2"
"14.11.2015 04:40:00";"1";"0";"17";"0,78";"2097152";"78014";"3,72";"0";"3";"32";"0";"2"
"14.11.2015 04:45:00";"1";"0";"15";"0,7";"2097152";"94791";"4,52";"0";"3";"32";"0";"2"
"14.11.2015 04:50:00";"1";"0";"18";"0,82";"2097152";"96259";"4,59";"0";"4";"32";"0";"2"
"14.11.2015 04:55:00";"1";"0";"18";"0,81";"2097152";"61237";"2,92";"0";"3";"32";"0";"2"
"14.11.2015 05:00:00";"1";"0";"15";"0,69";"2097152";"71093";"3,39";"0";"3";"32";"0";"2"
"14.11.2015 05:05:00";"1";"0";"18";"0,82";"2097152";"37539";"1,79";"0";"4";"32";"0";"2"
"14.11.2015 05:10:00";"1";"0";"17";"0,79";"2097152";"71093";"3,39";"0";"3";"32";"0";"2"
"14.11.2015 05:15:00";"1";"0";"15";"0,69";"2097152";"93323";"4,45";"0";"3";"32";"0";"2"
"14.11.2015 05:20:00";"1";"0";"18";"0,82";"2097152";"69625";"3,32";"0";"3";"32";"0";"2"
"14.11.2015 05:25:00";"1";"0";"18";"0,81";"2097152";"66899";"3,19";"0";"3";"32";"0";"2"
"14.11.2015 05:30:00";"1";"0";"15";"0,7";"2097152";"76546";"3,65";"0";"3";"32";"0";"2"
"14.11.2015 05:35:00";"1";"0";"19";"0,85";"2097152";"94791";"4,52";"0";"3";"32";"0";"2"
"14.11.2015 05:40:00";"1";"0";"17";"0,79";"2097152";"79482";"3,79";"0";"3";"32";"0";"2"
"14.11.2015 05:45:00";"1";"0";"15";"0,68";"2097152";"83676";"3,99";"0";"3";"32";"0";"2"
"14.11.2015 05:50:00";"1";"0";"18";"0,81";"2097152";"90597";"4,32";"0";"3";"32";"0";"2"
"14.11.2015 05:55:00";"1";"0";"17";"0,78";"2097152";"54316";"2,59";"0";"3";"32";"0";"2"
"14.11.2015 06:00:00";"1";"0";"15";"0,68";"2097152";"73820";"3,52";"0";"3";"32";"0";"2"
"14.11.2015 06:05:00";"1";"0";"18";"0,84";"2097152";"100454";"4,79";"0";"4";"32";"0";"2"
"14.11.2015 06:10:00";"1";"0";"18";"0,81";"2097152";"105906";"5,05";"0";"3";"32";"0";"2"
"14.11.2015 06:15:00";"1";"0";"15";"0,69";"2097152";"80740";"3,85";"0";"3";"32";"0";"2"
"14.11.2015 06:20:00";"1";"0";"17";"0,8";"2097152";"72352";"3,45";"0";"3";"32";"0";"2"
"14.11.2015 06:25:00";"1";"0";"17";"0,78";"2097152";"78014";"3,72";"0";"3";"32";"0";"2"
"14.11.2015 06:30:00";"1";"0";"15";"0,69";"2097152";"76546";"3,65";"0";"3";"32";"0";"2"
"14.11.2015 06:35:00";"1";"0";"18";"0,81";"2097152";"63963";"3,05";"0";"4";"32";"0";"2"
"14.11.2015 06:40:00";"1";"0";"18";"0,8";"2097152";"61237";"2,92";"0";"3";"32";"0";"2"
"14.11.2015 06:45:00";"1";"0";"15";"0,7";"2097152";"118489";"5,65";"0";"3";"32";"0";"2"
"14.11.2015 06:50:00";"1";"0";"18";"0,81";"2097152";"93323";"4,45";"0";"3";"32";"0";"2"
"14.11.2015 06:55:00";"1";"0";"17";"0,79";"2097152";"73820";"3,52";"0";"3";"32";"0";"2"
"14.11.2015 07:00:00";"1";"0";"15";"0,68";"2097152";"80740";"3,85";"0";"3";"32";"0";"2"
"14.11.2015 07:05:00";"1";"0";"18";"0,82";"2097152";"61237";"2,92";"0";"3";"32";"0";"2"
"14.11.2015 07:10:00";"1";"0";"18";"0,81";"2097152";"108842";"5,19";"0";"3";"32";"0";"2"
"14.11.2015 07:15:00";"1";"0";"15";"0,71";"2097152";"105906";"5,05";"0";"3";"32";"0";"2"
"14.11.2015 07:20:00";"1";"0";"18";"0,82";"2097152";"94791";"4,52";"0";"3";"32";"0";"2"
"14.11.2015 07:25:00";"1";"0";"17";"0,79";"2097152";"86403";"4,12";"0";"3";"32";"0";"2"
"14.11.2015 07:30:00";"1";"0";"15";"0,7";"2097152";"96259";"4,59";"0";"3";"32";"0";"2"
"14.11.2015 07:35:00";"1";"0";"18";"0,82";"2097152";"94791";"4,52";"0";"3";"32";"0";"2"
"14.11.2015 07:40:00";"1";"0";"17";"0,78";"2097152";"118489";"5,65";"0";"3";"32";"0";"2"
"14.11.2015 07:45:00";"1";"0";"15";"0,7";"2097152";"100454";"4,79";"0";"4";"32";"0";"2"
"14.11.2015 07:50:00";"1";"0";"18";"0,83";"2097152";"78014";"3,72";"0";"3";"32";"0";"2"
"14.11.2015 07:55:00";"1";"0";"17";"0,79";"2097152";"69625";"3,32";"0";"4";"32";"0";"2"
"14.11.2015 08:00:00";"1";"0";"15";"0,68";"2097152";"100454";"4,79";"0";"3";"32";"0";"2"
"14.11.2015 08:05:00";"1";"0";"18";"0,82";"2097152";"86403";"4,12";"0";"4";"32";"0";"2"
"14.11.2015 08:10:00";"1";"0";"18";"0,83";"2097152";"139461";"6,65";"0";"3";"32";"0";"2"
"14.11.2015 08:15:00";"1";"0";"15";"0,69";"2097152";"143655";"6,85";"0";"3";"32";"0";"2"
"14.11.2015 08:20:00";"1";"0";"18";"0,81";"2097152";"58511";"2,79";"0";"3";"32";"0";"2"
"14.11.2015 08:25:00";"1";"0";"17";"0,79";"2097152";"82208";"3,92";"0";"4";"32";"0";"2"
"14.11.2015 08:30:00";"1";"0";"15";"0,68";"2097152";"143655";"6,85";"0";"3";"32";"0";"2"
"14.11.2015 08:35:00";"1";"0";"18";"0,83";"2097152";"110100";"5,25";"0";"3";"32";"0";"2"
"14.11.2015 08:40:00";"1";"0";"17";"0,79";"2097152";"92065";"4,39";"0";"3";"32";"0";"2"
"14.11.2015 08:45:00";"1";"0";"15";"0,71";"2097152";"63963";"3,05";"0";"3";"32";"0";"2"
"14.11.2015 08:50:00";"1";"0";"18";"0,82";"2097152";"51380";"2,45";"0";"3";"32";"0";"2"
"14.11.2015 08:55:00";"1";"0";"17";"0,78";"2097152";"66899";"3,19";"0";"3";"32";"0";"2"
"14.11.2015 09:00:00";"1";"0";"15";"0,7";"2097152";"93323";"4,45";"0";"3";"32";"0";"2"
"14.11.2015 09:05:00";"1";"0";"19";"0,85";"2097152";"98986";"4,72";"0";"4";"32";"0";"2"
"14.11.2015 09:10:00";"1";"0";"17";"0,8";"2097152";"79482";"3,79";"0";"3";"32";"0";"2"
"14.11.2015 09:15:00";"1";"0";"15";"0,7";"2097152";"68157";"3,25";"0";"3";"32";"0";"2"
"14.11.2015 09:20:00";"1";"0";"18";"0,81";"2097152";"69625";"3,32";"0";"3";"32";"0";"2"
"14.11.2015 09:25:00";"1";"0";"17";"0,78";"2097152";"73820";"3,52";"0";"3";"32";"0";"2"
"14.11.2015 09:30:00";"1";"0";"15";"0,7";"2097152";"79482";"3,79";"0";"3";"32";"0";"2"
"14.11.2015 09:35:00";"1";"0";"18";"0,83";"2097152";"82208";"3,92";"0";"3";"32";"0";"2"
"14.11.2015 09:40:00";"1";"0";"18";"0,81";"2097152";"87871";"4,19";"0";"3";"32";"0";"2"
"14.11.2015 09:45:00";"1";"0";"15";"0,69";"2097152";"84935";"4,05";"0";"3";"32";"0";"2"
"14.11.2015 09:50:00";"1";"0";"18";"0,83";"2097152";"86403";"4,12";"0";"3";"32";"0";"2"
"14.11.2015 09:55:00";"1";"0";"18";"0,81";"2097152";"92065";"4,39";"0";"3";"32";"0";"2"
"14.11.2015 10:00:00";"1";"0";"15";"0,69";"2097152";"83676";"3,99";"0";"3";"32";"0";"2"
"14.11.2015 10:05:00";"1";"0";"18";"0,82";"2097152";"90597";"4,32";"0";"3";"32";"0";"2"
"14.11.2015 10:10:00";"1";"0";"17";"0,78";"2097152";"96259";"4,59";"0";"3";"32";"0";"2"
"14.11.2015 10:15:00";"1";"0";"15";"0,71";"2097152";"96259";"4,59";"0";"3";"32";"0";"2"
"14.11.2015 10:20:00";"1";"0";"18";"0,81";"2097152";"76546";"3,65";"0";"3";"32";"0";"2"
"14.11.2015 10:25:00";"1";"0";"17";"0,79";"2097152";"68157";"3,25";"0";"6";"32";"0";"2"
"14.11.2015 10:30:00";"1";"0";"15";"0,69";"2097152";"86403";"4,12";"0";"3";"32";"0";"2"
"14.11.2015 10:35:00";"1";"0";"18";"0,81";"2097152";"101712";"4,85";"0";"3";"32";"0";"2"
"14.11.2015 10:40:00";"1";"0";"17";"0,78";"2097152";"103180";"4,92";"0";"3";"32";"0";"2"
"14.11.2015 10:45:00";"1";"0";"16";"0,71";"2097152";"86403";"4,12";"0";"3";"32";"0";"2"
"14.11.2015 10:50:00";"1";"0";"18";"0,82";"2097152";"90597";"4,32";"0";"3";"32";"0";"2"
"14.11.2015 10:55:00";"1";"0";"17";"0,79";"2097152";"92065";"4,39";"0";"3";"32";"0";"2"
"14.11.2015 11:00:00";"1";"0";"15";"0,71";"2097152";"98986";"4,72";"0";"3";"32";"0";"2"
"14.11.2015 11:05:00";"1";"0";"18";"0,83";"2097152";"96259";"4,59";"0";"4";"32";"0";"2"
"14.11.2015 11:10:00";"1";"0";"18";"0,82";"2097152";"80740";"3,85";"0";"3";"32";"0";"2"
"14.11.2015 11:15:00";"1";"0";"15";"0,72";"2097152";"98986";"4,72";"0";"3";"32";"0";"2"
"14.11.2015 11:20:00";"1";"0";"18";"0,84";"2097152";"90597";"4,32";"0";"3";"32";"0";"2"
"14.11.2015 11:25:00";"1";"0";"17";"0,79";"2097152";"113036";"5,39";"0";"3";"32";"0";"2"
"14.11.2015 11:30:00";"1";"0";"15";"0,68";"2097152";"75288";"3,59";"0";"3";"32";"0";"2"
"14.11.2015 11:35:00";"1";"0";"18";"0,82";"2097152";"66899";"3,19";"0";"3";"32";"0";"2"
"14.11.2015 11:40:00";"1";"0";"17";"0,79";"2097152";"69625";"3,32";"0";"3";"32";"0";"2"
"14.11.2015 11:45:00";"1";"0";"15";"0,7";"2097152";"58511";"2,79";"0";"3";"32";"0";"2"
"14.11.2015 11:50:00";"1";"0";"18";"0,84";"2097152";"79482";"3,79";"0";"3";"32";"0";"2"
"14.11.2015 11:55:00";"1";"0";"17";"0,8";"2097152";"94791";"4,52";"0";"4";"32";"0";"2"
"14.11.2015 12:00:00";"1";"0";"16";"0,71";"2097152";"84935";"4,05";"0";"3";"32";"0";"2"
"14.11.2015 12:05:00";"1";"0";"18";"0,82";"2097152";"69625";"3,32";"0";"3";"32";"0";"2"
"14.11.2015 12:10:00";"1";"0";"17";"0,79";"2097152";"86403";"4,12";"0";"3";"32";"0";"2"
"14.11.2015 12:15:00";"1";"0";"15";"0,69";"2097152";"96259";"4,59";"0";"3";"32";"0";"2"
"14.11.2015 12:20:00";"1";"0";"18";"0,82";"2097152";"131072";"6,25";"0";"3";"32";"0";"2"
"14.11.2015 12:25:00";"1";"0";"18";"0,81";"2097152";"90597";"4,32";"0";"3";"32";"0";"2"
"14.11.2015 12:30:00";"1";"0";"15";"0,7";"2097152";"76546";"3,65";"0";"3";"32";"0";"2"
"14.11.2015 12:35:00";"1";"0";"18";"0,81";"2097152";"87871";"4,19";"0";"3";"32";"0";"2"
"14.11.2015 12:40:00";"1";"0";"17";"0,78";"2097152";"76546";"3,65";"0";"3";"32";"0";"2"
"14.11.2015 12:45:00";"1";"0";"15";"0,68";"2097152";"92065";"4,39";"0";"3";"32";"0";"2"
"14.11.2015 12:50:00";"1";"0";"18";"0,81";"2097152";"72352";"3,45";"0";"3";"32";"0";"2"
"14.11.2015 12:55:00";"1";"0";"17";"0,79";"2097152";"76546";"3,65";"0";"3";"32";"0";"2"
"14.11.2015 13:00:00";"1";"0";"15";"0,69";"2097152";"76546";"3,65";"0";"3";"32";"0";"2"
"14.11.2015 13:05:00";"1";"0";"18";"0,82";"2097152";"65431";"3,12";"0";"4";"32";"0";"2"
"14.11.2015 13:10:00";"1";"0";"17";"0,79";"2097152";"87871";"4,19";"0";"3";"32";"0";"2"
"14.11.2015 13:15:00";"1";"0";"15";"0,69";"2097152";"94791";"4,52";"0";"3";"32";"0";"2"
"14.11.2015 13:20:00";"1";"0";"18";"0,81";"2097152";"68157";"3,25";"0";"3";"32";"0";"2"
"14.11.2015 13:25:00";"1";"0";"17";"0,79";"2097152";"104648";"4,99";"0";"3";"32";"0";"2"
"14.11.2015 13:30:00";"1";"0";"15";"0,69";"2097152";"93323";"4,45";"0";"3";"32";"0";"2"
"14.11.2015 13:35:00";"1";"0";"18";"0,82";"2097152";"76546";"3,65";"0";"4";"32";"0";"2"
"14.11.2015 13:40:00";"1";"0";"17";"0,79";"2097152";"63963";"3,05";"0";"3";"32";"0";"2"
"14.11.2015 13:45:00";"1";"0";"15";"0,69";"2097152";"63963";"3,05";"0";"3";"32";"0";"2"
"14.11.2015 13:50:00";"1";"0";"17";"0,8";"2097152";"72352";"3,45";"0";"3";"32";"0";"2"
"14.11.2015 13:55:00";"1";"0";"17";"0,78";"2097152";"92065";"4,39";"0";"3";"32";"0";"2"
"14.11.2015 14:00:00";"1";"0";"15";"0,7";"2097152";"65431";"3,12";"0";"3";"32";"0";"2"
"14.11.2015 14:05:00";"1";"0";"18";"0,82";"2097152";"71093";"3,39";"0";"3";"32";"0";"2"
"14.11.2015 14:10:00";"1";"0";"18";"0,8";"2097152";"87871";"4,19";"0";"3";"32";"0";"2"
"14.11.2015 14:15:00";"1";"0";"15";"0,69";"2097152";"62705";"2,99";"0";"3";"32";"0";"2"
"14.11.2015 14:20:00";"1";"0";"18";"0,81";"2097152";"55575";"2,65";"0";"3";"32";"0";"2"
"14.11.2015 14:25:00";"1";"0";"18";"0,8";"2097152";"76546";"3,65";"0";"3";"32";"0";"2"
"14.11.2015 14:30:00";"1";"0";"15";"0,7";"2097152";"65431";"3,12";"0";"3";"32";"0";"2"
"14.11.2015 14:35:00";"1";"0";"18";"0,81";"2097152";"45928";"2,19";"0";"3";"32";"0";"2"
"14.11.2015 14:40:00";"1";"0";"17";"0,78";"2097152";"84935";"4,05";"0";"3";"32";"0";"2"
"14.11.2015 14:45:00";"1";"0";"15";"0,69";"2097152";"80740";"3,85";"0";"3";"32";"0";"2"
"14.11.2015 14:50:00";"1";"0";"18";"0,81";"2097152";"105906";"5,05";"0";"3";"32";"0";"2"
"14.11.2015 14:55:00";"1";"0";"17";"0,78";"2097152";"68157";"3,25";"0";"3";"32";"0";"2"
"14.11.2015 15:00:00";"1";"0";"15";"0,69";"2097152";"76546";"3,65";"0";"3";"32";"0";"2"
"14.11.2015 15:05:00";"1";"0";"18";"0,83";"2097152";"98986";"4,72";"0";"3";"32";"0";"2"
"14.11.2015 15:10:00";"1";"0";"17";"0,79";"2097152";"124151";"5,92";"0";"3";"32";"0";"2"
"14.11.2015 15:15:00";"1";"0";"15";"0,69";"2097152";"84935";"4,05";"0";"3";"32";"0";"2"
"14.11.2015 15:20:00";"1";"0";"18";"0,83";"2097152";"92065";"4,39";"0";"3";"32";"0";"2"
"14.11.2015 15:25:00";"1";"0";"17";"0,78";"2097152";"63963";"3,05";"0";"3";"32";"0";"2"
"14.11.2015 15:30:00";"1";"0";"15";"0,68";"2097152";"76546";"3,65";"0";"3";"32";"0";"2"
"14.11.2015 15:35:00";"1";"0";"18";"0,81";"2097152";"110100";"5,25";"0";"3";"32";"0";"2"
"14.11.2015 15:40:00";"1";"0";"17";"0,78";"2097152";"65431";"3,12";"0";"3";"32";"0";"2"
"14.11.2015 15:45:00";"1";"0";"15";"0,69";"2097152";"72352";"3,45";"0";"3";"32";"0";"2"
"14.11.2015 15:50:00";"1";"0";"18";"0,81";"2097152";"75288";"3,59";"0";"3";"32";"0";"2"
"14.11.2015 15:55:00";"1";"0";"17";"0,78";"2097152";"75288";"3,59";"0";"3";"32";"0";"2"
"14.11.2015 16:00:00";"1";"0";"16";"0,71";"2097152";"55575";"2,65";"0";"3";"32";"0";"2"
"14.11.2015 16:05:00";"1";"0";"18";"0,84";"2097152";"73820";"3,52";"0";"3";"32";"0";"2"
"14.11.2015 16:10:00";"1";"0";"17";"0,79";"2097152";"104648";"4,99";"0";"3";"32";"0";"2"
"14.11.2015 16:15:00";"1";"0";"15";"0,69";"2097152";"86403";"4,12";"0";"3";"32";"0";"2"
"14.11.2015 16:20:00";"1";"0";"18";"0,81";"2097152";"78014";"3,72";"0";"3";"32";"0";"2"
"14.11.2015 16:25:00";"1";"0";"17";"0,78";"2097152";"97518";"4,65";"0";"3";"32";"0";"2"
"14.11.2015 16:30:00";"1";"0";"15";"0,7";"2097152";"87871";"4,19";"0";"3";"32";"0";"2"
"14.11.2015 16:35:00";"1";"0";"18";"0,82";"2097152";"80740";"3,85";"0";"3";"32";"0";"2"
"14.11.2015 16:40:00";"1";"0";"17";"0,79";"2097152";"89129";"4,25";"0";"3";"32";"0";"2"
"14.11.2015 16:45:00";"1";"0";"15";"0,69";"2097152";"115763";"5,52";"0";"3";"32";"0";"2"
"14.11.2015 16:50:00";"1";"0";"18";"0,84";"2097152";"93323";"4,45";"0";"3";"32";"0";"2"
"14.11.2015 16:55:00";"1";"0";"17";"0,79";"2097152";"75288";"3,59";"0";"3";"32";"0";"2"
"14.11.2015 17:00:00";"1";"0";"15";"0,68";"2097152";"71093";"3,39";"0";"3";"32";"0";"2"
"14.11.2015 17:05:00";"1";"0";"18";"0,81";"2097152";"82208";"3,92";"0";"3";"32";"0";"2"
"14.11.2015 17:10:00";"1";"0";"17";"0,79";"2097152";"100454";"4,79";"0";"3";"32";"0";"2"
"14.11.2015 17:15:00";"1";"0";"15";"0,69";"2097152";"78014";"3,72";"0";"3";"32";"0";"2"
"14.11.2015 17:20:00";"1";"0";"18";"0,81";"2097152";"61237";"2,92";"0";"3";"32";"0";"2"
"14.11.2015 17:25:00";"1";"0";"17";"0,79";"2097152";"69625";"3,32";"0";"3";"32";"0";"2"
"14.11.2015 17:30:00";"1";"0";"15";"0,69";"2097152";"84935";"4,05";"0";"3";"32";"0";"2"
"14.11.2015 17:35:00";"1";"0";"18";"0,82";"2097152";"63963";"3,05";"0";"3";"32";"0";"2"
"14.11.2015 17:40:00";"1";"0";"18";"0,81";"2097152";"72352";"3,45";"0";"3";"32";"0";"2"
"14.11.2015 17:45:00";"1";"0";"16";"0,71";"2097152";"75288";"3,59";"0";"3";"32";"0";"2"
"14.11.2015 17:50:00";"1";"0";"18";"0,84";"2097152";"78014";"3,72";"0";"3";"32";"0";"2"
"14.11.2015 17:55:00";"1";"0";"17";"0,79";"2097152";"65431";"3,12";"0";"3";"32";"0";"2"
"14.11.2015 18:00:00";"1";"0";"15";"0,7";"2097152";"41733";"1,99";"0";"3";"32";"0";"2"
"14.11.2015 18:05:00";"1";"0";"18";"0,83";"2097152";"79482";"3,79";"0";"3";"32";"0";"2"
"14.11.2015 18:10:00";"1";"0";"17";"0,79";"2097152";"105906";"5,05";"0";"3";"32";"0";"2"
"14.11.2015 18:15:00";"1";"0";"15";"0,69";"2097152";"73820";"3,52";"0";"3";"32";"0";"2"
"14.11.2015 18:20:00";"1";"0";"18";"0,83";"2097152";"61237";"2,92";"0";"3";"32";"0";"2"
"14.11.2015 18:25:00";"1";"0";"17";"0,78";"2097152";"82208";"3,92";"0";"3";"32";"0";"2"
"14.11.2015 18:30:00";"1";"0";"15";"0,68";"2097152";"94791";"4,52";"0";"3";"32";"0";"2"
"14.11.2015 18:35:00";"1";"0";"18";"0,81";"2097152";"75288";"3,59";"0";"3";"32";"0";"2"
"14.11.2015 18:40:00";"1";"0";"17";"0,79";"2097152";"55575";"2,65";"0";"3";"32";"0";"2"
"14.11.2015 18:45:00";"1";"0";"15";"0,68";"2097152";"72352";"3,45";"0";"3";"32";"0";"2"
"14.11.2015 18:50:00";"1";"0";"18";"0,81";"2097152";"72352";"3,45";"0";"3";"32";"0";"2"
"14.11.2015 18:55:00";"1";"0";"17";"0,79";"2097152";"92065";"4,39";"0";"3";"32";"0";"2"
"14.11.2015 19:00:00";"1";"0";"15";"0,69";"2097152";"96259";"4,59";"0";"3";"32";"0";"2"
"14.11.2015 19:05:00";"1";"0";"18";"0,83";"2097152";"75288";"3,59";"0";"3";"32";"0";"2"
"14.11.2015 19:10:00";"1";"0";"18";"0,8";"2097152";"96259";"4,59";"0";"3";"32";"0";"2"
"14.11.2015 19:15:00";"1";"0";"15";"0,69";"2097152";"100454";"4,79";"0";"3";"32";"0";"2"
"14.11.2015 19:20:00";"1";"0";"18";"0,81";"2097152";"96259";"4,59";"0";"3";"32";"0";"2"
"14.11.2015 19:25:00";"1";"0";"17";"0,78";"2097152";"71093";"3,39";"0";"3";"32";"0";"2"
"14.11.2015 19:30:00";"1";"0";"15";"0,69";"2097152";"62705";"2,99";"0";"3";"32";"0";"2"
"14.11.2015 19:35:00";"1";"0";"18";"0,82";"2097152";"83676";"3,99";"0";"3";"32";"0";"2"
"14.11.2015 19:40:00";"1";"0";"17";"0,77";"2097152";"98986";"4,72";"0";"3";"32";"0";"2"
"14.11.2015 19:45:00";"1";"0";"15";"0,7";"2097152";"101712";"4,85";"0";"3";"32";"0";"2"
"14.11.2015 19:50:00";"1";"0";"19";"0,84";"2097152";"105906";"5,05";"0";"3";"32";"0";"2"
"14.11.2015 19:55:00";"1";"0";"17";"0,79";"2097152";"96259";"4,59";"0";"3";"32";"0";"2"
"14.11.2015 20:00:00";"1";"0";"15";"0,69";"2097152";"87871";"4,19";"0";"3";"32";"0";"2"
"14.11.2015 20:05:00";"1";"0";"18";"0,82";"2097152";"87871";"4,19";"0";"3";"32";"0";"2"
"14.11.2015 20:10:00";"1";"0";"17";"0,78";"2097152";"83676";"3,99";"0";"3";"32";"0";"2"
"14.11.2015 20:15:00";"1";"0";"15";"0,71";"2097152";"96259";"4,59";"0";"3";"32";"0";"2"
"14.11.2015 20:20:00";"1";"0";"18";"0,83";"2097152";"75288";"3,59";"0";"3";"32";"0";"2"
"14.11.2015 20:25:00";"1";"0";"17";"0,77";"2097152";"68157";"3,25";"0";"3";"32";"0";"2"
"14.11.2015 20:30:00";"1";"0";"16";"0,74";"2097152";"147849";"7,05";"0";"3";"32";"0";"2"
"14.11.2015 20:35:00";"1";"0";"18";"0,81";"2097152";"175951";"8,39";"0";"3";"32";"0";"2"
"14.11.2015 20:40:00";"1";"0";"17";"0,78";"2097152";"100454";"4,79";"0";"3";"32";"0";"2"
"14.11.2015 20:45:00";"1";"0";"15";"0,69";"2097152";"114295";"5,45";"0";"3";"32";"0";"2"
"14.11.2015 20:50:00";"1";"0";"18";"0,81";"2097152";"79482";"3,79";"0";"3";"32";"0";"2"
"14.11.2015 20:55:00";"1";"0";"18";"0,8";"2097152";"75288";"3,59";"0";"3";"32";"0";"2"
"14.11.2015 21:00:00";"1";"0";"15";"0,69";"2097152";"87871";"4,19";"0";"3";"32";"0";"2"
"14.11.2015 21:05:00";"1";"0";"18";"0,83";"2097152";"113036";"5,39";"0";"8";"32";"0";"2"
"14.11.2015 21:10:00";"1";"0";"17";"0,79";"2097152";"96259";"4,59";"0";"3";"32";"0";"2"
"14.11.2015 21:15:00";"1";"0";"15";"0,68";"2097152";"83676";"3,99";"0";"3";"32";"0";"2"
"14.11.2015 21:20:00";"1";"0";"18";"0,81";"2097152";"79482";"3,79";"0";"3";"32";"0";"2"
"14.11.2015 21:25:00";"1";"0";"17";"0,79";"2097152";"87871";"4,19";"0";"3";"32";"0";"2"
"14.11.2015 21:30:00";"1";"0";"15";"0,68";"2097152";"50122";"2,39";"0";"3";"32";"0";"2"
"14.11.2015 21:35:00";"1";"0";"18";"0,83";"2097152";"68157";"3,25";"0";"3";"32";"0";"2"
"14.11.2015 21:40:00";"1";"0";"17";"0,78";"2097152";"107374";"5,12";"0";"3";"32";"0";"2"
"14.11.2015 21:45:00";"1";"0";"15";"0,69";"2097152";"96259";"4,59";"0";"3";"32";"0";"2"
"14.11.2015 21:50:00";"1";"0";"18";"0,81";"2097152";"92065";"4,39";"0";"3";"32";"0";"2"
"14.11.2015 21:55:00";"1";"0";"17";"0,79";"2097152";"96259";"4,59";"0";"3";"32";"0";"2"
"14.11.2015 22:00:00";"1";"0";"15";"0,68";"2097152";"75288";"3,59";"0";"3";"32";"0";"2"
"14.11.2015 22:05:00";"1";"0";"19";"0,86";"2097152";"83676";"3,99";"0";"3";"32";"0";"2"
"14.11.2015 22:10:00";"1";"0";"18";"0,83";"2097152";"54316";"2,59";"0";"3";"32";"0";"2"
"14.11.2015 22:15:00";"1";"0";"16";"0,73";"2097152";"92065";"4,39";"0";"3";"32";"0";"2"
"14.11.2015 22:20:00";"1";"0";"19";"0,85";"2097152";"86403";"4,12";"0";"3";"32";"0";"2"
"14.11.2015 22:25:00";"1";"0";"19";"0,85";"2097152";"96259";"4,59";"0";"3";"32";"0";"2"
"14.11.2015 22:30:00";"1";"0";"16";"0,73";"2097152";"73820";"3,52";"0";"3";"32";"0";"2"
"14.11.2015 22:35:00";"1";"0";"19";"0,86";"2097152";"96259";"4,59";"0";"3";"32";"0";"2"
"14.11.2015 22:40:00";"1";"0";"18";"0,83";"2097152";"83676";"3,99";"0";"3";"32";"0";"2"
"14.11.2015 22:45:00";"1";"0";"15";"0,7";"2097152";"92065";"4,39";"0";"3";"32";"0";"2"
"14.11.2015 22:50:00";"1";"0";"18";"0,81";"2097152";"83676";"3,99";"0";"3";"32";"0";"2"
"14.11.2015 22:55:00";"1";"0";"17";"0,79";"2097152";"98986";"4,72";"0";"3";"32";"0";"2"
"14.11.2015 23:00:00";"1";"0";"15";"0,7";"2097152";"108842";"5,19";"0";"3";"32";"0";"2"
"14.11.2015 23:05:00";"1";"0";"18";"0,82";"2097152";"79482";"3,79";"0";"3";"32";"0";"2"
"14.11.2015 23:10:00";"1";"0";"18";"0,81";"2097152";"75288";"3,59";"0";"3";"32";"0";"2"
"14.11.2015 23:15:00";"1";"0";"15";"0,68";"2097152";"80740";"3,85";"0";"3";"32";"0";"2"
"14.11.2015 23:20:00";"1";"0";"18";"0,84";"2097152";"79482";"3,79";"0";"3";"32";"0";"2"
"14.11.2015 23:25:00";"1";"0";"17";"0,79";"2097152";"71093";"3,39";"0";"3";"32";"0";"2"
"14.11.2015 23:30:00";"1";"0";"15";"0,7";"2097152";"50122";"2,39";"0";"3";"32";"0";"2"
"14.11.2015 23:35:00";"1";"0";"18";"0,83";"2097152";"66899";"3,19";"0";"3";"32";"0";"2"
"14.11.2015 23:40:00";"1";"0";"17";"0,79";"2097152";"71093";"3,39";"0";"3";"32";"0";"2"
"14.11.2015 23:45:00";"1";"0";"15";"0,69";"2097152";"92065";"4,39";"0";"3";"32";"0";"2"
"14.11.2015 23:50:00";"1";"0";"18";"0,82";"2097152";"75288";"3,59";"0";"3";"32";"0";"2"
"14.11.2015 23:55:00";"1";"0";"18";"0,83";"2097152";"83676";"3,99";"0";"4";"32";"0";"2"
"15.11.2015 00:00:00";"1";"0";"15";"0,7";"2097152";"92065";"4,39";"0";"4";"32";"0";"2"
"15.11.2015 00:05:00";"1";"0";"19";"0,88";"2097152";"82208";"3,92";"0";"4";"32";"0";"2"
"15.11.2015 00:10:00";"1";"0";"17";"0,78";"2097152";"114295";"5,45";"0";"3";"32";"0";"2"
"15.11.2015 00:15:00";"1";"0";"15";"0,69";"2097152";"83676";"3,99";"0";"3";"32";"0";"2"
"15.11.2015 00:20:00";"1";"0";"18";"0,81";"2097152";"96259";"4,59";"0";"3";"32";"0";"2"
"15.11.2015 00:25:00";"1";"0";"17";"0,78";"2097152";"71093";"3,39";"0";"3";"32";"0";"2"
"15.11.2015 00:30:00";"1";"0";"15";"0,69";"2097152";"73820";"3,52";"0";"3";"32";"0";"2"
"15.11.2015 00:35:00";"1";"0";"18";"0,82";"2097152";"57043";"2,72";"0";"3";"32";"0";"2"
"15.11.2015 00:40:00";"1";"0";"17";"0,78";"2097152";"100454";"4,79";"0";"3";"32";"0";"2"
"15.11.2015 00:45:00";"1";"0";"16";"0,71";"2097152";"90597";"4,32";"0";"3";"32";"0";"2"
"15.11.2015 00:50:00";"1";"0";"19";"0,85";"2097152";"142397";"6,79";"0";"3";"32";"0";"2"
"15.11.2015 00:55:00";"1";"0";"18";"0,81";"2097152";"113036";"5,39";"0";"3";"32";"0";"2"
"15.11.2015 01:00:00";"1";"0";"15";"0,68";"2097152";"82208";"3,92";"0";"3";"32";"0";"2"
"15.11.2015 01:05:00";"1";"0";"18";"0,82";"2097152";"104648";"4,99";"0";"4";"32";"0";"2"
"15.11.2015 01:10:00";"1";"0";"18";"0,81";"2097152";"87871";"4,19";"0";"3";"32";"0";"2"
"15.11.2015 01:15:00";"1";"0";"15";"0,68";"2097152";"96259";"4,59";"0";"3";"32";"0";"2"
"15.11.2015 01:20:00";"1";"0";"18";"0,81";"2097152";"75288";"3,59";"0";"3";"32";"0";"2"
"15.11.2015 01:25:00";"1";"0";"17";"0,79";"2097152";"71093";"3,39";"0";"3";"32";"0";"2"
"15.11.2015 01:30:00";"1";"0";"15";"0,69";"2097152";"79482";"3,79";"0";"3";"32";"0";"2"
"15.11.2015 01:35:00";"1";"0";"18";"0,81";"2097152";"50122";"2,39";"0";"3";"32";"0";"2"
"15.11.2015 01:40:00";"1";"0";"17";"0,79";"2097152";"79482";"3,79";"0";"3";"32";"0";"2"
"15.11.2015 01:45:00";"1";"0";"15";"0,7";"2097152";"66899";"3,19";"0";"3";"32";"0";"2"
"15.11.2015 01:50:00";"1";"0";"18";"0,81";"2097152";"63963";"3,05";"0";"3";"32";"0";"2"
"15.11.2015 01:55:00";"1";"0";"17";"0,79";"2097152";"79482";"3,79";"0";"3";"32";"0";"2"
"15.11.2015 02:00:00";"1";"0";"15";"0,7";"2097152";"75288";"3,59";"0";"3";"32";"0";"2"
"15.11.2015 02:05:00";"1";"0";"18";"0,84";"2097152";"71093";"3,39";"0";"4";"32";"0";"2"
"15.11.2015 02:10:00";"1";"0";"17";"0,77";"2097152";"61237";"2,92";"0";"3";"32";"0";"2"
"15.11.2015 02:15:00";"1";"0";"15";"0,68";"2097152";"71093";"3,39";"0";"3";"32";"0";"2"
"15.11.2015 02:20:00";"1";"0";"18";"0,81";"2097152";"80740";"3,85";"0";"3";"32";"0";"2"
"15.11.2015 02:25:00";"1";"0";"17";"0,79";"2097152";"66899";"3,19";"0";"3";"32";"0";"2"
"15.11.2015 02:30:00";"1";"0";"15";"0,69";"2097152";"92065";"4,39";"0";"3";"32";"0";"2"
"15.11.2015 02:35:00";"1";"0";"18";"0,85";"2097152";"79482";"3,79";"0";"3";"32";"0";"2"
"15.11.2015 02:40:00";"1";"0";"18";"0,81";"2097152";"78014";"3,72";"0";"3";"32";"0";"2"
"15.11.2015 02:45:00";"1";"0";"15";"0,69";"2097152";"62705";"2,99";"0";"3";"32";"0";"2"
"15.11.2015 02:50:00";"1";"0";"18";"0,8";"2097152";"75288";"3,59";"0";"3";"32";"0";"2"
"15.11.2015 02:55:00";"1";"0";"17";"0,79";"2097152";"89129";"4,25";"0";"3";"32";"0";"2"
"15.11.2015 03:00:00";"1";"0";"15";"0,68";"2097152";"62705";"2,99";"0";"3";"32";"0";"2"
"15.11.2015 03:05:00";"1";"0";"18";"0,81";"2097152";"84935";"4,05";"0";"4";"32";"0";"2"
"15.11.2015 03:10:00";"1";"0";"17";"0,79";"2097152";"68157";"3,25";"0";"3";"32";"0";"2"
"15.11.2015 03:15:00";"1";"0";"15";"0,69";"2097152";"96259";"4,59";"0";"3";"32";"0";"2"
"15.11.2015 03:20:00";"1";"0";"18";"0,81";"2097152";"89129";"4,25";"0";"3";"32";"0";"2"
"15.11.2015 03:25:00";"1";"0";"18";"0,81";"2097152";"82208";"3,92";"0";"3";"32";"0";"2"
"15.11.2015 03:30:00";"1";"0";"15";"0,71";"2097152";"100454";"4,79";"0";"3";"32";"0";"2"
"15.11.2015 03:35:00";"1";"0";"18";"0,82";"2097152";"94791";"4,52";"0";"3";"32";"0";"2"
"15.11.2015 03:40:00";"1";"0";"20";"0,93";"2097152";"108842";"5,19";"4";"17";"32";"0";"2"
"15.11.2015 03:45:00";"1";"0";"15";"0,7";"2097152";"86403";"4,12";"0";"3";"32";"0";"2"
"15.11.2015 03:50:00";"1";"0";"18";"0,81";"2097152";"80740";"3,85";"0";"3";"32";"0";"2"
"15.11.2015 03:55:00";"1";"0";"17";"0,79";"2097152";"101712";"4,85";"0";"3";"32";"0";"2"
"15.11.2015 04:00:00";"1";"0";"15";"0,69";"2097152";"94791";"4,52";"0";"3";"32";"0";"2"
"15.11.2015 04:05:00";"1";"0";"18";"0,83";"2097152";"65431";"3,12";"0";"3";"32";"0";"2"
"15.11.2015 04:10:00";"1";"0";"18";"0,81";"2097152";"79482";"3,79";"0";"3";"32";"0";"2"
"15.11.2015 04:15:00";"1";"0";"15";"0,69";"2097152";"93323";"4,45";"0";"3";"32";"0";"2"
"15.11.2015 04:20:00";"1";"0";"18";"0,83";"2097152";"78014";"3,72";"0";"3";"32";"0";"2"
"15.11.2015 04:25:00";"1";"0";"19";"0,86";"2097152";"97518";"4,65";"0";"4";"32";"0";"2"
"15.11.2015 04:30:00";"1";"0";"15";"0,68";"2097152";"87871";"4,19";"0";"4";"32";"0";"2"
"15.11.2015 04:35:00";"1";"0";"18";"0,82";"2097152";"69625";"3,32";"0";"3";"32";"0";"2"
"15.11.2015 04:40:00";"1";"0";"17";"0,79";"2097152";"62705";"2,99";"0";"3";"32";"0";"2"
"15.11.2015 04:45:00";"1";"0";"15";"0,7";"2097152";"82208";"3,92";"0";"3";"32";"0";"2"
"15.11.2015 04:50:00";"1";"0";"18";"0,82";"2097152";"94791";"4,52";"0";"3";"32";"0";"2"
"15.11.2015 04:55:00";"1";"0";"17";"0,79";"2097152";"79482";"3,79";"0";"3";"32";"0";"2"
"15.11.2015 05:00:00";"1";"0";"15";"0,69";"2097152";"63963";"3,05";"0";"3";"32";"0";"2"
"15.11.2015 05:05:00";"1";"0";"18";"0,83";"2097152";"61237";"2,92";"0";"3";"32";"0";"2"
"15.11.2015 05:10:00";"1";"0";"17";"0,79";"2097152";"76546";"3,65";"0";"3";"32";"0";"2"
"15.11.2015 05:15:00";"1";"0";"15";"0,71";"2097152";"78014";"3,72";"0";"3";"32";"0";"2"
"15.11.2015 05:20:00";"1";"0";"18";"0,83";"2097152";"78014";"3,72";"0";"3";"32";"0";"2"
"15.11.2015 05:25:00";"1";"0";"17";"0,78";"2097152";"84935";"4,05";"0";"3";"32";"0";"2"
"15.11.2015 05:30:00";"1";"0";"16";"0,71";"2097152";"69625";"3,32";"0";"3";"32";"0";"2"
"15.11.2015 05:35:00";"1";"0";"18";"0,83";"2097152";"83676";"3,99";"0";"3";"32";"0";"2"
"15.11.2015 05:40:00";"1";"0";"18";"0,8";"2097152";"111568";"5,32";"0";"3";"32";"0";"2"
"15.11.2015 05:45:00";"1";"0";"15";"0,7";"2097152";"83676";"3,99";"0";"3";"32";"0";"2"
"15.11.2015 05:50:00";"1";"0";"18";"0,81";"2097152";"76546";"3,65";"0";"3";"32";"0";"2"
"15.11.2015 05:55:00";"1";"0";"17";"0,78";"2097152";"75288";"3,59";"0";"3";"32";"0";"2"
"15.11.2015 06:00:00";"1";"0";"15";"0,7";"2097152";"51380";"2,45";"0";"3";"32";"0";"2"
"15.11.2015 06:05:00";"1";"0";"18";"0,84";"2097152";"75288";"3,59";"0";"3";"32";"0";"2"
"15.11.2015 06:10:00";"1";"0";"17";"0,79";"2097152";"63963";"3,05";"0";"3";"32";"0";"2"
"15.11.2015 06:15:00";"1";"0";"15";"0,7";"2097152";"63963";"3,05";"0";"3";"32";"0";"2"
"15.11.2015 06:20:00";"1";"0";"18";"0,81";"2097152";"86403";"4,12";"0";"3";"32";"0";"2"
"15.11.2015 06:25:00";"1";"0";"17";"0,78";"2097152";"82208";"3,92";"0";"3";"32";"0";"2"
"15.11.2015 06:30:00";"1";"0";"15";"0,69";"2097152";"73820";"3,52";"0";"3";"32";"0";"2"
"15.11.2015 06:35:00";"1";"0";"18";"0,82";"2097152";"83676";"3,99";"0";"3";"32";"0";"2"
"15.11.2015 06:40:00";"1";"0";"17";"0,78";"2097152";"68157";"3,25";"0";"3";"32";"0";"2"
"15.11.2015 06:45:00";"1";"0";"15";"0,7";"2097152";"80740";"3,85";"0";"3";"32";"0";"2"
"15.11.2015 06:50:00";"1";"0";"18";"0,81";"2097152";"90597";"4,32";"0";"3";"32";"0";"2"
"15.11.2015 06:55:00";"1";"0";"17";"0,79";"2097152";"79482";"3,79";"0";"3";"32";"0";"2"
"15.11.2015 07:00:00";"1";"0";"15";"0,69";"2097152";"80740";"3,85";"0";"3";"32";"0";"2"
"15.11.2015 07:05:00";"1";"0";"18";"0,82";"2097152";"57043";"2,72";"0";"3";"32";"0";"2"
"15.11.2015 07:10:00";"1";"0";"17";"0,79";"2097152";"94791";"4,52";"0";"3";"32";"0";"2"
"15.11.2015 07:15:00";"1";"0";"14";"0,68";"2097152";"96259";"4,59";"0";"3";"32";"0";"2"
"15.11.2015 07:20:00";"1";"0";"18";"0,81";"2097152";"86403";"4,12";"0";"3";"32";"0";"2"
"15.11.2015 07:25:00";"1";"0";"17";"0,79";"2097152";"76546";"3,65";"0";"3";"32";"0";"2"
"15.11.2015 07:30:00";"1";"0";"16";"0,72";"2097152";"80740";"3,85";"0";"3";"32";"0";"2"
"15.11.2015 07:35:00";"1";"0";"17";"0,79";"2097152";"78014";"3,72";"0";"3";"32";"0";"2"
"15.11.2015 07:40:00";"1";"0";"18";"0,85";"2097152";"103180";"4,92";"0";"3";"32";"0";"2"
"15.11.2015 07:45:00";"1";"0";"15";"0,7";"2097152";"103180";"4,92";"0";"3";"32";"0";"2"
"15.11.2015 07:50:00";"1";"0";"17";"0,76";"2097152";"82208";"3,92";"0";"3";"32";"0";"2"
"15.11.2015 07:55:00";"1";"0";"18";"0,83";"2097152";"83676";"3,99";"0";"4";"32";"0";"2"
"15.11.2015 08:00:00";"1";"0";"15";"0,69";"2097152";"92065";"4,39";"0";"3";"32";"0";"2"
"15.11.2015 08:05:00";"1";"0";"17";"0,78";"2097152";"98986";"4,72";"0";"4";"32";"0";"2"
"15.11.2015 08:10:00";"1";"0";"18";"0,84";"2097152";"68157";"3,25";"0";"3";"32";"0";"2"
"15.11.2015 08:15:00";"1";"0";"15";"0,69";"2097152";"105906";"5,05";"0";"3";"32";"0";"2"
"15.11.2015 08:20:00";"1";"0";"17";"0,78";"2097152";"68157";"3,25";"0";"3";"32";"0";"2"
"15.11.2015 08:25:00";"1";"0";"18";"0,84";"2097152";"83676";"3,99";"0";"3";"32";"0";"2"
"15.11.2015 08:30:00";"1";"0";"15";"0,69";"2097152";"87871";"4,19";"0";"3";"32";"0";"2"
"15.11.2015 08:35:00";"1";"0";"17";"0,78";"2097152";"58511";"2,79";"0";"3";"32";"0";"2"
"15.11.2015 08:40:00";"1";"0";"19";"0,86";"2097152";"79482";"3,79";"0";"3";"32";"0";"2"
"15.11.2015 08:45:00";"1";"0";"15";"0,69";"2097152";"96259";"4,59";"0";"3";"32";"0";"2"
"15.11.2015 08:50:00";"1";"0";"18";"0,82";"2097152";"149317";"7,12";"0";"3";"32";"0";"2"
"15.11.2015 08:55:00";"1";"0";"18";"0,85";"2097152";"89129";"4,25";"0";"3";"32";"0";"2"
"15.11.2015 09:00:00";"1";"0";"15";"0,69";"2097152";"82208";"3,92";"0";"3";"32";"0";"2"
"15.11.2015 09:05:00";"1";"0";"17";"0,78";"2097152";"66899";"3,19";"0";"3";"32";"0";"2"
"15.11.2015 09:10:00";"1";"0";"18";"0,82";"2097152";"105906";"5,05";"0";"3";"32";"0";"2"
"15.11.2015 09:15:00";"1";"0";"15";"0,7";"2097152";"89129";"4,25";"0";"3";"32";"0";"2"
"15.11.2015 09:20:00";"1";"0";"17";"0,79";"2097152";"93323";"4,45";"0";"3";"32";"0";"2"
"15.11.2015 09:25:00";"1";"0";"18";"0,85";"2097152";"65431";"3,12";"0";"3";"32";"0";"2"
"15.11.2015 09:30:00";"1";"0";"15";"0,68";"2097152";"83676";"3,99";"0";"3";"32";"0";"2"
"15.11.2015 09:35:00";"1";"0";"17";"0,77";"2097152";"62705";"2,99";"0";"3";"32";"0";"2"
"15.11.2015 09:40:00";"1";"0";"18";"0,83";"2097152";"90597";"4,32";"0";"3";"32";"0";"2"
"15.11.2015 09:45:00";"1";"0";"15";"0,69";"2097152";"100454";"4,79";"0";"3";"32";"0";"2"
"15.11.2015 09:50:00";"1";"0";"17";"0,77";"2097152";"80740";"3,85";"0";"3";"32";"0";"2"
"15.11.2015 09:55:00";"1";"0";"19";"0,85";"2097152";"89129";"4,25";"0";"3";"32";"0";"2"
"15.11.2015 10:00:00";"1";"0";"15";"0,68";"2097152";"86403";"4,12";"0";"3";"32";"0";"2"
"15.11.2015 10:05:00";"1";"0";"17";"0,77";"2097152";"82208";"3,92";"0";"3";"32";"0";"2"
"15.11.2015 10:10:00";"1";"0";"19";"0,86";"2097152";"83676";"3,99";"0";"3";"32";"0";"2"
"15.11.2015 10:15:00";"1";"0";"15";"0,71";"2097152";"92065";"4,39";"0";"3";"32";"0";"2"
"15.11.2015 10:20:00";"1";"0";"16";"0,76";"2097152";"50122";"2,39";"0";"3";"32";"0";"2"
"15.11.2015 10:25:00";"1";"0";"18";"0,82";"2097152";"37539";"1,79";"0";"3";"32";"0";"2"
"15.11.2015 10:30:00";"1";"0";"15";"0,7";"2097152";"58511";"2,79";"0";"3";"32";"0";"2"
"15.11.2015 10:35:00";"1";"0";"18";"0,81";"2097152";"86403";"4,12";"0";"3";"32";"0";"2"
"15.11.2015 10:40:00";"1";"0";"17";"0,78";"2097152";"78014";"3,72";"0";"3";"32";"0";"2"
"15.11.2015 10:45:00";"1";"0";"15";"0,69";"2097152";"76546";"3,65";"0";"3";"32";"0";"2"
"15.11.2015 10:50:00";"1";"0";"18";"0,82";"2097152";"73820";"3,52";"0";"3";"32";"0";"2"
"15.11.2015 10:55:00";"1";"0";"18";"0,81";"2097152";"89129";"4,25";"0";"3";"32";"0";"2"
"15.11.2015 11:00:00";"1";"0";"15";"0,7";"2097152";"79482";"3,79";"0";"3";"32";"0";"2"
"15.11.2015 11:05:00";"1";"0";"18";"0,82";"2097152";"113036";"5,39";"0";"3";"32";"0";"2"
"15.11.2015 11:10:00";"1";"0";"17";"0,79";"2097152";"52848";"2,52";"0";"3";"32";"0";"2"
"15.11.2015 11:15:00";"1";"0";"15";"0,68";"2097152";"75288";"3,59";"0";"3";"32";"0";"2"
"15.11.2015 11:20:00";"1";"0";"18";"0,83";"2097152";"75288";"3,59";"0";"3";"32";"0";"2"
"15.11.2015 11:25:00";"1";"0";"17";"0,78";"2097152";"83676";"3,99";"0";"3";"32";"0";"2"
"15.11.2015 11:30:00";"1";"0";"15";"0,68";"2097152";"87871";"4,19";"0";"3";"32";"0";"2"
"15.11.2015 11:35:00";"1";"0";"18";"0,83";"2097152";"93323";"4,45";"0";"4";"32";"0";"2"
"15.11.2015 11:40:00";"1";"0";"17";"0,78";"2097152";"66899";"3,19";"0";"3";"32";"0";"2"
"15.11.2015 11:45:00";"1";"0";"15";"0,71";"2097152";"57043";"2,72";"0";"3";"32";"0";"2"
"15.11.2015 11:50:00";"1";"0";"18";"0,82";"2097152";"98986";"4,72";"0";"3";"32";"0";"2"
"15.11.2015 11:55:00";"1";"0";"17";"0,78";"2097152";"78014";"3,72";"0";"3";"32";"0";"2"
"15.11.2015 12:00:00";"1";"0";"15";"0,69";"2097152";"80740";"3,85";"0";"3";"32";"0";"2"
"15.11.2015 12:05:00";"1";"0";"19";"0,85";"2097152";"101712";"4,85";"0";"3";"32";"0";"2"
"15.11.2015 12:10:00";"1";"0";"17";"0,78";"2097152";"89129";"4,25";"0";"3";"32";"0";"2"
"15.11.2015 12:15:00";"1";"0";"15";"0,69";"2097152";"75288";"3,59";"0";"3";"32";"0";"2"
"15.11.2015 12:20:00";"1";"0";"18";"0,84";"2097152";"57043";"2,72";"0";"3";"32";"0";"2"
"15.11.2015 12:25:00";"1";"0";"18";"0,81";"2097152";"65431";"3,12";"0";"3";"32";"0";"2"
"15.11.2015 12:30:00";"1";"0";"15";"0,71";"2097152";"71093";"3,39";"0";"3";"32";"0";"2"
"15.11.2015 12:35:00";"1";"0";"18";"0,82";"2097152";"107374";"5,12";"0";"3";"32";"0";"2"
"15.11.2015 12:40:00";"1";"0";"17";"0,79";"2097152";"94791";"4,52";"0";"3";"32";"0";"2"
"15.11.2015 12:45:00";"1";"0";"15";"0,69";"2097152";"68157";"3,25";"0";"3";"32";"0";"2"
"15.11.2015 12:50:00";"1";"0";"18";"0,81";"2097152";"65431";"3,12";"0";"3";"32";"0";"2"
"15.11.2015 12:55:00";"1";"0";"17";"0,8";"2097152";"98986";"4,72";"0";"3";"32";"0";"2"
"15.11.2015 13:00:00";"1";"0";"15";"0,69";"2097152";"92065";"4,39";"0";"3";"32";"0";"2"
"15.11.2015 13:05:00";"1";"0";"18";"0,82";"2097152";"86403";"4,12";"0";"3";"32";"0";"2"
"15.11.2015 13:10:00";"1";"0";"17";"0,79";"2097152";"72352";"3,45";"0";"3";"32";"0";"2"
"15.11.2015 13:15:00";"1";"0";"15";"0,68";"2097152";"93323";"4,45";"0";"3";"32";"0";"2"
"15.11.2015 13:20:00";"1";"0";"18";"0,83";"2097152";"105906";"5,05";"0";"3";"32";"0";"2"
"15.11.2015 13:25:00";"1";"0";"17";"0,79";"2097152";"87871";"4,19";"0";"3";"32";"0";"2"
"15.11.2015 13:30:00";"1";"0";"15";"0,7";"2097152";"79482";"3,79";"0";"3";"32";"0";"2"
"15.11.2015 13:35:00";"1";"0";"17";"0,76";"2097152";"66899";"3,19";"0";"3";"32";"0";"2"
"15.11.2015 13:40:00";"1";"0";"18";"0,84";"2097152";"90597";"4,32";"0";"3";"32";"0";"2"
"15.11.2015 13:45:00";"1";"0";"15";"0,7";"2097152";"71093";"3,39";"0";"3";"32";"0";"2"
"15.11.2015 13:50:00";"1";"0";"17";"0,77";"2097152";"71093";"3,39";"0";"3";"32";"0";"2"
"15.11.2015 13:55:00";"1";"0";"19";"0,85";"2097152";"80740";"3,85";"0";"3";"32";"0";"2"
"15.11.2015 14:00:00";"1";"0";"15";"0,69";"2097152";"68157";"3,25";"0";"3";"32";"0";"2"
"15.11.2015 14:05:00";"1";"0";"17";"0,77";"2097152";"83676";"3,99";"0";"3";"32";"0";"2"
"15.11.2015 14:10:00";"1";"0";"19";"0,86";"2097152";"61237";"2,92";"0";"3";"32";"0";"2"
"15.11.2015 14:15:00";"1";"0";"15";"0,7";"2097152";"71093";"3,39";"0";"3";"32";"0";"2"
"15.11.2015 14:20:00";"1";"0";"17";"0,76";"2097152";"71093";"3,39";"0";"3";"32";"0";"2"
"15.11.2015 14:25:00";"1";"0";"18";"0,83";"2097152";"79482";"3,79";"0";"3";"32";"0";"2"
"15.11.2015 14:30:00";"1";"0";"15";"0,69";"2097152";"94791";"4,52";"0";"3";"32";"0";"2"
"15.11.2015 14:35:00";"1";"0";"17";"0,77";"2097152";"105906";"5,05";"0";"3";"32";"0";"2"
"15.11.2015 14:40:00";"1";"0";"18";"0,83";"2097152";"83676";"3,99";"0";"3";"32";"0";"2"
"15.11.2015 14:45:00";"1";"0";"15";"0,7";"2097152";"54316";"2,59";"0";"3";"32";"0";"2"
"15.11.2015 14:50:00";"1";"0";"16";"0,76";"2097152";"58511";"2,79";"0";"3";"32";"0";"2"
"15.11.2015 14:55:00";"1";"0";"19";"0,85";"2097152";"75288";"3,59";"0";"3";"32";"0";"2"
"15.11.2015 15:00:00";"1";"0";"15";"0,69";"2097152";"87871";"4,19";"0";"3";"32";"0";"2"
"15.11.2015 15:05:00";"1";"0";"18";"0,82";"2097152";"76546";"3,65";"0";"3";"32";"0";"2"
"15.11.2015 15:10:00";"1";"0";"17";"0,79";"2097152";"100454";"4,79";"0";"3";"32";"0";"2"
"15.11.2015 15:15:00";"1";"0";"16";"0,71";"2097152";"83676";"3,99";"0";"3";"32";"0";"2"
"15.11.2015 15:20:00";"1";"0";"18";"0,82";"2097152";"76546";"3,65";"0";"3";"32";"0";"2"
"15.11.2015 15:25:00";"1";"0";"17";"0,78";"2097152";"63963";"3,05";"0";"3";"32";"0";"2"
"15.11.2015 15:30:00";"1";"0";"15";"0,7";"2097152";"65431";"3,12";"0";"3";"32";"0";"2"
"15.11.2015 15:35:00";"1";"0";"18";"0,82";"2097152";"80740";"3,85";"0";"3";"32";"0";"2"
"15.11.2015 15:40:00";"1";"0";"17";"0,79";"2097152";"89129";"4,25";"0";"3";"32";"0";"2"
"15.11.2015 15:45:00";"1";"0";"15";"0,71";"2097152";"68157";"3,25";"0";"3";"32";"0";"2"
"15.11.2015 15:50:00";"1";"0";"18";"0,82";"2097152";"86403";"4,12";"0";"3";"32";"0";"2"
"15.11.2015 15:55:00";"1";"0";"17";"0,79";"2097152";"118489";"5,65";"0";"3";"32";"0";"2"
"15.11.2015 16:00:00";"1";"0";"15";"0,7";"2097152";"105906";"5,05";"0";"3";"32";"0";"2"
"15.11.2015 16:05:00";"1";"0";"18";"0,82";"2097152";"71093";"3,39";"0";"4";"32";"0";"2"
"15.11.2015 16:10:00";"1";"0";"18";"0,81";"2097152";"105906";"5,05";"0";"3";"32";"0";"2"
"15.11.2015 16:15:00";"1";"0";"15";"0,68";"2097152";"87871";"4,19";"0";"3";"32";"0";"2"
"15.11.2015 16:20:00";"1";"0";"18";"0,84";"2097152";"51380";"2,45";"0";"3";"32";"0";"2"
"15.11.2015 16:25:00";"1";"0";"17";"0,79";"2097152";"83676";"3,99";"0";"3";"32";"0";"2"
"15.11.2015 16:30:00";"1";"0";"15";"0,7";"2097152";"103180";"4,92";"0";"3";"32";"0";"2"
"15.11.2015 16:35:00";"1";"0";"18";"0,81";"2097152";"80740";"3,85";"0";"3";"32";"0";"2"
"15.11.2015 16:40:00";"1";"0";"17";"0,79";"2097152";"61237";"2,92";"0";"3";"32";"0";"2"
"15.11.2015 16:45:00";"1";"0";"15";"0,69";"2097152";"92065";"4,39";"0";"3";"32";"0";"2"
"15.11.2015 16:50:00";"1";"0";"18";"0,81";"2097152";"75288";"3,59";"0";"3";"32";"0";"2"
"15.11.2015 16:55:00";"1";"0";"17";"0,79";"2097152";"75288";"3,59";"0";"3";"32";"0";"2"
"15.11.2015 17:00:00";"1";"0";"15";"0,69";"2097152";"80740";"3,85";"0";"3";"32";"0";"2"
"15.11.2015 17:05:00";"1";"0";"17";"0,8";"2097152";"71093";"3,39";"0";"3";"32";"0";"2"
"15.11.2015 17:10:00";"1";"0";"18";"0,84";"2097152";"87871";"4,19";"0";"3";"32";"0";"2"
"15.11.2015 17:15:00";"1";"0";"15";"0,7";"2097152";"94791";"4,52";"0";"3";"32";"0";"2"
"15.11.2015 17:20:00";"1";"0";"17";"0,76";"2097152";"55575";"2,65";"0";"3";"32";"0";"2"
"15.11.2015 17:25:00";"1";"0";"19";"0,84";"2097152";"90597";"4,32";"0";"3";"32";"0";"2"
"15.11.2015 17:30:00";"1";"0";"15";"0,69";"2097152";"71093";"3,39";"0";"3";"32";"0";"2"
"15.11.2015 17:35:00";"1";"0";"17";"0,76";"2097152";"80740";"3,85";"0";"3";"32";"0";"2"
"15.11.2015 17:40:00";"1";"0";"18";"0,83";"2097152";"87871";"4,19";"0";"3";"32";"0";"2"
"15.11.2015 17:45:00";"1";"0";"16";"0,72";"2097152";"90597";"4,32";"0";"3";"32";"0";"2"
"15.11.2015 17:50:00";"1";"0";"17";"0,76";"2097152";"84935";"4,05";"0";"3";"32";"0";"2"
"15.11.2015 17:55:00";"1";"0";"18";"0,83";"2097152";"103180";"4,92";"0";"3";"32";"0";"2"
"15.11.2015 18:00:00";"1";"0";"15";"0,69";"2097152";"121425";"5,79";"0";"3";"32";"0";"2"
"15.11.2015 18:05:00";"1";"0";"17";"0,77";"2097152";"97518";"4,65";"0";"4";"32";"0";"2"
"15.11.2015 18:10:00";"1";"0";"18";"0,84";"2097152";"83676";"3,99";"0";"3";"32";"0";"2"
"15.11.2015 18:15:00";"1";"0";"15";"0,7";"2097152";"72352";"3,45";"0";"3";"32";"0";"2"
"15.11.2015 18:20:00";"1";"0";"17";"0,78";"2097152";"73820";"3,52";"0";"3";"32";"0";"2"
"15.11.2015 18:25:00";"1";"0";"18";"0,83";"2097152";"83676";"3,99";"0";"3";"32";"0";"2"
"15.11.2015 18:30:00";"1";"0";"15";"0,69";"2097152";"68157";"3,25";"0";"3";"32";"0";"2"
"15.11.2015 18:35:00";"1";"0";"17";"0,77";"2097152";"68157";"3,25";"0";"3";"32";"0";"2"
"15.11.2015 18:40:00";"1";"0";"18";"0,84";"2097152";"90597";"4,32";"0";"3";"32";"0";"2"
"15.11.2015 18:45:00";"1";"0";"16";"0,71";"2097152";"73820";"3,52";"0";"3";"32";"0";"2"
"15.11.2015 18:50:00";"1";"0";"17";"0,78";"2097152";"111568";"5,32";"0";"3";"32";"0";"2"
"15.11.2015 18:55:00";"1";"0";"18";"0,84";"2097152";"80740";"3,85";"0";"3";"32";"0";"2"
"15.11.2015 19:00:00";"1";"0";"15";"0,69";"2097152";"83676";"3,99";"0";"3";"32";"0";"2"
"15.11.2015 19:05:00";"1";"0";"17";"0,77";"2097152";"65431";"3,12";"0";"3";"32";"0";"2"
"15.11.2015 19:10:00";"1";"0";"18";"0,83";"2097152";"76546";"3,65";"0";"3";"32";"0";"2"
"15.11.2015 19:15:00";"1";"0";"15";"0,69";"2097152";"65431";"3,12";"0";"3";"32";"0";"2"
"15.11.2015 19:20:00";"1";"0";"17";"0,77";"2097152";"63963";"3,05";"0";"3";"32";"0";"2"
"15.11.2015 19:25:00";"1";"0";"19";"0,87";"2097152";"98986";"4,72";"0";"3";"32";"0";"2"
"15.11.2015 19:30:00";"1";"0";"15";"0,69";"2097152";"94791";"4,52";"0";"3";"32";"0";"2"
"15.11.2015 19:35:00";"1";"0";"18";"0,82";"2097152";"90597";"4,32";"0";"4";"32";"0";"2"
"15.11.2015 19:40:00";"1";"0";"18";"0,8";"2097152";"50122";"2,39";"0";"3";"32";"0";"2"
"15.11.2015 19:45:00";"1";"0";"15";"0,69";"2097152";"59769";"2,85";"0";"3";"32";"0";"2"
"15.11.2015 19:50:00";"1";"0";"18";"0,81";"2097152";"87871";"4,19";"0";"3";"32";"0";"2"
"15.11.2015 19:55:00";"1";"0";"17";"0,79";"2097152";"100454";"4,79";"0";"3";"32";"0";"2"
"15.11.2015 20:00:00";"1";"0";"15";"0,68";"2097152";"73820";"3,52";"0";"3";"32";"0";"2"
"15.11.2015 20:05:00";"1";"0";"18";"0,84";"2097152";"76546";"3,65";"0";"3";"32";"0";"2"
"15.11.2015 20:10:00";"1";"0";"17";"0,79";"2097152";"71093";"3,39";"0";"3";"32";"0";"2"
"15.11.2015 20:15:00";"1";"0";"15";"0,69";"2097152";"84935";"4,05";"0";"3";"32";"0";"2"
"15.11.2015 20:20:00";"1";"0";"17";"0,8";"2097152";"87871";"4,19";"0";"3";"32";"0";"2"
"15.11.2015 20:25:00";"1";"0";"18";"0,82";"2097152";"104648";"4,99";"0";"3";"32";"0";"2"
"15.11.2015 20:30:00";"1";"0";"15";"0,69";"2097152";"113036";"5,39";"0";"3";"32";"0";"2"
"15.11.2015 20:35:00";"1";"0";"18";"0,83";"2097152";"80740";"3,85";"0";"3";"32";"0";"2"
"15.11.2015 20:40:00";"1";"0";"17";"0,8";"2097152";"83676";"3,99";"0";"3";"32";"0";"2"
"15.11.2015 20:45:00";"1";"0";"15";"0,71";"2097152";"87871";"4,19";"0";"3";"32";"0";"2"
"15.11.2015 20:50:00";"1";"0";"18";"0,84";"2097152";"73820";"3,52";"0";"3";"32";"0";"2"
"15.11.2015 20:55:00";"1";"0";"17";"0,8";"2097152";"83676";"3,99";"0";"3";"32";"0";"2"
"15.11.2015 21:00:00";"1";"0";"15";"0,7";"2097152";"41733";"1,99";"0";"3";"32";"0";"2"
"15.11.2015 21:05:00";"1";"0";"19";"0,89";"2097152";"114295";"5,45";"0";"4";"32";"0";"2"
"15.11.2015 21:10:00";"1";"0";"18";"0,81";"2097152";"234671";"11,19";"0";"3";"32";"0";"2"
"15.11.2015 21:15:00";"1";"0";"16";"0,73";"2097152";"94791";"4,52";"0";"3";"32";"0";"2"
"15.11.2015 21:20:00";"1";"0";"18";"0,84";"2097152";"71093";"3,39";"0";"3";"32";"0";"2"
"15.11.2015 21:25:00";"1";"0";"17";"0,8";"2097152";"104648";"4,99";"0";"3";"32";"0";"2"
"15.11.2015 21:30:00";"1";"0";"15";"0,7";"2097152";"79482";"3,79";"0";"3";"32";"0";"2"
"15.11.2015 21:35:00";"1";"0";"18";"0,83";"2097152";"61237";"2,92";"0";"3";"32";"0";"2"
"15.11.2015 21:40:00";"1";"0";"17";"0,79";"2097152";"62705";"2,99";"0";"3";"32";"0";"2"
"15.11.2015 21:45:00";"1";"0";"16";"0,72";"2097152";"52848";"2,52";"0";"3";"32";"0";"2"
"15.11.2015 21:50:00";"1";"0";"18";"0,84";"2097152";"79482";"3,79";"0";"3";"32";"0";"2"
"15.11.2015 21:55:00";"1";"0";"18";"0,81";"2097152";"92065";"4,39";"0";"4";"32";"0";"2"
"15.11.2015 22:00:00";"1";"0";"15";"0,7";"2097152";"103180";"4,92";"0";"3";"32";"0";"2"
"15.11.2015 22:05:00";"1";"0";"19";"0,86";"2097152";"72352";"3,45";"0";"4";"32";"0";"2"
"15.11.2015 22:10:00";"1";"0";"18";"0,83";"2097152";"100454";"4,79";"0";"3";"32";"0";"2"
"15.11.2015 22:15:00";"1";"0";"16";"0,73";"2097152";"54316";"2,59";"0";"3";"32";"0";"2"
"15.11.2015 22:20:00";"1";"0";"19";"0,87";"2097152";"97518";"4,65";"0";"3";"32";"0";"2"
"15.11.2015 22:25:00";"1";"0";"19";"0,85";"2097152";"100454";"4,79";"0";"3";"32";"0";"2"
"15.11.2015 22:30:00";"1";"0";"16";"0,73";"2097152";"100454";"4,79";"0";"3";"32";"0";"2"
"15.11.2015 22:35:00";"1";"0";"19";"0,85";"2097152";"82208";"3,92";"0";"3";"32";"0";"2"
"15.11.2015 22:40:00";"1";"0";"18";"0,83";"2097152";"82208";"3,92";"0";"3";"32";"0";"2"
"15.11.2015 22:45:00";"1";"0";"15";"0,7";"2097152";"62705";"2,99";"0";"3";"32";"0";"2"
"15.11.2015 22:50:00";"1";"0";"18";"0,81";"2097152";"66899";"3,19";"0";"3";"32";"0";"2"
"15.11.2015 22:55:00";"1";"0";"17";"0,8";"2097152";"87871";"4,19";"0";"3";"32";"0";"2"
"15.11.2015 23:00:00";"1";"0";"15";"0,7";"2097152";"92065";"4,39";"0";"3";"32";"0";"2"
"15.11.2015 23:05:00";"1";"0";"18";"0,82";"2097152";"79482";"3,79";"0";"4";"32";"0";"2"
"15.11.2015 23:10:00";"1";"0";"18";"0,81";"2097152";"66899";"3,19";"0";"3";"32";"0";"2"
"15.11.2015 23:15:00";"1";"0";"15";"0,71";"2097152";"79482";"3,79";"0";"3";"32";"0";"2"
"15.11.2015 23:20:00";"1";"0";"17";"0,8";"2097152";"83676";"3,99";"0";"3";"32";"0";"2"
"15.11.2015 23:25:00";"1";"0";"17";"0,8";"2097152";"73820";"3,52";"0";"3";"32";"0";"2"
"15.11.2015 23:30:00";"1";"0";"15";"0,71";"2097152";"75288";"3,59";"0";"3";"32";"0";"2"
"15.11.2015 23:35:00";"1";"0";"18";"0,84";"2097152";"79482";"3,79";"0";"3";"32";"0";"2"
"15.11.2015 23:40:00";"1";"0";"17";"0,79";"2097152";"83676";"3,99";"0";"3";"32";"0";"2"
"15.11.2015 23:45:00";"1";"0";"15";"0,69";"2097152";"92065";"4,39";"0";"3";"32";"0";"2"
"15.11.2015 23:50:00";"1";"0";"19";"0,84";"2097152";"100454";"4,79";"0";"4";"32";"0";"2"
"15.11.2015 23:55:00";"1";"0";"18";"0,81";"2097152";"83676";"3,99";"0";"4";"32";"0";"2"
"16.11.2015 00:00:00";"1";"0";"15";"0,7";"2097152";"83676";"3,99";"0";"4";"32";"0";"2"
"16.11.2015 00:05:00";"1";"0";"20";"0,93";"2097152";"89129";"4,25";"0";"4";"32";"0";"2"
"16.11.2015 00:10:00";"1";"0";"18";"0,83";"2097152";"68157";"3,25";"2";"3";"32";"0";"2"
"16.11.2015 00:15:00";"1";"0";"16";"0,74";"2097152";"82208";"3,92";"0";"3";"32";"0";"2"
"16.11.2015 00:20:00";"1";"0";"18";"0,84";"2097152";"73820";"3,52";"0";"3";"32";"0";"2"
"16.11.2015 00:25:00";"1";"0";"17";"0,79";"2097152";"62705";"2,99";"0";"3";"32";"0";"2"
"16.11.2015 00:30:00";"1";"0";"15";"0,71";"2097152";"59769";"2,85";"0";"3";"32";"0";"2"
"16.11.2015 00:35:00";"1";"0";"18";"0,83";"2097152";"65431";"3,12";"0";"3";"32";"0";"2"
"16.11.2015 00:40:00";"1";"0";"18";"0,8";"2097152";"78014";"3,72";"0";"3";"32";"0";"2"
"16.11.2015 00:45:00";"1";"0";"15";"0,71";"2097152";"110100";"5,25";"0";"3";"32";"0";"2"
"16.11.2015 00:50:00";"1";"0";"18";"0,82";"2097152";"79482";"3,79";"0";"3";"32";"0";"2"
"16.11.2015 00:55:00";"1";"0";"18";"0,8";"2097152";"79482";"3,79";"0";"3";"32";"0";"2"
"16.11.2015 01:00:00";"1";"0";"15";"0,7";"2097152";"80740";"3,85";"0";"3";"32";"0";"2"
"16.11.2015 01:05:00";"1";"0";"19";"0,86";"2097152";"76546";"3,65";"0";"3";"32";"0";"2"
"16.11.2015 01:10:00";"1";"0";"18";"0,8";"2097152";"90597";"4,32";"0";"3";"32";"0";"2"
"16.11.2015 01:15:00";"1";"0";"15";"0,7";"2097152";"76546";"3,65";"0";"3";"32";"0";"2"
"16.11.2015 01:20:00";"1";"0";"18";"0,81";"2097152";"78014";"3,72";"0";"3";"32";"0";"2"
"16.11.2015 01:25:00";"1";"0";"17";"0,79";"2097152";"69625";"3,32";"0";"3";"32";"0";"2"
"16.11.2015 01:30:00";"1";"0";"15";"0,68";"2097152";"104648";"4,99";"0";"3";"32";"0";"2"
"16.11.2015 01:35:00";"1";"0";"18";"0,83";"2097152";"94791";"4,52";"0";"3";"32";"0";"2"
"16.11.2015 01:40:00";"1";"0";"17";"0,8";"2097152";"100454";"4,79";"0";"3";"32";"0";"2"
"16.11.2015 01:45:00";"1";"0";"15";"0,68";"2097152";"111568";"5,32";"0";"3";"32";"0";"2"
"16.11.2015 01:50:00";"1";"0";"18";"0,84";"2097152";"113036";"5,39";"0";"3";"32";"0";"2"
"16.11.2015 01:55:00";"1";"0";"18";"0,82";"2097152";"98986";"4,72";"0";"3";"32";"0";"2"
"16.11.2015 02:00:00";"1";"0";"15";"0,71";"2097152";"104648";"4,99";"0";"3";"32";"0";"2"
"16.11.2015 02:05:00";"1";"0";"18";"0,85";"2097152";"86403";"4,12";"0";"4";"32";"0";"2"
"16.11.2015 02:10:00";"1";"0";"18";"0,81";"2097152";"79482";"3,79";"0";"3";"32";"0";"2"
"16.11.2015 02:15:00";"1";"0";"15";"0,71";"2097152";"83676";"3,99";"0";"3";"32";"0";"2"
"16.11.2015 02:20:00";"1";"0";"18";"0,81";"2097152";"93323";"4,45";"0";"3";"32";"0";"2"
"16.11.2015 02:25:00";"1";"0";"17";"0,78";"2097152";"87871";"4,19";"0";"4";"32";"0";"2"
"16.11.2015 02:30:00";"1";"0";"15";"0,7";"2097152";"61237";"2,92";"0";"3";"32";"0";"2"
"16.11.2015 02:35:00";"1";"0";"18";"0,82";"2097152";"65431";"3,12";"0";"3";"32";"0";"2"
"16.11.2015 02:40:00";"1";"0";"17";"0,78";"2097152";"90597";"4,32";"0";"3";"32";"0";"2"
"16.11.2015 02:45:00";"1";"0";"15";"0,69";"2097152";"76546";"3,65";"0";"3";"32";"0";"2"
"16.11.2015 02:50:00";"1";"0";"18";"0,81";"2097152";"68157";"3,25";"0";"3";"32";"0";"2"
"16.11.2015 02:55:00";"1";"0";"17";"0,8";"2097152";"71093";"3,39";"0";"3";"32";"0";"2"
"16.11.2015 03:00:00";"1";"0";"15";"0,71";"2097152";"83676";"3,99";"0";"3";"32";"0";"2"
"16.11.2015 03:05:00";"1";"0";"18";"0,82";"2097152";"63963";"3,05";"0";"3";"32";"0";"2"
"16.11.2015 03:10:00";"1";"0";"17";"0,79";"2097152";"86403";"4,12";"0";"3";"32";"0";"2"
"16.11.2015 03:15:00";"1";"0";"15";"0,7";"2097152";"100454";"4,79";"0";"3";"32";"0";"2"
"16.11.2015 03:20:00";"1";"0";"17";"0,81";"2097152";"59769";"2,85";"0";"3";"32";"0";"2"
"16.11.2015 03:25:00";"1";"0";"17";"0,78";"2097152";"79482";"3,79";"0";"3";"32";"0";"2"
"16.11.2015 03:30:00";"1";"0";"19";"0,85";"2097152";"90597";"4,32";"1";"15";"32";"0";"2"
"16.11.2015 03:35:00";"1";"0";"18";"0,82";"2097152";"57043";"2,72";"0";"3";"32";"0";"2"
"16.11.2015 03:40:00";"1";"0";"17";"0,78";"2097152";"78014";"3,72";"0";"3";"32";"0";"2"
"16.11.2015 03:45:00";"1";"0";"15";"0,71";"2097152";"72352";"3,45";"0";"3";"32";"0";"2"
"16.11.2015 03:50:00";"1";"0";"18";"0,81";"2097152";"76546";"3,65";"0";"3";"32";"0";"2"
"16.11.2015 03:55:00";"1";"0";"17";"0,79";"2097152";"93323";"4,45";"0";"3";"32";"0";"2"
"16.11.2015 04:00:00";"1";"0";"15";"0,69";"2097152";"86403";"4,12";"0";"3";"32";"0";"2"
"16.11.2015 04:05:00";"1";"0";"18";"0,83";"2097152";"80740";"3,85";"0";"4";"32";"0";"2"
"16.11.2015 04:10:00";"1";"0";"17";"0,8";"2097152";"93323";"4,45";"0";"3";"32";"0";"2"
"16.11.2015 04:15:00";"1";"0";"15";"0,7";"2097152";"63963";"3,05";"0";"3";"32";"0";"2"
"16.11.2015 04:20:00";"1";"0";"18";"0,81";"2097152";"103180";"4,92";"0";"3";"32";"0";"2"
"16.11.2015 04:25:00";"1";"0";"17";"0,79";"2097152";"51380";"2,45";"0";"4";"32";"0";"2"
"16.11.2015 04:30:00";"1";"0";"15";"0,68";"2097152";"44460";"2,12";"0";"3";"32";"0";"2"
"16.11.2015 04:35:00";"1";"0";"18";"0,83";"2097152";"83676";"3,99";"0";"3";"32";"0";"2"
"16.11.2015 04:40:00";"1";"0";"17";"0,8";"2097152";"69625";"3,32";"0";"3";"32";"0";"2"
"16.11.2015 04:45:00";"1";"0";"15";"0,69";"2097152";"57043";"2,72";"0";"3";"32";"0";"2"
"16.11.2015 04:50:00";"1";"0";"18";"0,82";"2097152";"94791";"4,52";"0";"3";"32";"0";"2"
"16.11.2015 04:55:00";"1";"0";"17";"0,79";"2097152";"104648";"4,99";"0";"3";"32";"0";"2"
"16.11.2015 05:00:00";"1";"0";"15";"0,69";"2097152";"65431";"3,12";"0";"3";"32";"0";"2"
"16.11.2015 05:05:00";"1";"0";"18";"0,82";"2097152";"79482";"3,79";"0";"4";"32";"0";"2"
"16.11.2015 05:10:00";"1";"0";"18";"0,82";"2097152";"82208";"3,92";"0";"3";"32";"0";"2"
"16.11.2015 05:15:00";"1";"0";"15";"0,71";"2097152";"115763";"5,52";"0";"3";"32";"0";"2"
"16.11.2015 05:20:00";"1";"0";"18";"0,81";"2097152";"90597";"4,32";"0";"3";"32";"0";"2"
"16.11.2015 05:25:00";"1";"0";"17";"0,79";"2097152";"61237";"2,92";"0";"3";"32";"0";"2"
"16.11.2015 05:30:00";"1";"0";"15";"0,69";"2097152";"76546";"3,65";"0";"3";"32";"0";"2"
"16.11.2015 05:35:00";"1";"0";"18";"0,81";"2097152";"83676";"3,99";"0";"3";"32";"0";"2"
"16.11.2015 05:40:00";"1";"0";"17";"0,78";"2097152";"79482";"3,79";"0";"3";"32";"0";"2"
"16.11.2015 05:45:00";"1";"0";"15";"0,69";"2097152";"76546";"3,65";"0";"3";"32";"0";"2"
"16.11.2015 05:50:00";"1";"0";"18";"0,81";"2097152";"92065";"4,39";"0";"3";"32";"0";"2"
"16.11.2015 05:55:00";"1";"0";"18";"0,81";"2097152";"80740";"3,85";"0";"3";"32";"0";"2"
"16.11.2015 06:00:00";"1";"0";"15";"0,71";"2097152";"73820";"3,52";"0";"3";"32";"0";"2"
"16.11.2015 06:05:00";"1";"0";"18";"0,81";"2097152";"73820";"3,52";"0";"4";"32";"0";"2"
"16.11.2015 06:10:00";"1";"0";"17";"0,77";"2097152";"78014";"3,72";"0";"3";"32";"0";"2"
"16.11.2015 06:15:00";"1";"0";"15";"0,69";"2097152";"105906";"5,05";"0";"3";"32";"0";"2"
"16.11.2015 06:20:00";"1";"0";"18";"0,81";"2097152";"125619";"5,99";"0";"3";"32";"0";"2"
"16.11.2015 06:25:00";"1";"0";"17";"0,79";"2097152";"97518";"4,65";"0";"3";"32";"0";"2"
"16.11.2015 06:30:00";"1";"0";"15";"0,68";"2097152";"71093";"3,39";"0";"3";"32";"0";"2"
"16.11.2015 06:35:00";"1";"0";"18";"0,82";"2097152";"113036";"5,39";"0";"4";"32";"0";"2"
"16.11.2015 06:40:00";"1";"0";"17";"0,79";"2097152";"79482";"3,79";"0";"3";"32";"0";"2"
"16.11.2015 06:45:00";"1";"0";"15";"0,69";"2097152";"96259";"4,59";"0";"3";"32";"0";"2"
"16.11.2015 06:50:00";"1";"0";"18";"0,83";"2097152";"82208";"3,92";"0";"3";"32";"0";"2"
"16.11.2015 06:55:00";"1";"0";"18";"0,81";"2097152";"100454";"4,79";"0";"3";"32";"0";"2"
"16.11.2015 07:00:00";"1";"0";"15";"0,69";"2097152";"75288";"3,59";"0";"3";"32";"0";"2"
"16.11.2015 07:05:00";"1";"0";"18";"0,85";"2097152";"82208";"3,92";"0";"3";"32";"0";"2"
"16.11.2015 07:10:00";"1";"0";"18";"0,8";"2097152";"94791";"4,52";"0";"3";"32";"0";"2"
"16.11.2015 07:15:00";"1";"0";"16";"0,73";"2097152";"73820";"3,52";"0";"3";"32";"0";"2"
"16.11.2015 07:20:00";"1";"0";"18";"0,83";"2097152";"68157";"3,25";"0";"3";"32";"0";"2"
"16.11.2015 07:25:00";"1";"0";"18";"0,81";"2097152";"65431";"3,12";"0";"3";"32";"0";"2"
"16.11.2015 07:30:00";"1";"0";"15";"0,69";"2097152";"61237";"2,92";"0";"3";"32";"0";"2"
"16.11.2015 07:35:00";"1";"0";"17";"0,78";"2097152";"54316";"2,59";"0";"3";"32";"0";"2"
"16.11.2015 07:40:00";"1";"0";"19";"0,85";"2097152";"117231";"5,59";"0";"3";"32";"0";"2"
"16.11.2015 07:45:00";"1";"0";"15";"0,7";"2097152";"142397";"6,79";"0";"4";"32";"0";"2"
"16.11.2015 07:50:00";"1";"0";"17";"0,78";"2097152";"58511";"2,79";"0";"3";"32";"0";"2"
"16.11.2015 07:55:00";"1";"0";"19";"0,87";"2097152";"48654";"2,32";"0";"4";"32";"0";"2"
"16.11.2015 08:00:00";"1";"0";"15";"0,71";"2097152";"62705";"2,99";"0";"3";"32";"0";"2"
"16.11.2015 08:05:00";"1";"0";"17";"0,78";"2097152";"52848";"2,52";"0";"5";"32";"0";"2"
"16.11.2015 08:10:00";"1";"0";"19";"0,88";"2097152";"72352";"3,45";"0";"3";"32";"0";"2"
"16.11.2015 08:15:00";"1";"0";"16";"0,74";"2097152";"71093";"3,39";"0";"3";"32";"0";"2"
"16.11.2015 08:20:00";"1";"0";"17";"0,79";"2097152";"71093";"3,39";"0";"3";"32";"0";"2"
"16.11.2015 08:25:00";"1";"0";"19";"0,87";"2097152";"108842";"5,19";"0";"3";"32";"0";"2"
"16.11.2015 08:30:00";"1";"0";"15";"0,7";"2097152";"104648";"4,99";"0";"3";"32";"0";"2"
"16.11.2015 08:35:00";"1";"0";"17";"0,79";"2097152";"75288";"3,59";"0";"3";"32";"0";"2"
"16.11.2015 08:40:00";"1";"0";"19";"0,85";"2097152";"76546";"3,65";"0";"3";"32";"0";"2"
"16.11.2015 08:45:00";"1";"0";"15";"0,7";"2097152";"75288";"3,59";"0";"3";"32";"0";"2"
"16.11.2015 08:50:00";"1";"0";"17";"0,79";"2097152";"75288";"3,59";"0";"3";"32";"0";"2"
"16.11.2015 08:55:00";"1";"0";"19";"0,86";"2097152";"83676";"3,99";"0";"3";"32";"0";"2"
"16.11.2015 09:00:00";"1";"0";"15";"0,71";"2097152";"72352";"3,45";"0";"3";"32";"0";"2"
"16.11.2015 09:05:00";"1";"0";"18";"0,83";"2097152";"131072";"6,25";"0";"4";"32";"0";"2"
"16.11.2015 09:10:00";"1";"0";"17";"0,8";"2097152";"104648";"4,99";"0";"3";"32";"0";"2"
"16.11.2015 09:15:00";"1";"0";"15";"0,69";"2097152";"93323";"4,45";"0";"3";"32";"0";"2"
"16.11.2015 09:20:00";"1";"0";"18";"0,82";"2097152";"79482";"3,79";"0";"3";"32";"0";"2"
"16.11.2015 09:25:00";"1";"0";"19";"0,88";"2097152";"93323";"4,45";"0";"3";"32";"0";"2"
"16.11.2015 09:30:00";"1";"0";"15";"0,7";"2097152";"139461";"6,65";"0";"3";"32";"0";"2"
"16.11.2015 09:35:00";"1";"0";"18";"0,83";"2097152";"84935";"4,05";"0";"4";"32";"0";"2"
"16.11.2015 09:40:00";"1";"0";"18";"0,8";"2097152";"72352";"3,45";"0";"3";"32";"0";"2"
"16.11.2015 09:45:00";"1";"0";"15";"0,71";"2097152";"82208";"3,92";"0";"3";"32";"0";"2"
"16.11.2015 09:50:00";"1";"0";"18";"0,84";"2097152";"62705";"2,99";"0";"3";"32";"0";"2"
"16.11.2015 09:55:00";"1";"0";"17";"0,8";"2097152";"69625";"3,32";"0";"3";"32";"0";"2"
"16.11.2015 10:00:00";"1";"0";"15";"0,71";"2097152";"90597";"4,32";"0";"3";"32";"0";"2"
"16.11.2015 10:05:00";"1";"0";"18";"0,84";"2097152";"79482";"3,79";"0";"3";"32";"0";"2"
"16.11.2015 10:10:00";"1";"0";"18";"0,81";"2097152";"98986";"4,72";"0";"3";"32";"0";"2"
"16.11.2015 10:15:00";"1";"0";"15";"0,7";"2097152";"73820";"3,52";"0";"3";"32";"0";"2"
"16.11.2015 10:20:00";"1";"0";"18";"0,85";"2097152";"94791";"4,52";"0";"3";"32";"0";"2"
"16.11.2015 10:25:00";"1";"0";"18";"0,83";"2097152";"87871";"4,19";"0";"3";"32";"0";"2"
"16.11.2015 10:30:00";"1";"0";"16";"0,71";"2097152";"98986";"4,72";"0";"3";"32";"0";"2"
"16.11.2015 10:35:00";"1";"0";"18";"0,84";"2097152";"84935";"4,05";"0";"3";"32";"0";"2"
"16.11.2015 10:40:00";"1";"0";"17";"0,8";"2097152";"72352";"3,45";"0";"3";"32";"0";"2"
"16.11.2015 10:45:00";"1";"0";"15";"0,71";"2097152";"76546";"3,65";"0";"3";"32";"0";"2"
"16.11.2015 10:50:00";"1";"0";"18";"0,82";"2097152";"57043";"2,72";"0";"3";"32";"0";"2"
"16.11.2015 10:55:00";"1";"0";"18";"0,8";"2097152";"62705";"2,99";"0";"3";"32";"0";"2"
"16.11.2015 11:00:00";"1";"0";"15";"0,7";"2097152";"104648";"4,99";"0";"3";"32";"0";"2"
"16.11.2015 11:05:00";"1";"0";"17";"0,8";"2097152";"104648";"4,99";"0";"4";"32";"0";"2"
"16.11.2015 11:10:00";"1";"0";"19";"0,85";"2097152";"71093";"3,39";"0";"3";"32";"0";"2"
"16.11.2015 11:15:00";"1";"0";"16";"0,71";"2097152";"71093";"3,39";"0";"3";"32";"0";"2"
"16.11.2015 11:20:00";"1";"0";"17";"0,78";"2097152";"103180";"4,92";"0";"3";"32";"0";"2"
"16.11.2015 11:25:00";"1";"0";"19";"0,86";"2097152";"58511";"2,79";"0";"3";"32";"0";"2"
"16.11.2015 11:30:00";"1";"0";"16";"0,74";"2097152";"83676";"3,99";"0";"3";"32";"0";"2"
"16.11.2015 11:35:00";"1";"0";"18";"0,82";"2097152";"75288";"3,59";"0";"3";"32";"0";"2"
"16.11.2015 11:40:00";"1";"0";"19";"0,89";"2097152";"76546";"3,65";"0";"3";"32";"0";"2"
"16.11.2015 11:45:00";"1";"0";"16";"0,74";"2097152";"79482";"3,79";"0";"3";"32";"0";"2"
"16.11.2015 11:50:00";"1";"0";"18";"0,81";"2097152";"62705";"2,99";"0";"3";"32";"0";"2"
"16.11.2015 11:55:00";"1";"0";"19";"0,86";"2097152";"83676";"3,99";"0";"3";"32";"0";"2"
"16.11.2015 12:00:00";"1";"0";"16";"0,71";"2097152";"110100";"5,25";"0";"3";"32";"0";"2"
"16.11.2015 12:05:00";"1";"0";"17";"0,79";"2097152";"66899";"3,19";"0";"3";"32";"0";"2"
"16.11.2015 12:10:00";"1";"0";"19";"0,85";"2097152";"76546";"3,65";"0";"3";"32";"0";"2"
"16.11.2015 12:15:00";"1";"0";"16";"0,73";"2097152";"90597";"4,32";"0";"3";"32";"0";"2"
"16.11.2015 12:20:00";"1";"0";"17";"0,8";"2097152";"93323";"4,45";"0";"3";"32";"0";"2"
"16.11.2015 12:25:00";"1";"0";"19";"0,88";"2097152";"97518";"4,65";"0";"3";"32";"0";"2"
"16.11.2015 12:30:00";"1";"0";"16";"0,71";"2097152";"103180";"4,92";"0";"3";"32";"0";"2"
"16.11.2015 12:35:00";"1";"0";"17";"0,79";"2097152";"107374";"5,12";"0";"3";"32";"0";"2"
"16.11.2015 12:40:00";"1";"0";"19";"0,85";"2097152";"65431";"3,12";"0";"3";"32";"0";"2"
"16.11.2015 12:45:00";"1";"0";"16";"0,71";"2097152";"59769";"2,85";"0";"3";"32";"0";"2"
"16.11.2015 12:50:00";"1";"0";"18";"0,8";"2097152";"82208";"3,92";"0";"3";"32";"0";"2"
"16.11.2015 12:55:00";"1";"0";"19";"0,87";"2097152";"93323";"4,45";"0";"4";"32";"0";"2"
"16.11.2015 13:00:00";"1";"0";"15";"0,71";"2097152";"103180";"4,92";"0";"3";"32";"0";"2"
"16.11.2015 13:05:00";"1";"0";"17";"0,79";"2097152";"83676";"3,99";"0";"4";"32";"0";"2"
"16.11.2015 13:10:00";"1";"0";"19";"0,85";"2097152";"75288";"3,59";"0";"3";"32";"0";"2"
"16.11.2015 13:15:00";"1";"0";"16";"0,72";"2097152";"93323";"4,45";"0";"3";"32";"0";"2"
"16.11.2015 13:20:00";"1";"0";"17";"0,77";"2097152";"89129";"4,25";"0";"3";"32";"0";"2"
"16.11.2015 13:25:00";"1";"0";"19";"0,86";"2097152";"78014";"3,72";"0";"3";"32";"0";"2"
"16.11.2015 13:30:00";"1";"0";"15";"0,71";"2097152";"65431";"3,12";"0";"3";"32";"0";"2"
"16.11.2015 13:35:00";"1";"0";"18";"0,83";"2097152";"96259";"4,59";"0";"3";"32";"0";"2"
"16.11.2015 13:40:00";"1";"0";"17";"0,8";"2097152";"83676";"3,99";"0";"3";"32";"0";"2"
"16.11.2015 13:45:00";"1";"0";"15";"0,71";"2097152";"93323";"4,45";"0";"3";"32";"0";"2"
"16.11.2015 13:50:00";"1";"0";"18";"0,82";"2097152";"79482";"3,79";"0";"3";"32";"0";"2"
"16.11.2015 13:55:00";"1";"0";"17";"0,8";"2097152";"58511";"2,79";"0";"3";"32";"0";"2"
"16.11.2015 14:00:00";"1";"0";"15";"0,69";"2097152";"71093";"3,39";"0";"3";"32";"0";"2"
"16.11.2015 14:05:00";"1";"0";"18";"0,84";"2097152";"59769";"2,85";"0";"3";"32";"0";"2"
"16.11.2015 14:10:00";"1";"0";"17";"0,8";"2097152";"66899";"3,19";"0";"3";"32";"0";"2"
"16.11.2015 14:15:00";"1";"0";"15";"0,71";"2097152";"87871";"4,19";"0";"3";"32";"0";"2"
"16.11.2015 14:20:00";"1";"0";"18";"0,82";"2097152";"92065";"4,39";"0";"3";"32";"0";"2"
"16.11.2015 14:25:00";"1";"0";"18";"0,81";"2097152";"83676";"3,99";"0";"3";"32";"0";"2"
"16.11.2015 14:30:00";"1";"0";"17";"0,78";"2097152";"83676";"3,99";"0";"3";"32";"0";"2"
"16.11.2015 14:35:00";"1";"0";"16";"0,74";"2097152";"65431";"3,12";"0";"3";"32";"0";"2"
"16.11.2015 14:40:00";"1";"0";"18";"0,8";"2097152";"90597";"4,32";"0";"3";"32";"0";"2"
"16.11.2015 14:45:00";"1";"0";"17";"0,79";"2097152";"75288";"3,59";"0";"3";"32";"0";"2"
"16.11.2015 14:50:00";"1";"0";"17";"0,77";"2097152";"72352";"3,45";"0";"3";"32";"0";"2"
"16.11.2015 14:55:00";"1";"0";"17";"0,8";"2097152";"73820";"3,52";"0";"3";"32";"0";"2"
"16.11.2015 15:00:00";"1";"0";"17";"0,78";"2097152";"68157";"3,25";"0";"3";"32";"0";"2"
"16.11.2015 15:05:00";"1";"0";"16";"0,75";"2097152";"80740";"3,85";"0";"3";"32";"0";"2"
"16.11.2015 15:10:00";"1";"0";"17";"0,8";"2097152";"83676";"3,99";"0";"3";"32";"0";"2"
"16.11.2015 15:15:00";"1";"0";"18";"0,81";"2097152";"90597";"4,32";"0";"3";"32";"0";"2"
"16.11.2015 15:20:00";"1";"0";"16";"0,75";"2097152";"83676";"3,99";"0";"3";"32";"0";"2"
"16.11.2015 15:25:00";"1";"0";"18";"0,82";"2097152";"92065";"4,39";"0";"3";"32";"0";"2"
"16.11.2015 15:30:00";"1";"0";"17";"0,79";"2097152";"50122";"2,39";"0";"3";"32";"0";"2"
"16.11.2015 15:35:00";"1";"0";"16";"0,74";"2097152";"59769";"2,85";"0";"3";"32";"0";"2"
"16.11.2015 15:40:00";"1";"0";"18";"0,82";"2097152";"90597";"4,32";"0";"3";"32";"0";"2"
"16.11.2015 15:45:00";"1";"0";"17";"0,8";"2097152";"82208";"3,92";"0";"3";"32";"0";"2"
"16.11.2015 15:50:00";"1";"0";"16";"0,75";"2097152";"79482";"3,79";"0";"3";"32";"0";"2"
"16.11.2015 15:55:00";"1";"0";"17";"0,8";"2097152";"75288";"3,59";"0";"3";"32";"0";"2"
"16.11.2015 16:00:00";"1";"0";"17";"0,78";"2097152";"73820";"3,52";"0";"3";"32";"0";"2"
"16.11.2015 16:05:00";"1";"0";"16";"0,75";"2097152";"92065";"4,39";"0";"3";"32";"0";"2"
"16.11.2015 16:10:00";"1";"0";"17";"0,79";"2097152";"62705";"2,99";"0";"3";"32";"0";"2"
"16.11.2015 16:15:00";"1";"0";"17";"0,79";"2097152";"68157";"3,25";"0";"3";"32";"0";"2"
"16.11.2015 16:20:00";"1";"0";"17";"0,76";"2097152";"82208";"3,92";"0";"3";"32";"0";"2"
"16.11.2015 16:25:00";"1";"0";"18";"0,83";"2097152";"72352";"3,45";"0";"3";"32";"0";"2"
"16.11.2015 16:30:00";"1";"0";"17";"0,79";"2097152";"96259";"4,59";"0";"3";"32";"0";"2"
"16.11.2015 16:35:00";"1";"0";"16";"0,75";"2097152";"62705";"2,99";"0";"3";"32";"0";"2"
"16.11.2015 16:40:00";"1";"0";"17";"0,8";"2097152";"73820";"3,52";"0";"3";"32";"0";"2"
"16.11.2015 16:45:00";"1";"0";"18";"0,8";"2097152";"78014";"3,72";"0";"3";"32";"0";"2"
"16.11.2015 16:50:00";"1";"0";"16";"0,73";"2097152";"82208";"3,92";"0";"3";"32";"0";"2"
"16.11.2015 16:55:00";"1";"0";"18";"0,81";"2097152";"79482";"3,79";"0";"3";"32";"0";"2"
"16.11.2015 17:00:00";"1";"0";"17";"0,79";"2097152";"79482";"3,79";"0";"3";"32";"0";"2"
"16.11.2015 17:05:00";"1";"0";"16";"0,74";"2097152";"66899";"3,19";"0";"3";"32";"0";"2"
"16.11.2015 17:10:00";"1";"0";"17";"0,79";"2097152";"62705";"2,99";"0";"3";"32";"0";"2"
"16.11.2015 17:15:00";"1";"0";"17";"0,78";"2097152";"94791";"4,52";"0";"3";"32";"0";"2"
"16.11.2015 17:20:00";"1";"0";"16";"0,75";"2097152";"75288";"3,59";"0";"3";"32";"0";"2"
"16.11.2015 17:25:00";"1";"0";"17";"0,8";"2097152";"62705";"2,99";"0";"3";"32";"0";"2"
"16.11.2015 17:30:00";"1";"0";"17";"0,78";"2097152";"59769";"2,85";"0";"3";"32";"0";"2"
"16.11.2015 17:35:00";"1";"0";"16";"0,73";"2097152";"75288";"3,59";"0";"3";"32";"0";"2"
"16.11.2015 17:40:00";"1";"0";"18";"0,81";"2097152";"66899";"3,19";"0";"3";"32";"0";"2"
"16.11.2015 17:45:00";"1";"0";"17";"0,78";"2097152";"66899";"3,19";"0";"3";"32";"0";"2"
"16.11.2015 17:50:00";"1";"0";"16";"0,73";"2097152";"80740";"3,85";"0";"3";"32";"0";"2"
"16.11.2015 17:55:00";"1";"0";"17";"0,79";"2097152";"69625";"3,32";"0";"3";"32";"0";"2"
"16.11.2015 18:00:00";"1";"0";"17";"0,78";"2097152";"87871";"4,19";"0";"3";"32";"0";"2"
"16.11.2015 18:05:00";"1";"0";"16";"0,75";"2097152";"54316";"2,59";"0";"3";"32";"0";"2"
"16.11.2015 18:10:00";"1";"0";"17";"0,79";"2097152";"40265";"1,92";"0";"3";"32";"0";"2"
"16.11.2015 18:15:00";"1";"0";"17";"0,77";"2097152";"84935";"4,05";"0";"3";"32";"0";"2"
"16.11.2015 18:20:00";"1";"0";"16";"0,73";"2097152";"108842";"5,19";"0";"3";"32";"0";"2"
"16.11.2015 18:25:00";"1";"0";"17";"0,79";"2097152";"104648";"4,99";"0";"3";"32";"0";"2"
"16.11.2015 18:30:00";"1";"0";"17";"0,79";"2097152";"82208";"3,92";"0";"3";"32";"0";"2"
"16.11.2015 18:35:00";"1";"0";"15";"0,71";"2097152";"62705";"2,99";"0";"3";"32";"0";"2"
"16.11.2015 18:40:00";"1";"0";"17";"0,79";"2097152";"73820";"3,52";"0";"3";"32";"0";"2"
"16.11.2015 18:45:00";"1";"0";"17";"0,77";"2097152";"92065";"4,39";"0";"3";"32";"0";"2"
"16.11.2015 18:50:00";"1";"0";"16";"0,73";"2097152";"71093";"3,39";"0";"3";"32";"0";"2"
"16.11.2015 18:55:00";"1";"0";"17";"0,79";"2097152";"93323";"4,45";"0";"3";"32";"0";"2"
"16.11.2015 19:00:00";"1";"0";"17";"0,78";"2097152";"100454";"4,79";"0";"3";"32";"0";"2"
"16.11.2015 19:05:00";"1";"0";"16";"0,74";"2097152";"58511";"2,79";"0";"3";"32";"0";"2"
"16.11.2015 19:10:00";"1";"0";"17";"0,79";"2097152";"54316";"2,59";"0";"3";"32";"0";"2"
"16.11.2015 19:15:00";"1";"0";"17";"0,77";"2097152";"58511";"2,79";"0";"3";"32";"0";"2"
"16.11.2015 19:20:00";"1";"0";"16";"0,73";"2097152";"76546";"3,65";"0";"3";"32";"0";"2"
"16.11.2015 19:25:00";"1";"0";"17";"0,77";"2097152";"50122";"2,39";"0";"3";"32";"0";"2"
"16.11.2015 19:30:00";"1";"0";"17";"0,78";"2097152";"51380";"2,45";"0";"3";"32";"0";"2"
"16.11.2015 19:35:00";"1";"0";"16";"0,72";"2097152";"59769";"2,85";"0";"3";"32";"0";"2"
"16.11.2015 19:40:00";"1";"0";"17";"0,78";"2097152";"68157";"3,25";"0";"3";"32";"0";"2"
"16.11.2015 19:45:00";"1";"0";"17";"0,77";"2097152";"79482";"3,79";"0";"3";"32";"0";"2"
"16.11.2015 19:50:00";"1";"0";"16";"0,73";"2097152";"84935";"4,05";"0";"3";"32";"0";"2"
"16.11.2015 19:55:00";"1";"0";"17";"0,79";"2097152";"80740";"3,85";"0";"3";"32";"0";"2"
"16.11.2015 20:00:00";"1";"0";"17";"0,78";"2097152";"58511";"2,79";"0";"3";"32";"0";"2"
"16.11.2015 20:05:00";"1";"0";"16";"0,76";"2097152";"61237";"2,92";"0";"3";"32";"0";"2"
"16.11.2015 20:10:00";"1";"0";"18";"0,81";"2097152";"73820";"3,52";"0";"3";"32";"0";"2"
"16.11.2015 20:15:00";"1";"0";"18";"0,81";"2097152";"58511";"2,79";"0";"3";"32";"0";"2"
"16.11.2015 20:20:00";"1";"0";"16";"0,73";"2097152";"82208";"3,92";"0";"3";"32";"0";"2"
"16.11.2015 20:25:00";"1";"0";"17";"0,79";"2097152";"100454";"4,79";"0";"3";"32";"0";"2"
"16.11.2015 20:30:00";"1";"0";"17";"0,77";"2097152";"97518";"4,65";"0";"3";"32";"0";"2"
"16.11.2015 20:35:00";"1";"0";"16";"0,72";"2097152";"61237";"2,92";"0";"3";"32";"0";"2"
"16.11.2015 20:40:00";"1";"0";"17";"0,78";"2097152";"82208";"3,92";"0";"3";"32";"0";"2"
"16.11.2015 20:45:00";"1";"0";"17";"0,78";"2097152";"90597";"4,32";"0";"3";"32";"0";"2"
"16.11.2015 20:50:00";"1";"0";"16";"0,72";"2097152";"72352";"3,45";"0";"3";"32";"0";"2"
"16.11.2015 20:55:00";"1";"0";"17";"0,79";"2097152";"52848";"2,52";"0";"3";"32";"0";"2"
"16.11.2015 21:00:00";"1";"0";"17";"0,77";"2097152";"57043";"2,72";"0";"3";"32";"0";"2"
"16.11.2015 21:05:00";"1";"0";"16";"0,74";"2097152";"107374";"5,12";"0";"3";"32";"0";"2"
"16.11.2015 21:10:00";"1";"0";"17";"0,78";"2097152";"94791";"4,52";"0";"3";"32";"0";"2"
"16.11.2015 21:15:00";"1";"0";"18";"0,82";"2097152";"219152";"10,45";"0";"3";"32";"0";"2"
"16.11.2015 21:20:00";"1";"0";"16";"0,73";"2097152";"122683";"5,85";"0";"3";"32";"0";"2"
"16.11.2015 21:25:00";"1";"0";"17";"0,79";"2097152";"63963";"3,05";"0";"3";"32";"0";"2"
"16.11.2015 21:30:00";"1";"0";"17";"0,8";"2097152";"79482";"3,79";"0";"3";"32";"0";"2"
"16.11.2015 21:35:00";"1";"0";"16";"0,73";"2097152";"79482";"3,79";"0";"3";"32";"0";"2"
"16.11.2015 21:40:00";"1";"0";"17";"0,79";"2097152";"73820";"3,52";"0";"3";"32";"0";"2"
"16.11.2015 21:45:00";"1";"0";"18";"0,81";"2097152";"68157";"3,25";"0";"3";"32";"0";"2"
"16.11.2015 21:50:00";"1";"0";"16";"0,72";"2097152";"73820";"3,52";"0";"3";"32";"0";"2"
"16.11.2015 21:55:00";"1";"0";"17";"0,79";"2097152";"75288";"3,59";"0";"3";"32";"0";"2"
"16.11.2015 22:00:00";"1";"0";"18";"0,8";"2097152";"75288";"3,59";"0";"3";"32";"0";"2"
"16.11.2015 22:05:00";"1";"0";"16";"0,75";"2097152";"89129";"4,25";"0";"3";"32";"0";"2"
"16.11.2015 22:10:00";"1";"0";"18";"0,81";"2097152";"100454";"4,79";"0";"3";"32";"0";"2"
"16.11.2015 22:15:00";"1";"0";"18";"0,8";"2097152";"51380";"2,45";"0";"3";"32";"0";"2"
"16.11.2015 22:20:00";"1";"0";"17";"0,76";"2097152";"65431";"3,12";"0";"3";"32";"0";"2"
"16.11.2015 22:25:00";"1";"0";"19";"0,85";"2097152";"100454";"4,79";"0";"3";"32";"0";"2"
"16.11.2015 22:30:00";"1";"0";"18";"0,83";"2097152";"86403";"4,12";"0";"3";"32";"0";"2"
"16.11.2015 22:35:00";"1";"0";"17";"0,79";"2097152";"83676";"3,99";"0";"3";"32";"0";"2"
"16.11.2015 22:40:00";"1";"0";"18";"0,83";"2097152";"87871";"4,19";"0";"3";"32";"0";"2"
"16.11.2015 22:45:00";"1";"0";"17";"0,79";"2097152";"79482";"3,79";"0";"3";"32";"0";"2"
"16.11.2015 22:50:00";"1";"0";"16";"0,73";"2097152";"75288";"3,59";"0";"3";"32";"0";"2"
"16.11.2015 22:55:00";"1";"0";"18";"0,8";"2097152";"89129";"4,25";"0";"3";"32";"0";"2"
"16.11.2015 23:00:00";"1";"0";"17";"0,78";"2097152";"98986";"4,72";"0";"3";"32";"0";"2"
"16.11.2015 23:05:00";"1";"0";"16";"0,73";"2097152";"73820";"3,52";"0";"3";"32";"0";"2"
"16.11.2015 23:10:00";"1";"0";"17";"0,78";"2097152";"93323";"4,45";"0";"3";"32";"0";"2"
"16.11.2015 23:15:00";"1";"0";"17";"0,79";"2097152";"98986";"4,72";"0";"3";"32";"0";"2"
"16.11.2015 23:20:00";"1";"0";"16";"0,74";"2097152";"82208";"3,92";"0";"3";"32";"0";"2"
"16.11.2015 23:25:00";"1";"0";"17";"0,78";"2097152";"90597";"4,32";"0";"3";"32";"0";"2"
"16.11.2015 23:30:00";"1";"0";"17";"0,77";"2097152";"96259";"4,59";"0";"3";"32";"0";"2"
"16.11.2015 23:35:00";"1";"0";"16";"0,73";"2097152";"84935";"4,05";"0";"3";"32";"0";"2"
"16.11.2015 23:40:00";"1";"0";"17";"0,77";"2097152";"40265";"1,92";"0";"3";"32";"0";"2"
"16.11.2015 23:45:00";"1";"0";"17";"0,77";"2097152";"71093";"3,39";"0";"3";"32";"0";"2"
"16.11.2015 23:50:00";"1";"0";"16";"0,72";"2097152";"94791";"4,52";"0";"3";"32";"0";"2"
"16.11.2015 23:55:00";"1";"0";"17";"0,8";"2097152";"45928";"2,19";"0";"4";"32";"0";"2"
"17.11.2015 00:00:00";"1";"0";"17";"0,79";"2097152";"58511";"2,79";"0";"4";"32";"0";"2"
"17.11.2015 00:05:00";"1";"0";"16";"0,74";"2097152";"63963";"3,05";"0";"3";"32";"0";"2"
"17.11.2015 00:10:00";"1";"0";"17";"0,78";"2097152";"79482";"3,79";"0";"3";"32";"0";"2"
"17.11.2015 00:15:00";"1";"0";"17";"0,78";"2097152";"79482";"3,79";"0";"3";"32";"0";"2"
"17.11.2015 00:20:00";"1";"0";"15";"0,71";"2097152";"63963";"3,05";"0";"3";"32";"0";"2"
"17.11.2015 00:25:00";"1";"0";"17";"0,77";"2097152";"76546";"3,65";"0";"3";"32";"0";"2"
"17.11.2015 00:30:00";"1";"0";"16";"0,75";"2097152";"87871";"4,19";"0";"3";"32";"0";"2"
"17.11.2015 00:35:00";"1";"0";"16";"0,75";"2097152";"94791";"4,52";"0";"3";"32";"0";"2"
"17.11.2015 00:40:00";"1";"0";"17";"0,78";"2097152";"63963";"3,05";"0";"3";"32";"0";"2"
"17.11.2015 00:45:00";"1";"0";"16";"0,76";"2097152";"65431";"3,12";"0";"3";"32";"0";"2"
"17.11.2015 00:50:00";"1";"0";"15";"0,71";"2097152";"71093";"3,39";"0";"3";"32";"0";"2"
"17.11.2015 00:55:00";"1";"0";"17";"0,76";"2097152";"62705";"2,99";"0";"3";"32";"0";"2"
"17.11.2015 01:00:00";"1";"0";"16";"0,76";"2097152";"103180";"4,92";"0";"3";"32";"0";"2"
"17.11.2015 01:05:00";"1";"0";"16";"0,73";"2097152";"62705";"2,99";"0";"3";"32";"0";"2"
"17.11.2015 01:10:00";"1";"0";"17";"0,78";"2097152";"84935";"4,05";"0";"3";"32";"0";"2"
"17.11.2015 01:15:00";"1";"0";"16";"0,75";"2097152";"113036";"5,39";"0";"3";"32";"0";"2"
"17.11.2015 01:20:00";"1";"0";"16";"0,72";"2097152";"80740";"3,85";"0";"3";"32";"0";"2"
"17.11.2015 01:25:00";"1";"0";"17";"0,79";"2097152";"61237";"2,92";"0";"3";"32";"0";"2"
"17.11.2015 01:30:00";"1";"0";"17";"0,77";"2097152";"69625";"3,32";"0";"3";"32";"0";"2"
"17.11.2015 01:35:00";"1";"0";"16";"0,73";"2097152";"97518";"4,65";"0";"3";"32";"0";"2"
"17.11.2015 01:40:00";"1";"0";"17";"0,77";"2097152";"55575";"2,65";"0";"3";"32";"0";"2"
"17.11.2015 01:45:00";"1";"0";"17";"0,76";"2097152";"83676";"3,99";"0";"4";"32";"0";"2"
"17.11.2015 01:50:00";"1";"0";"15";"0,71";"2097152";"86403";"4,12";"0";"3";"32";"0";"2"
"17.11.2015 01:55:00";"1";"0";"17";"0,78";"2097152";"75288";"3,59";"0";"3";"32";"0";"2"
"17.11.2015 02:00:00";"1";"0";"16";"0,76";"2097152";"47186";"2,25";"0";"3";"32";"0";"2"
"17.11.2015 02:05:00";"1";"0";"16";"0,72";"2097152";"87871";"4,19";"0";"4";"32";"0";"2"
"17.11.2015 02:10:00";"1";"0";"17";"0,77";"2097152";"108842";"5,19";"0";"3";"32";"0";"2"
"17.11.2015 02:15:00";"1";"0";"16";"0,75";"2097152";"62705";"2,99";"0";"3";"32";"0";"2"
"17.11.2015 02:20:00";"1";"0";"15";"0,7";"2097152";"54316";"2,59";"0";"3";"32";"0";"2"
"17.11.2015 02:25:00";"1";"0";"17";"0,76";"2097152";"89129";"4,25";"0";"3";"32";"0";"2"
"17.11.2015 02:30:00";"1";"0";"17";"0,75";"2097152";"80740";"3,85";"0";"3";"32";"0";"2"
"17.11.2015 02:35:00";"1";"0";"16";"0,73";"2097152";"59769";"2,85";"0";"3";"32";"0";"2"
"17.11.2015 02:40:00";"1";"0";"17";"0,79";"2097152";"89129";"4,25";"0";"3";"32";"0";"2"
"17.11.2015 02:45:00";"1";"0";"17";"0,76";"2097152";"71093";"3,39";"0";"3";"32";"0";"2"
"17.11.2015 02:50:00";"1";"0";"16";"0,72";"2097152";"52848";"2,52";"0";"3";"32";"0";"2"
"17.11.2015 02:55:00";"1";"0";"17";"0,79";"2097152";"63963";"3,05";"0";"3";"32";"0";"2"
"17.11.2015 03:00:00";"1";"0";"17";"0,78";"2097152";"65431";"3,12";"0";"3";"32";"0";"2"
"17.11.2015 03:05:00";"1";"0";"16";"0,72";"2097152";"61237";"2,92";"0";"3";"32";"0";"2"
"17.11.2015 03:10:00";"1";"0";"16";"0,76";"2097152";"52848";"2,52";"0";"3";"32";"0";"2"
"17.11.2015 03:15:00";"1";"0";"16";"0,75";"2097152";"75288";"3,59";"0";"3";"32";"0";"2"
"17.11.2015 03:20:00";"1";"0";"15";"0,7";"2097152";"63963";"3,05";"0";"3";"32";"0";"2"
"17.11.2015 03:25:00";"1";"0";"20";"0,91";"2097152";"58511";"2,79";"0";"17";"32";"0";"2"
"17.11.2015 03:30:00";"1";"0";"16";"0,75";"2097152";"80740";"3,85";"0";"3";"32";"0";"2"
"17.11.2015 03:35:00";"1";"0";"15";"0,71";"2097152";"75288";"3,59";"0";"3";"32";"0";"2"
"17.11.2015 03:40:00";"1";"0";"17";"0,76";"2097152";"62705";"2,99";"0";"3";"32";"0";"2"
"17.11.2015 03:45:00";"1";"0";"17";"0,78";"2097152";"47186";"2,25";"0";"3";"32";"0";"2"
"17.11.2015 03:50:00";"1";"0";"15";"0,7";"2097152";"48654";"2,32";"0";"3";"32";"0";"2"
"17.11.2015 03:55:00";"1";"0";"17";"0,77";"2097152";"40265";"1,92";"0";"3";"32";"0";"2"
"17.11.2015 04:00:00";"1";"0";"16";"0,75";"2097152";"65431";"3,12";"0";"3";"32";"0";"2"
"17.11.2015 04:05:00";"1";"0";"16";"0,72";"2097152";"100454";"4,79";"0";"3";"32";"0";"2"
"17.11.2015 04:10:00";"1";"0";"17";"0,76";"2097152";"90597";"4,32";"0";"3";"32";"0";"2"
"17.11.2015 04:15:00";"1";"0";"17";"0,77";"2097152";"86403";"4,12";"0";"3";"32";"0";"2"
"17.11.2015 04:20:00";"1";"0";"16";"0,74";"2097152";"83676";"3,99";"0";"3";"32";"0";"2"
"17.11.2015 04:25:00";"1";"0";"17";"0,79";"2097152";"78014";"3,72";"0";"4";"32";"0";"2"
"17.11.2015 04:30:00";"1";"0";"17";"0,76";"2097152";"76546";"3,65";"0";"3";"32";"0";"2"
"17.11.2015 04:35:00";"1";"0";"15";"0,71";"2097152";"113036";"5,39";"0";"3";"32";"0";"2"
"17.11.2015 04:40:00";"1";"0";"17";"0,77";"2097152";"79482";"3,79";"0";"3";"32";"0";"2"
"17.11.2015 04:45:00";"1";"0";"16";"0,76";"2097152";"90597";"4,32";"0";"3";"32";"0";"2"
"17.11.2015 04:50:00";"1";"0";"15";"0,7";"2097152";"75288";"3,59";"0";"3";"32";"0";"2"
"17.11.2015 04:55:00";"1";"0";"17";"0,76";"2097152";"87871";"4,19";"0";"3";"32";"0";"2"
"17.11.2015 05:00:00";"1";"0";"16";"0,75";"2097152";"76546";"3,65";"0";"3";"32";"0";"2"
"17.11.2015 05:05:00";"1";"0";"15";"0,71";"2097152";"68157";"3,25";"0";"3";"32";"0";"2"
"17.11.2015 05:10:00";"1";"0";"17";"0,76";"2097152";"63963";"3,05";"0";"3";"32";"0";"2"
"17.11.2015 05:15:00";"1";"0";"17";"0,77";"2097152";"75288";"3,59";"0";"3";"32";"0";"2"
"17.11.2015 05:20:00";"1";"0";"15";"0,7";"2097152";"98986";"4,72";"0";"3";"32";"0";"2"
"17.11.2015 05:25:00";"1";"0";"17";"0,77";"2097152";"96259";"4,59";"0";"3";"32";"0";"2"
"17.11.2015 05:30:00";"1";"0";"16";"0,75";"2097152";"80740";"3,85";"0";"3";"32";"0";"2"
"17.11.2015 05:35:00";"1";"0";"15";"0,7";"2097152";"66899";"3,19";"0";"3";"32";"0";"2"
"17.11.2015 05:40:00";"1";"0";"17";"0,77";"2097152";"101712";"4,85";"0";"3";"32";"0";"2"
"17.11.2015 05:45:00";"1";"0";"17";"0,78";"2097152";"78014";"3,72";"0";"3";"32";"0";"2"
"17.11.2015 05:50:00";"1";"0";"15";"0,7";"2097152";"75288";"3,59";"0";"3";"32";"0";"2"
"17.11.2015 05:55:00";"1";"0";"17";"0,78";"2097152";"63963";"3,05";"0";"3";"32";"0";"2"
"17.11.2015 06:00:00";"1";"0";"17";"0,77";"2097152";"73820";"3,52";"0";"3";"32";"0";"2"
"17.11.2015 06:05:00";"1";"0";"16";"0,73";"2097152";"78014";"3,72";"0";"3";"32";"0";"2"
"17.11.2015 06:10:00";"1";"0";"17";"0,77";"2097152";"72352";"3,45";"0";"3";"32";"0";"2"
"17.11.2015 06:15:00";"1";"0";"17";"0,76";"2097152";"90597";"4,32";"0";"3";"32";"0";"2"
"17.11.2015 06:20:00";"1";"0";"15";"0,7";"2097152";"90597";"4,32";"0";"3";"32";"0";"2"
"17.11.2015 06:25:00";"1";"0";"17";"0,76";"2097152";"118489";"5,65";"0";"3";"32";"0";"2"
"17.11.2015 06:30:00";"1";"0";"16";"0,75";"2097152";"76546";"3,65";"0";"3";"32";"0";"2"
"17.11.2015 06:35:00";"1";"0";"16";"0,71";"2097152";"82208";"3,92";"0";"3";"32";"0";"2"
"17.11.2015 06:40:00";"1";"0";"17";"0,77";"2097152";"84935";"4,05";"0";"3";"32";"0";"2"
"17.11.2015 06:45:00";"1";"0";"17";"0,77";"2097152";"82208";"3,92";"0";"3";"32";"0";"2"
"17.11.2015 06:50:00";"1";"0";"15";"0,71";"2097152";"66899";"3,19";"0";"3";"32";"0";"2"
"17.11.2015 06:55:00";"1";"0";"17";"0,77";"2097152";"100454";"4,79";"0";"3";"32";"0";"2"
"17.11.2015 07:00:00";"1";"0";"16";"0,75";"2097152";"83676";"3,99";"0";"3";"32";"0";"2"
"17.11.2015 07:05:00";"1";"0";"16";"0,73";"2097152";"68157";"3,25";"0";"3";"32";"0";"2"
"17.11.2015 07:10:00";"1";"0";"17";"0,77";"2097152";"75288";"3,59";"0";"3";"32";"0";"2"
"17.11.2015 07:15:00";"1";"0";"16";"0,75";"2097152";"87871";"4,19";"0";"3";"32";"0";"2"
"17.11.2015 07:20:00";"1";"0";"15";"0,7";"2097152";"58511";"2,79";"0";"3";"32";"0";"2"
"17.11.2015 07:25:00";"1";"0";"17";"0,77";"2097152";"55575";"2,65";"0";"3";"32";"0";"2"
"17.11.2015 07:30:00";"1";"0";"17";"0,77";"2097152";"66899";"3,19";"0";"3";"32";"0";"2"
"17.11.2015 07:35:00";"1";"0";"16";"0,73";"2097152";"41733";"1,99";"0";"3";"32";"0";"2"
"17.11.2015 07:40:00";"1";"0";"17";"0,78";"2097152";"62705";"2,99";"0";"3";"32";"0";"2"
"17.11.2015 07:45:00";"1";"0";"17";"0,77";"2097152";"44460";"2,12";"0";"3";"32";"0";"2"
"17.11.2015 07:50:00";"1";"0";"15";"0,71";"2097152";"58511";"2,79";"0";"3";"32";"0";"2"
"17.11.2015 07:55:00";"1";"0";"17";"0,76";"2097152";"65431";"3,12";"0";"4";"32";"0";"2"
"17.11.2015 08:00:00";"1";"0";"17";"0,75";"2097152";"80740";"3,85";"0";"3";"32";"0";"2"
"17.11.2015 08:05:00";"1";"0";"16";"0,72";"2097152";"50122";"2,39";"0";"4";"32";"0";"2"
"17.11.2015 08:10:00";"1";"0";"17";"0,76";"2097152";"73820";"3,52";"0";"3";"32";"0";"2"
"17.11.2015 08:15:00";"1";"0";"17";"0,79";"2097152";"104648";"4,99";"0";"3";"32";"0";"2"
"17.11.2015 08:20:00";"1";"0";"15";"0,71";"2097152";"68157";"3,25";"0";"3";"32";"0";"2"
"17.11.2015 08:25:00";"1";"0";"17";"0,77";"2097152";"69625";"3,32";"0";"3";"32";"0";"3"
"17.11.2015 08:30:00";"1";"0";"17";"0,76";"2097152";"68157";"3,25";"0";"3";"32";"0";"2"
"17.11.2015 08:35:00";"1";"0";"17";"0,78";"2097152";"164626";"7,85";"0";"4";"32";"0";"2"
"17.11.2015 08:40:00";"1";"0";"17";"0,77";"2097152";"161900";"7,72";"0";"3";"32";"0";"2"
"17.11.2015 08:45:00";"1";"0";"17";"0,78";"2097152";"86403";"4,12";"0";"3";"32";"0";"2"
"17.11.2015 08:50:00";"1";"0";"16";"0,71";"2097152";"48654";"2,32";"0";"3";"32";"0";"2"
"17.11.2015 08:55:00";"1";"0";"17";"0,77";"2097152";"82208";"3,92";"0";"3";"32";"0";"2"
"17.11.2015 09:00:00";"1";"0";"17";"0,78";"2097152";"92065";"4,39";"0";"3";"32";"0";"4"
"17.11.2015 09:05:00";"1";"0";"16";"0,72";"2097152";"61237";"2,92";"0";"3";"32";"0";"2"
"17.11.2015 09:10:00";"1";"0";"17";"0,76";"2097152";"55575";"2,65";"0";"3";"32";"0";"2"
"17.11.2015 09:15:00";"1";"0";"17";"0,76";"2097152";"82208";"3,92";"0";"3";"32";"0";"2"
"17.11.2015 09:20:00";"1";"0";"15";"0,71";"2097152";"89129";"4,25";"0";"3";"32";"0";"2"
"17.11.2015 09:25:00";"1";"0";"17";"0,76";"2097152";"89129";"4,25";"0";"4";"32";"0";"2"
"17.11.2015 09:30:00";"1";"0";"17";"0,76";"2097152";"54316";"2,59";"0";"3";"32";"0";"2"
"17.11.2015 09:35:00";"1";"0";"15";"0,71";"2097152";"61237";"2,92";"0";"3";"32";"0";"2"
"17.11.2015 09:40:00";"1";"0";"17";"0,77";"2097152";"80740";"3,85";"0";"3";"32";"0";"2"
"17.11.2015 09:45:00";"1";"0";"17";"0,77";"2097152";"58511";"2,79";"0";"3";"32";"0";"2"
"17.11.2015 09:50:00";"1";"0";"15";"0,69";"2097152";"55575";"2,65";"0";"3";"32";"0";"2"
"17.11.2015 09:55:00";"1";"0";"17";"0,78";"2097152";"111568";"5,32";"0";"3";"32";"0";"2"
"17.11.2015 10:00:00";"1";"0";"17";"0,78";"2097152";"113036";"5,39";"0";"3";"32";"0";"2"
"17.11.2015 10:05:00";"1";"0";"15";"0,71";"2097152";"72352";"3,45";"0";"3";"32";"0";"2"
"17.11.2015 10:10:00";"1";"0";"17";"0,77";"2097152";"69625";"3,32";"0";"3";"32";"0";"2"
"17.11.2015 10:15:00";"1";"0";"17";"0,76";"2097152";"72352";"3,45";"0";"3";"32";"0";"2"
"17.11.2015 10:20:00";"1";"0";"15";"0,7";"2097152";"100454";"4,79";"0";"3";"32";"0";"2"
"17.11.2015 10:25:00";"1";"0";"18";"0,81";"2097152";"83676";"3,99";"0";"3";"32";"0";"2"
"17.11.2015 10:30:00";"1";"0";"17";"0,78";"2097152";"79482";"3,79";"0";"3";"32";"0";"2"
"17.11.2015 10:35:00";"1";"0";"15";"0,71";"2097152";"90597";"4,32";"0";"3";"32";"0";"2"
"17.11.2015 10:40:00";"1";"0";"17";"0,77";"2097152";"87871";"4,19";"0";"3";"32";"0";"2"
"17.11.2015 10:45:00";"1";"0";"17";"0,76";"2097152";"71093";"3,39";"0";"3";"32";"0";"2"
"17.11.2015 10:50:00";"1";"0";"15";"0,71";"2097152";"41733";"1,99";"0";"3";"32";"0";"2"
"17.11.2015 10:55:00";"1";"0";"17";"0,77";"2097152";"66899";"3,19";"0";"3";"32";"0";"2"
"17.11.2015 11:00:00";"1";"0";"16";"0,75";"2097152";"73820";"3,52";"0";"3";"32";"0";"2"
"17.11.2015 11:05:00";"1";"0";"15";"0,71";"2097152";"79482";"3,79";"0";"3";"32";"0";"2"
"17.11.2015 11:10:00";"1";"0";"17";"0,78";"2097152";"83676";"3,99";"0";"3";"32";"0";"2"
"17.11.2015 11:15:00";"1";"0";"17";"0,77";"2097152";"80740";"3,85";"0";"3";"32";"0";"2"
"17.11.2015 11:20:00";"1";"0";"15";"0,71";"2097152";"87871";"4,19";"0";"3";"32";"0";"2"
"17.11.2015 11:25:00";"1";"0";"18";"0,81";"2097152";"103180";"4,92";"0";"3";"32";"0";"2"
"17.11.2015 11:30:00";"1";"0";"17";"0,78";"2097152";"58511";"2,79";"0";"3";"32";"0";"2"
"17.11.2015 11:35:00";"1";"0";"16";"0,74";"2097152";"66899";"3,19";"0";"3";"32";"0";"2"
"17.11.2015 11:40:00";"1";"0";"17";"0,77";"2097152";"69625";"3,32";"0";"3";"32";"0";"2"
"17.11.2015 11:45:00";"1";"0";"17";"0,76";"2097152";"83676";"3,99";"0";"3";"32";"0";"2"
"17.11.2015 11:50:00";"1";"0";"16";"0,73";"2097152";"79482";"3,79";"0";"3";"32";"0";"2"
"17.11.2015 11:55:00";"1";"0";"17";"0,77";"2097152";"61237";"2,92";"0";"3";"32";"0";"2"
"17.11.2015 12:00:00";"1";"0";"17";"0,79";"2097152";"73820";"3,52";"0";"3";"32";"0";"2"
"17.11.2015 12:05:00";"1";"0";"16";"0,74";"2097152";"92065";"4,39";"0";"3";"32";"0";"2"
"17.11.2015 12:10:00";"1";"0";"17";"0,78";"2097152";"87871";"4,19";"0";"3";"32";"0";"3"
"17.11.2015 12:15:00";"1";"0";"17";"0,79";"2097152";"104648";"4,99";"0";"3";"32";"0";"2"
"17.11.2015 12:20:00";"1";"0";"15";"0,7";"2097152";"45928";"2,19";"0";"3";"32";"0";"2"
"17.11.2015 12:25:00";"1";"0";"17";"0,76";"2097152";"50122";"2,39";"0";"3";"32";"0";"2"
"17.11.2015 12:30:00";"1";"0";"16";"0,75";"2097152";"57043";"2,72";"0";"3";"32";"0";"2"
"17.11.2015 12:35:00";"1";"0";"16";"0,73";"2097152";"58511";"2,79";"0";"3";"32";"0";"2"
"17.11.2015 12:40:00";"1";"0";"17";"0,78";"2097152";"41733";"1,99";"0";"3";"32";"0";"2"
"17.11.2015 12:45:00";"1";"0";"16";"0,75";"2097152";"68157";"3,25";"0";"3";"32";"0";"2"
"17.11.2015 12:50:00";"1";"0";"15";"0,71";"2097152";"87871";"4,19";"0";"3";"32";"0";"2"
"17.11.2015 12:55:00";"1";"0";"17";"0,79";"2097152";"92065";"4,39";"0";"3";"32";"0";"2"
"17.11.2015 13:00:00";"1";"0";"17";"0,76";"2097152";"79482";"3,79";"0";"3";"32";"0";"2"
"17.11.2015 13:05:00";"1";"0";"16";"0,72";"2097152";"75288";"3,59";"0";"4";"32";"0";"2"
"17.11.2015 13:10:00";"1";"0";"17";"0,79";"2097152";"69625";"3,32";"0";"3";"32";"0";"2"
"17.11.2015 13:15:00";"1";"0";"17";"0,76";"2097152";"68157";"3,25";"0";"3";"32";"0";"2"
"17.11.2015 13:20:00";"1";"0";"16";"0,72";"2097152";"57043";"2,72";"0";"3";"32";"0";"2"
"17.11.2015 13:25:00";"1";"0";"17";"0,78";"2097152";"58511";"2,79";"0";"3";"32";"0";"2"
"17.11.2015 13:30:00";"1";"0";"17";"0,78";"2097152";"69625";"3,32";"0";"3";"32";"0";"2"
"17.11.2015 13:35:00";"1";"0";"16";"0,75";"2097152";"90597";"4,32";"0";"3";"32";"0";"2"
"17.11.2015 13:40:00";"1";"0";"17";"0,77";"2097152";"115763";"5,52";"0";"3";"32";"0";"2"
"17.11.2015 13:45:00";"1";"0";"17";"0,76";"2097152";"83676";"3,99";"0";"3";"32";"0";"2"
"17.11.2015 13:50:00";"1";"0";"16";"0,71";"2097152";"86403";"4,12";"0";"3";"32";"0";"2"
"17.11.2015 13:55:00";"1";"0";"17";"0,8";"2097152";"90597";"4,32";"0";"3";"32";"0";"2"
"17.11.2015 14:00:00";"1";"0";"17";"0,76";"2097152";"113036";"5,39";"0";"3";"32";"0";"2"
"17.11.2015 14:05:00";"1";"0";"16";"0,73";"2097152";"66899";"3,19";"0";"3";"32";"0";"2"
"17.11.2015 14:10:00";"1";"0";"17";"0,79";"2097152";"79482";"3,79";"0";"3";"32";"0";"2"
"17.11.2015 14:15:00";"1";"0";"17";"0,78";"2097152";"62705";"2,99";"0";"3";"32";"0";"2"
"17.11.2015 14:20:00";"1";"0";"15";"0,71";"2097152";"71093";"3,39";"0";"3";"32";"0";"2"
"17.11.2015 14:25:00";"1";"0";"17";"0,78";"2097152";"114295";"5,45";"0";"3";"32";"0";"2"
"17.11.2015 14:30:00";"1";"0";"17";"0,76";"2097152";"87871";"4,19";"0";"3";"32";"0";"2"
"17.11.2015 14:35:00";"1";"0";"16";"0,71";"2097152";"58511";"2,79";"0";"3";"32";"0";"2"
"17.11.2015 14:40:00";"1";"0";"16";"0,75";"2097152";"68157";"3,25";"0";"3";"32";"0";"2"
"17.11.2015 14:45:00";"1";"0";"17";"0,78";"2097152";"83676";"3,99";"0";"3";"32";"0";"2"
"17.11.2015 14:50:00";"1";"0";"15";"0,7";"2097152";"92065";"4,39";"0";"3";"32";"0";"2"
"17.11.2015 14:55:00";"1";"0";"17";"0,77";"2097152";"100454";"4,79";"0";"3";"32";"0";"2"
"17.11.2015 15:00:00";"1";"0";"16";"0,75";"2097152";"79482";"3,79";"0";"3";"32";"0";"2"
"17.11.2015 15:05:00";"1";"0";"16";"0,72";"2097152";"87871";"4,19";"0";"3";"32";"0";"2"
"17.11.2015 15:10:00";"1";"0";"17";"0,77";"2097152";"54316";"2,59";"0";"3";"32";"0";"2"
"17.11.2015 15:15:00";"1";"0";"16";"0,75";"2097152";"63963";"3,05";"0";"3";"32";"0";"2"
"17.11.2015 15:20:00";"1";"0";"16";"0,72";"2097152";"83676";"3,99";"0";"3";"32";"0";"2"
"17.11.2015 15:25:00";"1";"0";"17";"0,79";"2097152";"66899";"3,19";"0";"3";"32";"0";"2"
"17.11.2015 15:30:00";"1";"0";"16";"0,75";"2097152";"62705";"2,99";"0";"3";"32";"0";"2"
"17.11.2015 15:35:00";"1";"0";"16";"0,71";"2097152";"75288";"3,59";"0";"3";"32";"0";"2"
"17.11.2015 15:40:00";"1";"0";"17";"0,77";"2097152";"72352";"3,45";"0";"3";"32";"0";"2"
"17.11.2015 15:45:00";"1";"0";"16";"0,76";"2097152";"62705";"2,99";"0";"3";"32";"0";"2"
"17.11.2015 15:50:00";"1";"0";"15";"0,7";"2097152";"44460";"2,12";"0";"3";"32";"0";"2"
"17.11.2015 15:55:00";"1";"0";"17";"0,78";"2097152";"129814";"6,19";"0";"3";"32";"0";"2"
"17.11.2015 16:00:00";"1";"0";"16";"0,76";"2097152";"66899";"3,19";"0";"3";"32";"0";"2"
"17.11.2015 16:05:00";"1";"0";"11";"0,49";"2097152";"52848";"2,52";"0";"2";"32";"0";"1"
"17.11.2015 16:10:00";"1";"0";"21";"0,95";"2097152";"66899";"3,19";"0";"3";"32";"1";"2"
"17.11.2015 16:15:00";"1";"0";"17";"0,76";"2097152";"65431";"3,12";"0";"3";"32";"0";"2"
"17.11.2015 16:20:00";"1";"0";"14";"0,67";"2097152";"71093";"3,39";"0";"3";"32";"0";"2"
"17.11.2015 16:25:00";"1";"0";"18";"0,8";"2097152";"52848";"2,52";"0";"3";"32";"0";"2"
"17.11.2015 16:30:00";"1";"0";"17";"0,76";"2097152";"66899";"3,19";"0";"3";"32";"0";"2"
"17.11.2015 16:35:00";"1";"0";"15";"0,67";"2097152";"66899";"3,19";"0";"3";"32";"0";"2"
"17.11.2015 16:40:00";"1";"0";"18";"0,8";"2097152";"63963";"3,05";"0";"3";"32";"0";"2"
"17.11.2015 16:45:00";"1";"0";"17";"0,76";"2097152";"75288";"3,59";"0";"3";"32";"0";"2"
"17.11.2015 16:50:00";"1";"0";"14";"0,67";"2097152";"76546";"3,65";"0";"3";"32";"0";"2"
"17.11.2015 16:55:00";"1";"0";"18";"0,81";"2097152";"90597";"4,32";"0";"3";"32";"0";"2"
"17.11.2015 17:00:00";"1";"0";"16";"0,76";"2097152";"75288";"3,59";"0";"3";"32";"0";"2"
"17.11.2015 17:05:00";"1";"0";"15";"0,68";"2097152";"75288";"3,59";"0";"3";"32";"0";"2"
"17.11.2015 17:10:00";"1";"0";"18";"0,81";"2097152";"75288";"3,59";"0";"3";"32";"0";"2"
"17.11.2015 17:15:00";"1";"0";"17";"0,76";"2097152";"84935";"4,05";"0";"3";"32";"0";"2"
"17.11.2015 17:20:00";"1";"0";"15";"0,67";"2097152";"79482";"3,79";"0";"3";"32";"0";"2"
"17.11.2015 17:25:00";"1";"0";"17";"0,8";"2097152";"87871";"4,19";"0";"3";"32";"0";"2"
"17.11.2015 17:30:00";"1";"0";"16";"0,76";"2097152";"114295";"5,45";"0";"3";"32";"0";"2"
"17.11.2015 17:35:00";"1";"0";"15";"0,69";"2097152";"71093";"3,39";"0";"3";"32";"0";"2"
"17.11.2015 17:40:00";"1";"0";"18";"0,8";"2097152";"83676";"3,99";"0";"3";"32";"0";"2"
"17.11.2015 17:45:00";"1";"0";"17";"0,76";"2097152";"61237";"2,92";"0";"3";"32";"0";"2"
"17.11.2015 17:50:00";"1";"0";"14";"0,66";"2097152";"66899";"3,19";"0";"3";"32";"0";"2"
"17.11.2015 17:55:00";"1";"0";"18";"0,82";"2097152";"80740";"3,85";"0";"3";"32";"0";"2"
"17.11.2015 18:00:00";"1";"0";"17";"0,78";"2097152";"84935";"4,05";"0";"3";"32";"0";"2"
"17.11.2015 18:05:00";"1";"0";"15";"0,69";"2097152";"96259";"4,59";"0";"4";"32";"0";"2"
"17.11.2015 18:10:00";"1";"0";"18";"0,82";"2097152";"73820";"3,52";"0";"3";"32";"0";"2"
"17.11.2015 18:15:00";"1";"0";"17";"0,76";"2097152";"83676";"3,99";"0";"3";"32";"0";"2"
"17.11.2015 18:20:00";"1";"0";"14";"0,67";"2097152";"80740";"3,85";"0";"3";"32";"0";"2"
"17.11.2015 18:25:00";"1";"0";"18";"0,82";"2097152";"78014";"3,72";"0";"3";"32";"0";"2"
"17.11.2015 18:30:00";"1";"0";"17";"0,77";"2097152";"94791";"4,52";"0";"3";"32";"0";"2"
"17.11.2015 18:35:00";"1";"0";"14";"0,66";"2097152";"75288";"3,59";"0";"3";"32";"0";"2"
"17.11.2015 18:40:00";"1";"0";"18";"0,83";"2097152";"76546";"3,65";"0";"3";"32";"0";"2"
"17.11.2015 18:45:00";"1";"0";"17";"0,77";"2097152";"94791";"4,52";"0";"3";"32";"0";"3"
"17.11.2015 18:50:00";"1";"0";"14";"0,67";"2097152";"90597";"4,32";"0";"3";"32";"0";"2"
"17.11.2015 18:55:00";"1";"0";"18";"0,81";"2097152";"89129";"4,25";"0";"3";"32";"0";"2"
"17.11.2015 19:00:00";"1";"0";"17";"0,76";"2097152";"65431";"3,12";"0";"3";"32";"0";"2"
"17.11.2015 19:05:00";"1";"0";"15";"0,7";"2097152";"62705";"2,99";"0";"3";"32";"0";"2"
"17.11.2015 19:10:00";"1";"0";"17";"0,8";"2097152";"89129";"4,25";"0";"3";"32";"0";"2"
"17.11.2015 19:15:00";"1";"0";"17";"0,76";"2097152";"111568";"5,32";"0";"3";"32";"0";"2"
"17.11.2015 19:20:00";"1";"0";"15";"0,68";"2097152";"114295";"5,45";"0";"3";"32";"0";"2"
"17.11.2015 19:25:00";"1";"0";"18";"0,81";"2097152";"104648";"4,99";"0";"3";"32";"0";"2"
"17.11.2015 19:30:00";"1";"0";"16";"0,75";"2097152";"86403";"4,12";"0";"3";"32";"0";"2"
"17.11.2015 19:35:00";"1";"0";"15";"0,68";"2097152";"75288";"3,59";"0";"3";"32";"0";"2"
"17.11.2015 19:40:00";"1";"0";"18";"0,81";"2097152";"94791";"4,52";"0";"3";"32";"0";"2"
"17.11.2015 19:45:00";"1";"0";"17";"0,78";"2097152";"79482";"3,79";"0";"3";"32";"0";"3"
"17.11.2015 19:50:00";"1";"0";"15";"0,7";"2097152";"75288";"3,59";"0";"3";"32";"0";"2"
"17.11.2015 19:55:00";"1";"0";"18";"0,83";"2097152";"94791";"4,52";"0";"3";"32";"0";"2"
"17.11.2015 20:00:00";"1";"0";"17";"0,78";"2097152";"86403";"4,12";"0";"3";"32";"0";"2"
"17.11.2015 20:05:00";"1";"0";"15";"0,71";"2097152";"63963";"3,05";"0";"3";"32";"0";"2"
"17.11.2015 20:10:00";"1";"0";"17";"0,8";"2097152";"52848";"2,52";"0";"3";"32";"0";"2"
"17.11.2015 20:15:00";"1";"0";"17";"0,78";"2097152";"40265";"1,92";"0";"4";"32";"0";"2"
"17.11.2015 20:20:00";"1";"0";"15";"0,69";"2097152";"48654";"2,32";"0";"3";"32";"0";"2"
"17.11.2015 20:25:00";"1";"0";"18";"0,84";"2097152";"184340";"8,79";"0";"3";"32";"0";"2"
"17.11.2015 20:30:00";"1";"0";"17";"0,76";"2097152";"126878";"6,05";"0";"3";"32";"0";"2"
"17.11.2015 20:35:00";"1";"0";"15";"0,68";"2097152";"87871";"4,19";"0";"3";"32";"0";"2"
"17.11.2015 20:40:00";"1";"0";"18";"0,8";"2097152";"114295";"5,45";"0";"3";"32";"0";"2"
"17.11.2015 20:45:00";"1";"0";"17";"0,77";"2097152";"98986";"4,72";"0";"3";"32";"0";"2"
"17.11.2015 20:50:00";"1";"0";"15";"0,69";"2097152";"83676";"3,99";"0";"3";"32";"0";"2"
"17.11.2015 20:55:00";"1";"0";"17";"0,8";"2097152";"78014";"3,72";"0";"3";"32";"0";"2"
"17.11.2015 21:00:00";"1";"0";"17";"0,79";"2097152";"66899";"3,19";"0";"3";"32";"0";"2"
"17.11.2015 21:05:00";"1";"0";"15";"0,69";"2097152";"76546";"3,65";"0";"3";"32";"0";"2"
"17.11.2015 21:10:00";"1";"0";"18";"0,83";"2097152";"47186";"2,25";"0";"3";"32";"0";"2"
"17.11.2015 21:15:00";"1";"0";"17";"0,76";"2097152";"61237";"2,92";"0";"3";"32";"0";"2"
"17.11.2015 21:20:00";"1";"0";"15";"0,69";"2097152";"58511";"2,79";"0";"3";"32";"0";"2"
"17.11.2015 21:25:00";"1";"0";"17";"0,79";"2097152";"89129";"4,25";"0";"3";"32";"0";"2"
"17.11.2015 21:30:00";"1";"0";"17";"0,76";"2097152";"76546";"3,65";"0";"3";"32";"0";"2"
"17.11.2015 21:35:00";"1";"0";"14";"0,67";"2097152";"62705";"2,99";"0";"3";"32";"0";"2"
"17.11.2015 21:40:00";"1";"0";"17";"0,8";"2097152";"55575";"2,65";"0";"3";"32";"0";"2"
"17.11.2015 21:45:00";"1";"0";"17";"0,78";"2097152";"82208";"3,92";"0";"3";"32";"0";"2"
"17.11.2015 21:50:00";"1";"0";"14";"0,67";"2097152";"78014";"3,72";"0";"3";"32";"0";"2"
"17.11.2015 21:55:00";"1";"0";"17";"0,8";"2097152";"75288";"3,59";"0";"3";"32";"0";"2"
"17.11.2015 22:00:00";"1";"0";"17";"0,77";"2097152";"75288";"3,59";"0";"3";"32";"0";"2"
"17.11.2015 22:05:00";"1";"0";"15";"0,69";"2097152";"78014";"3,72";"0";"4";"32";"0";"2"
"17.11.2015 22:10:00";"1";"0";"18";"0,82";"2097152";"103180";"4,92";"0";"3";"32";"0";"2"
"17.11.2015 22:15:00";"1";"0";"17";"0,78";"2097152";"75288";"3,59";"0";"3";"32";"0";"2"
"17.11.2015 22:20:00";"1";"0";"15";"0,71";"2097152";"104648";"4,99";"0";"3";"32";"0";"2"
"17.11.2015 22:25:00";"1";"0";"18";"0,84";"2097152";"103180";"4,92";"0";"3";"32";"0";"2"
"17.11.2015 22:30:00";"1";"0";"17";"0,8";"2097152";"68157";"3,25";"0";"3";"32";"0";"2"
"17.11.2015 22:35:00";"1";"0";"15";"0,71";"2097152";"66899";"3,19";"0";"3";"32";"0";"2"
"17.11.2015 22:40:00";"1";"0";"18";"0,82";"2097152";"58511";"2,79";"0";"3";"32";"0";"2"
"17.11.2015 22:45:00";"1";"0";"17";"0,76";"2097152";"84935";"4,05";"0";"3";"32";"0";"2"
"17.11.2015 22:50:00";"1";"0";"15";"0,67";"2097152";"66899";"3,19";"0";"3";"32";"0";"2"
"17.11.2015 22:55:00";"1";"0";"18";"0,82";"2097152";"66899";"3,19";"0";"3";"32";"0";"2"
"17.11.2015 23:00:00";"1";"0";"16";"0,75";"2097152";"68157";"3,25";"0";"3";"32";"0";"2"
"17.11.2015 23:05:00";"1";"0";"15";"0,68";"2097152";"69625";"3,32";"0";"4";"32";"0";"2"
"17.11.2015 23:10:00";"1";"0";"17";"0,8";"2097152";"62705";"2,99";"0";"3";"32";"0";"2"
"17.11.2015 23:15:00";"1";"0";"17";"0,76";"2097152";"66899";"3,19";"0";"3";"32";"0";"2"
"17.11.2015 23:20:00";"1";"0";"14";"0,67";"2097152";"76546";"3,65";"0";"3";"32";"0";"2"
"17.11.2015 23:25:00";"1";"0";"18";"0,8";"2097152";"75288";"3,59";"0";"4";"32";"0";"2"
"17.11.2015 23:30:00";"1";"0";"16";"0,75";"2097152";"83676";"3,99";"0";"3";"32";"0";"2"
"17.11.2015 23:35:00";"1";"0";"14";"0,67";"2097152";"66899";"3,19";"0";"3";"32";"0";"2"
"17.11.2015 23:40:00";"1";"0";"17";"0,8";"2097152";"51380";"2,45";"0";"3";"32";"0";"2"
"17.11.2015 23:45:00";"1";"0";"16";"0,75";"2097152";"62705";"2,99";"0";"3";"32";"0";"2"
"17.11.2015 23:50:00";"1";"0";"15";"0,68";"2097152";"75288";"3,59";"0";"3";"32";"0";"2"
"17.11.2015 23:55:00";"1";"0";"18";"0,82";"2097152";"82208";"3,92";"0";"4";"32";"0";"2"
"18.11.2015 00:00:00";"1";"0";"16";"0,76";"2097152";"72352";"3,45";"0";"4";"32";"0";"2"
"18.11.2015 00:05:00";"1";"0";"15";"0,68";"2097152";"69625";"3,32";"0";"4";"32";"0";"2"
"18.11.2015 00:10:00";"1";"0";"18";"0,82";"2097152";"69625";"3,32";"0";"3";"32";"0";"2"
"18.11.2015 00:15:00";"1";"0";"17";"0,78";"2097152";"47186";"2,25";"0";"3";"32";"0";"2"
"18.11.2015 00:20:00";"1";"0";"15";"0,7";"2097152";"61237";"2,92";"0";"3";"32";"0";"2"
"18.11.2015 00:25:00";"1";"0";"18";"0,82";"2097152";"71093";"3,39";"0";"3";"32";"0";"2"
"18.11.2015 00:30:00";"1";"0";"17";"0,76";"2097152";"61237";"2,92";"0";"3";"32";"0";"2"
"18.11.2015 00:35:00";"1";"0";"15";"0,69";"2097152";"80740";"3,85";"0";"3";"32";"0";"2"
"18.11.2015 00:40:00";"1";"0";"18";"0,83";"2097152";"72352";"3,45";"0";"3";"32";"0";"2"
"18.11.2015 00:45:00";"1";"0";"18";"0,81";"2097152";"75288";"3,59";"0";"3";"32";"0";"2"
"18.11.2015 00:50:00";"1";"0";"15";"0,67";"2097152";"84935";"4,05";"0";"3";"32";"0";"2"
"18.11.2015 00:55:00";"1";"0";"18";"0,81";"2097152";"66899";"3,19";"0";"3";"32";"0";"2"
"18.11.2015 01:00:00";"1";"0";"17";"0,76";"2097152";"54316";"2,59";"0";"3";"32";"0";"2"
"18.11.2015 01:05:00";"1";"0";"15";"0,69";"2097152";"69625";"3,32";"0";"4";"32";"0";"2"
"18.11.2015 01:10:00";"1";"0";"18";"0,83";"2097152";"79482";"3,79";"0";"3";"32";"0";"2"
"18.11.2015 01:15:00";"1";"0";"17";"0,77";"2097152";"75288";"3,59";"0";"3";"32";"0";"2"
"18.11.2015 01:20:00";"1";"0";"15";"0,67";"2097152";"58511";"2,79";"0";"3";"32";"0";"2"
"18.11.2015 01:25:00";"1";"0";"18";"0,82";"2097152";"66899";"3,19";"0";"3";"32";"0";"2"
"18.11.2015 01:30:00";"1";"0";"17";"0,77";"2097152";"86403";"4,12";"0";"3";"32";"0";"2"
"18.11.2015 01:35:00";"1";"0";"15";"0,68";"2097152";"73820";"3,52";"0";"3";"32";"0";"2"
"18.11.2015 01:40:00";"1";"0";"18";"0,81";"2097152";"92065";"4,39";"0";"3";"32";"0";"2"
"18.11.2015 01:45:00";"1";"0";"17";"0,77";"2097152";"66899";"3,19";"0";"3";"32";"0";"2"
"18.11.2015 01:50:00";"1";"0";"15";"0,69";"2097152";"66899";"3,19";"0";"3";"32";"0";"2"
"18.11.2015 01:55:00";"1";"0";"18";"0,82";"2097152";"83676";"3,99";"0";"3";"32";"0";"2"
"18.11.2015 02:00:00";"1";"0";"17";"0,77";"2097152";"71093";"3,39";"0";"3";"32";"0";"2"
"18.11.2015 02:05:00";"1";"0";"15";"0,69";"2097152";"68157";"3,25";"0";"4";"32";"0";"2"
"18.11.2015 02:10:00";"1";"0";"18";"0,81";"2097152";"79482";"3,79";"0";"3";"32";"0";"2"
"18.11.2015 02:15:00";"1";"0";"17";"0,76";"2097152";"90597";"4,32";"0";"3";"32";"0";"2"
"18.11.2015 02:20:00";"1";"0";"15";"0,68";"2097152";"52848";"2,52";"0";"3";"32";"0";"2"
"18.11.2015 02:25:00";"1";"0";"18";"0,81";"2097152";"68157";"3,25";"0";"3";"32";"0";"2"
"18.11.2015 02:30:00";"1";"0";"17";"0,76";"2097152";"93323";"4,45";"0";"3";"32";"0";"2"
"18.11.2015 02:35:00";"1";"0";"15";"0,68";"2097152";"63963";"3,05";"0";"3";"32";"0";"2"
"18.11.2015 02:40:00";"1";"0";"18";"0,81";"2097152";"80740";"3,85";"0";"3";"32";"0";"2"
"18.11.2015 02:45:00";"1";"0";"17";"0,77";"2097152";"37539";"1,79";"0";"3";"32";"0";"2"
"18.11.2015 02:50:00";"1";"0";"15";"0,68";"2097152";"51380";"2,45";"0";"3";"32";"0";"2"
"18.11.2015 02:55:00";"1";"0";"18";"0,83";"2097152";"96259";"4,59";"0";"3";"32";"0";"2"
"18.11.2015 03:00:00";"1";"0";"17";"0,78";"2097152";"97518";"4,65";"0";"3";"32";"0";"2"
"18.11.2015 03:05:00";"1";"0";"15";"0,69";"2097152";"69625";"3,32";"0";"3";"32";"0";"2"
"18.11.2015 03:10:00";"1";"0";"18";"0,83";"2097152";"87871";"4,19";"0";"3";"32";"0";"2"
"18.11.2015 03:15:00";"1";"0";"17";"0,76";"2097152";"96259";"4,59";"0";"3";"32";"0";"2"
"18.11.2015 03:20:00";"1";"0";"15";"0,67";"2097152";"65431";"3,12";"0";"3";"32";"0";"2"
"18.11.2015 03:25:00";"1";"0";"18";"0,8";"2097152";"83676";"3,99";"0";"3";"32";"0";"2"
"18.11.2015 03:30:00";"1";"0";"17";"0,77";"2097152";"62705";"2,99";"0";"3";"32";"0";"2"
"18.11.2015 03:35:00";"1";"0";"15";"0,68";"2097152";"65431";"3,12";"0";"3";"32";"0";"2"
"18.11.2015 03:40:00";"1";"0";"21";"0,95";"2097152";"71093";"3,39";"0";"17";"32";"0";"2"
"18.11.2015 03:45:00";"1";"0";"18";"0,8";"2097152";"114295";"5,45";"0";"3";"32";"0";"2"
"18.11.2015 03:50:00";"1";"0";"15";"0,67";"2097152";"48654";"2,32";"0";"3";"32";"0";"2"
"18.11.2015 03:55:00";"1";"0";"18";"0,81";"2097152";"69625";"3,32";"0";"3";"32";"0";"2"
"18.11.2015 04:00:00";"1";"0";"17";"0,77";"2097152";"79482";"3,79";"0";"3";"32";"0";"2"
"18.11.2015 04:05:00";"1";"0";"15";"0,69";"2097152";"83676";"3,99";"0";"3";"32";"0";"2"
"18.11.2015 04:10:00";"1";"0";"18";"0,81";"2097152";"62705";"2,99";"0";"3";"32";"0";"2"
"18.11.2015 04:15:00";"1";"0";"17";"0,78";"2097152";"48654";"2,32";"0";"3";"32";"0";"2"
"18.11.2015 04:20:00";"1";"0";"15";"0,67";"2097152";"69625";"3,32";"0";"3";"32";"0";"2"
"18.11.2015 04:25:00";"1";"0";"18";"0,81";"2097152";"92065";"4,39";"0";"3";"32";"0";"2"
"18.11.2015 04:30:00";"1";"0";"17";"0,76";"2097152";"84935";"4,05";"0";"3";"32";"0";"2"
"18.11.2015 04:35:00";"1";"0";"15";"0,69";"2097152";"103180";"4,92";"0";"3";"32";"0";"2"
"18.11.2015 04:40:00";"1";"0";"18";"0,81";"2097152";"86403";"4,12";"0";"3";"32";"0";"2"
"18.11.2015 04:45:00";"1";"0";"17";"0,76";"2097152";"63963";"3,05";"0";"3";"32";"0";"2"
"18.11.2015 04:50:00";"1";"0";"15";"0,69";"2097152";"65431";"3,12";"0";"3";"32";"0";"2"
"18.11.2015 04:55:00";"1";"0";"18";"0,81";"2097152";"75288";"3,59";"0";"4";"32";"0";"2"
"18.11.2015 05:00:00";"1";"0";"17";"0,77";"2097152";"69625";"3,32";"0";"3";"32";"0";"2"
"18.11.2015 05:05:00";"1";"0";"15";"0,71";"2097152";"72352";"3,45";"0";"3";"32";"0";"2"
"18.11.2015 05:10:00";"1";"0";"18";"0,81";"2097152";"47186";"2,25";"0";"3";"32";"0";"2"
"18.11.2015 05:15:00";"1";"0";"17";"0,76";"2097152";"66899";"3,19";"0";"3";"32";"0";"3"
"18.11.2015 05:20:00";"1";"0";"15";"0,68";"2097152";"90597";"4,32";"0";"3";"32";"0";"2"
"18.11.2015 05:25:00";"1";"0";"18";"0,81";"2097152";"65431";"3,12";"0";"3";"32";"0";"2"
"18.11.2015 05:30:00";"1";"0";"17";"0,77";"2097152";"78014";"3,72";"0";"3";"32";"0";"2"
"18.11.2015 05:35:00";"1";"0";"15";"0,69";"2097152";"66899";"3,19";"0";"3";"32";"0";"2"
"18.11.2015 05:40:00";"1";"0";"18";"0,84";"2097152";"84935";"4,05";"0";"3";"32";"0";"2"
"18.11.2015 05:45:00";"1";"0";"17";"0,77";"2097152";"96259";"4,59";"0";"3";"32";"0";"2"
"18.11.2015 05:50:00";"1";"0";"15";"0,68";"2097152";"101712";"4,85";"0";"3";"32";"0";"2"
"18.11.2015 05:55:00";"1";"0";"18";"0,82";"2097152";"58511";"2,79";"0";"3";"32";"0";"2"
"18.11.2015 06:00:00";"1";"0";"17";"0,76";"2097152";"52848";"2,52";"0";"3";"32";"0";"2"
"18.11.2015 06:05:00";"1";"0";"15";"0,69";"2097152";"72352";"3,45";"0";"4";"32";"0";"2"
"18.11.2015 06:10:00";"1";"0";"18";"0,81";"2097152";"59769";"2,85";"0";"3";"32";"0";"2"
"18.11.2015 06:15:00";"1";"0";"17";"0,76";"2097152";"62705";"2,99";"0";"3";"32";"0";"2"
"18.11.2015 06:20:00";"1";"0";"15";"0,69";"2097152";"80740";"3,85";"0";"3";"32";"0";"2"
"18.11.2015 06:25:00";"1";"0";"18";"0,82";"2097152";"63963";"3,05";"0";"3";"32";"0";"2"
"18.11.2015 06:30:00";"1";"0";"17";"0,78";"2097152";"93323";"4,45";"0";"3";"32";"0";"3"
"18.11.2015 06:35:00";"1";"0";"15";"0,69";"2097152";"72352";"3,45";"0";"3";"32";"0";"2"
"18.11.2015 06:40:00";"1";"0";"18";"0,82";"2097152";"96259";"4,59";"0";"3";"32";"0";"2"
"18.11.2015 06:45:00";"1";"0";"17";"0,76";"2097152";"82208";"3,92";"0";"3";"32";"0";"2"
"18.11.2015 06:50:00";"1";"0";"15";"0,68";"2097152";"79482";"3,79";"0";"3";"32";"0";"2"
"18.11.2015 06:55:00";"1";"0";"18";"0,82";"2097152";"79482";"3,79";"0";"3";"32";"0";"2"
"18.11.2015 07:00:00";"1";"0";"17";"0,77";"2097152";"73820";"3,52";"0";"3";"32";"0";"2"
"18.11.2015 07:05:00";"1";"0";"15";"0,69";"2097152";"100454";"4,79";"0";"3";"32";"0";"2"
"18.11.2015 07:10:00";"1";"0";"18";"0,81";"2097152";"87871";"4,19";"0";"3";"32";"0";"2"
"18.11.2015 07:15:00";"1";"0";"17";"0,77";"2097152";"78014";"3,72";"0";"4";"32";"0";"2"
"18.11.2015 07:20:00";"1";"0";"15";"0,67";"2097152";"52848";"2,52";"0";"3";"32";"0";"2"
"18.11.2015 07:25:00";"1";"0";"18";"0,82";"2097152";"55575";"2,65";"0";"3";"32";"0";"2"
"18.11.2015 07:30:00";"1";"0";"17";"0,79";"2097152";"83676";"3,99";"0";"3";"32";"0";"2"
"18.11.2015 07:35:00";"1";"0";"15";"0,68";"2097152";"113036";"5,39";"0";"3";"32";"0";"2"
"18.11.2015 07:40:00";"1";"0";"18";"0,82";"2097152";"65431";"3,12";"0";"3";"32";"0";"2"
"18.11.2015 07:45:00";"1";"0";"17";"0,79";"2097152";"90597";"4,32";"0";"4";"32";"0";"2"
"18.11.2015 07:50:00";"1";"0";"15";"0,68";"2097152";"69625";"3,32";"0";"3";"32";"0";"2"
"18.11.2015 07:55:00";"1";"0";"18";"0,82";"2097152";"83676";"3,99";"0";"4";"32";"0";"2"
"18.11.2015 08:00:00";"1";"0";"17";"0,78";"2097152";"100454";"4,79";"0";"3";"32";"0";"2"
"18.11.2015 08:05:00";"1";"0";"15";"0,7";"2097152";"71093";"3,39";"0";"4";"32";"0";"2"
"18.11.2015 08:10:00";"1";"0";"18";"0,83";"2097152";"62705";"2,99";"0";"3";"32";"0";"2"
"18.11.2015 08:15:00";"1";"0";"17";"0,77";"2097152";"86403";"4,12";"0";"3";"32";"0";"2"
"18.11.2015 08:20:00";"1";"0";"15";"0,67";"2097152";"89129";"4,25";"0";"3";"32";"0";"2"
"18.11.2015 08:25:00";"1";"0";"18";"0,82";"2097152";"51380";"2,45";"0";"3";"32";"0";"2"
"18.11.2015 08:30:00";"1";"0";"17";"0,76";"2097152";"80740";"3,85";"0";"3";"32";"0";"2"
"18.11.2015 08:35:00";"1";"0";"15";"0,68";"2097152";"78014";"3,72";"0";"3";"32";"0";"2"
"18.11.2015 08:40:00";"1";"0";"18";"0,83";"2097152";"89129";"4,25";"0";"3";"32";"0";"2"
"18.11.2015 08:45:00";"1";"0";"17";"0,77";"2097152";"105906";"5,05";"0";"4";"32";"0";"2"
"18.11.2015 08:50:00";"1";"0";"15";"0,68";"2097152";"96259";"4,59";"0";"3";"32";"0";"2"
"18.11.2015 08:55:00";"1";"0";"18";"0,82";"2097152";"45928";"2,19";"1";"4";"32";"0";"2"
"18.11.2015 09:00:00";"1";"0";"17";"0,76";"2097152";"62705";"2,99";"0";"3";"32";"0";"2"
"18.11.2015 09:05:00";"1";"0";"16";"0,72";"2097152";"76546";"3,65";"0";"4";"32";"0";"2"
"18.11.2015 09:10:00";"1";"0";"18";"0,82";"2097152";"110100";"5,25";"0";"3";"32";"0";"2"
"18.11.2015 09:15:00";"1";"0";"17";"0,77";"2097152";"68157";"3,25";"0";"3";"32";"0";"2"
"18.11.2015 09:20:00";"1";"0";"15";"0,71";"2097152";"79482";"3,79";"0";"3";"32";"0";"2"
"18.11.2015 09:25:00";"1";"0";"18";"0,83";"2097152";"101712";"4,85";"0";"4";"32";"0";"2"
"18.11.2015 09:30:00";"1";"0";"17";"0,77";"2097152";"129814";"6,19";"0";"3";"32";"0";"2"
"18.11.2015 09:35:00";"1";"0";"15";"0,69";"2097152";"79482";"3,79";"0";"3";"32";"0";"2"
"18.11.2015 09:40:00";"1";"0";"18";"0,83";"2097152";"92065";"4,39";"0";"3";"32";"0";"2"
"18.11.2015 09:45:00";"1";"0";"17";"0,78";"2097152";"63963";"3,05";"0";"3";"32";"0";"2"
"18.11.2015 09:50:00";"1";"0";"15";"0,68";"2097152";"54316";"2,59";"0";"3";"32";"0";"2"
"18.11.2015 09:55:00";"1";"0";"18";"0,81";"2097152";"63963";"3,05";"0";"3";"32";"0";"2"
"18.11.2015 10:00:00";"1";"0";"17";"0,76";"2097152";"98986";"4,72";"0";"3";"32";"0";"2"
"18.11.2015 10:05:00";"1";"0";"15";"0,71";"2097152";"79482";"3,79";"0";"4";"32";"0";"2"
"18.11.2015 10:10:00";"1";"0";"18";"0,81";"2097152";"66899";"3,19";"0";"3";"32";"0";"2"
"18.11.2015 10:15:00";"1";"0";"16";"0,75";"2097152";"66899";"3,19";"0";"3";"32";"0";"2"
"18.11.2015 10:20:00";"1";"0";"15";"0,7";"2097152";"93323";"4,45";"0";"3";"32";"0";"2"
"18.11.2015 10:25:00";"1";"0";"18";"0,82";"2097152";"96259";"4,59";"0";"3";"32";"0";"2"
"18.11.2015 10:30:00";"1";"0";"17";"0,76";"2097152";"62705";"2,99";"0";"3";"32";"0";"2"
"18.11.2015 10:35:00";"1";"0";"15";"0,69";"2097152";"58511";"2,79";"0";"3";"32";"0";"2"
"18.11.2015 10:40:00";"1";"0";"18";"0,83";"2097152";"45928";"2,19";"0";"3";"32";"0";"2"
"18.11.2015 10:45:00";"1";"0";"17";"0,78";"2097152";"41733";"1,99";"0";"3";"32";"0";"2"
"18.11.2015 10:50:00";"1";"0";"15";"0,68";"2097152";"63963";"3,05";"0";"3";"32";"0";"2"
"18.11.2015 10:55:00";"1";"0";"18";"0,81";"2097152";"83676";"3,99";"0";"3";"32";"0";"2"
"18.11.2015 11:00:00";"1";"0";"17";"0,77";"2097152";"96259";"4,59";"0";"3";"32";"0";"2"
"18.11.2015 11:05:00";"1";"0";"15";"0,68";"2097152";"66899";"3,19";"0";"3";"32";"0";"2"
"18.11.2015 11:10:00";"1";"0";"18";"0,82";"2097152";"82208";"3,92";"0";"3";"32";"0";"2"
"18.11.2015 11:15:00";"1";"0";"17";"0,77";"2097152";"96259";"4,59";"0";"4";"32";"0";"2"
"18.11.2015 11:20:00";"1";"0";"15";"0,68";"2097152";"71093";"3,39";"0";"3";"32";"0";"2"
"18.11.2015 11:25:00";"1";"0";"18";"0,83";"2097152";"54316";"2,59";"0";"3";"32";"0";"2"
"18.11.2015 11:30:00";"1";"0";"17";"0,76";"2097152";"58511";"2,79";"0";"3";"32";"0";"2"
"18.11.2015 11:35:00";"1";"0";"15";"0,69";"2097152";"45928";"2,19";"0";"3";"32";"0";"2"
"18.11.2015 11:40:00";"1";"0";"18";"0,83";"2097152";"61237";"2,92";"0";"3";"32";"0";"2"
"18.11.2015 11:45:00";"1";"0";"17";"0,79";"2097152";"104648";"4,99";"0";"4";"32";"0";"2"
"18.11.2015 11:50:00";"1";"0";"15";"0,69";"2097152";"71093";"3,39";"0";"3";"32";"0";"2"
"18.11.2015 11:55:00";"1";"0";"18";"0,82";"2097152";"52848";"2,52";"0";"4";"32";"0";"2"
"18.11.2015 12:00:00";"1";"0";"17";"0,77";"2097152";"66899";"3,19";"0";"3";"32";"0";"2"
"18.11.2015 12:05:00";"1";"0";"15";"0,71";"2097152";"66899";"3,19";"0";"3";"32";"0";"2"
"18.11.2015 12:10:00";"1";"0";"18";"0,81";"2097152";"79482";"3,79";"0";"3";"32";"0";"2"
"18.11.2015 12:15:00";"1";"0";"17";"0,78";"2097152";"66899";"3,19";"0";"3";"32";"0";"2"
"18.11.2015 12:20:00";"1";"0";"15";"0,69";"2097152";"45928";"2,19";"0";"3";"32";"0";"2"
"18.11.2015 12:25:00";"1";"0";"18";"0,82";"2097152";"47186";"2,25";"0";"3";"32";"0";"2"
"18.11.2015 12:30:00";"1";"0";"17";"0,78";"2097152";"87871";"4,19";"0";"3";"32";"0";"2"
"18.11.2015 12:35:00";"1";"0";"15";"0,68";"2097152";"75288";"3,59";"0";"3";"32";"0";"2"
"18.11.2015 12:40:00";"1";"0";"18";"0,83";"2097152";"87871";"4,19";"0";"3";"32";"0";"2"
"18.11.2015 12:45:00";"1";"0";"17";"0,8";"2097152";"75288";"3,59";"0";"4";"32";"0";"2"
"18.11.2015 12:50:00";"1";"0";"15";"0,71";"2097152";"58511";"2,79";"0";"3";"32";"0";"2"
"18.11.2015 12:55:00";"1";"0";"19";"0,85";"2097152";"71093";"3,39";"0";"3";"32";"0";"2"
"18.11.2015 13:00:00";"1";"0";"17";"0,78";"2097152";"66899";"3,19";"0";"3";"32";"0";"2"
"18.11.2015 13:05:00";"1";"0";"16";"0,73";"2097152";"78014";"3,72";"0";"3";"32";"0";"2"
"18.11.2015 13:10:00";"1";"0";"19";"0,85";"2097152";"50122";"2,39";"0";"3";"32";"0";"2"
"18.11.2015 13:15:00";"1";"0";"17";"0,8";"2097152";"79482";"3,79";"0";"4";"32";"0";"2"
"18.11.2015 13:20:00";"1";"0";"15";"0,68";"2097152";"66899";"3,19";"0";"3";"32";"0";"2"
"18.11.2015 13:25:00";"1";"0";"18";"0,81";"2097152";"58511";"2,79";"0";"3";"32";"0";"2"
"18.11.2015 13:30:00";"1";"0";"17";"0,77";"2097152";"92065";"4,39";"0";"3";"32";"0";"2"
"18.11.2015 13:35:00";"1";"0";"15";"0,68";"2097152";"96259";"4,59";"0";"3";"32";"0";"2"
"18.11.2015 13:40:00";"1";"0";"18";"0,82";"2097152";"96259";"4,59";"0";"3";"32";"0";"2"
"18.11.2015 13:45:00";"1";"0";"17";"0,79";"2097152";"62705";"2,99";"0";"3";"32";"0";"2"
"18.11.2015 13:50:00";"1";"0";"15";"0,7";"2097152";"71093";"3,39";"0";"3";"32";"0";"2"
"18.11.2015 13:55:00";"1";"0";"18";"0,82";"2097152";"75288";"3,59";"0";"4";"32";"0";"2"
"18.11.2015 14:00:00";"1";"0";"17";"0,77";"2097152";"75288";"3,59";"0";"3";"32";"0";"2"
"18.11.2015 14:05:00";"1";"0";"15";"0,69";"2097152";"75288";"3,59";"0";"4";"32";"0";"2"
"18.11.2015 14:10:00";"1";"0";"18";"0,81";"2097152";"73820";"3,52";"0";"3";"32";"0";"2"
"18.11.2015 14:15:00";"1";"0";"17";"0,79";"2097152";"117231";"5,59";"0";"3";"32";"0";"2"
"18.11.2015 14:20:00";"1";"0";"15";"0,68";"2097152";"66899";"3,19";"0";"3";"32";"0";"2"
"18.11.2015 14:25:00";"1";"0";"18";"0,82";"2097152";"72352";"3,45";"0";"3";"32";"0";"2"
"18.11.2015 14:30:00";"1";"0";"17";"0,78";"2097152";"104648";"4,99";"0";"3";"32";"0";"2"
"18.11.2015 14:35:00";"1";"0";"15";"0,69";"2097152";"71093";"3,39";"0";"3";"32";"0";"2"
"18.11.2015 14:40:00";"1";"0";"18";"0,81";"2097152";"83676";"3,99";"0";"3";"32";"0";"2"
"18.11.2015 14:45:00";"1";"0";"16";"0,75";"2097152";"52848";"2,52";"0";"3";"32";"0";"2"
"18.11.2015 14:50:00";"1";"0";"15";"0,68";"2097152";"71093";"3,39";"0";"3";"32";"0";"2"
"18.11.2015 14:55:00";"1";"0";"18";"0,83";"2097152";"61237";"2,92";"0";"3";"32";"0";"2"
"18.11.2015 15:00:00";"1";"0";"17";"0,78";"2097152";"83676";"3,99";"0";"3";"32";"0";"2"
"18.11.2015 15:05:00";"1";"0";"15";"0,69";"2097152";"66899";"3,19";"0";"3";"32";"0";"2"
"18.11.2015 15:10:00";"1";"0";"18";"0,8";"2097152";"66899";"3,19";"0";"3";"32";"0";"2"
"18.11.2015 15:15:00";"1";"0";"17";"0,78";"2097152";"96259";"4,59";"0";"3";"32";"0";"2"
"18.11.2015 15:20:00";"1";"0";"15";"0,68";"2097152";"54316";"2,59";"0";"3";"32";"0";"2"
"18.11.2015 15:25:00";"1";"0";"18";"0,81";"2097152";"50122";"2,39";"0";"3";"32";"0";"2"
"18.11.2015 15:30:00";"1";"0";"17";"0,78";"2097152";"61237";"2,92";"0";"3";"32";"0";"2"
"18.11.2015 15:35:00";"1";"0";"15";"0,69";"2097152";"92065";"4,39";"0";"3";"32";"0";"2"
"18.11.2015 15:40:00";"1";"0";"18";"0,81";"2097152";"63963";"3,05";"0";"3";"32";"0";"2"
"18.11.2015 15:45:00";"1";"0";"17";"0,78";"2097152";"79482";"3,79";"0";"3";"32";"0";"2"
"18.11.2015 15:50:00";"1";"0";"15";"0,69";"2097152";"92065";"4,39";"0";"3";"32";"0";"2"
"18.11.2015 15:55:00";"1";"0";"18";"0,82";"2097152";"79482";"3,79";"0";"3";"32";"0";"2"
"18.11.2015 16:00:00";"1";"0";"17";"0,79";"2097152";"69625";"3,32";"0";"3";"32";"0";"2"
"18.11.2015 16:05:00";"1";"0";"15";"0,68";"2097152";"62705";"2,99";"0";"3";"32";"0";"2"
"18.11.2015 16:10:00";"1";"0";"18";"0,83";"2097152";"83676";"3,99";"0";"3";"32";"0";"2"
"18.11.2015 16:15:00";"1";"0";"17";"0,77";"2097152";"83676";"3,99";"0";"3";"32";"0";"3"
"18.11.2015 16:20:00";"1";"0";"16";"0,72";"2097152";"79482";"3,79";"0";"3";"32";"0";"2"
"18.11.2015 16:25:00";"1";"0";"18";"0,81";"2097152";"62705";"2,99";"0";"3";"32";"0";"2"
"18.11.2015 16:30:00";"1";"0";"16";"0,72";"2097152";"75288";"3,59";"0";"3";"32";"0";"2"
"18.11.2015 16:35:00";"1";"0";"16";"0,72";"2097152";"62705";"2,99";"0";"3";"32";"0";"2"
"18.11.2015 16:40:00";"1";"0";"18";"0,81";"2097152";"68157";"3,25";"0";"3";"32";"0";"2"
"18.11.2015 16:45:00";"1";"0";"16";"0,72";"2097152";"65431";"3,12";"0";"3";"32";"0";"2"
"18.11.2015 16:50:00";"1";"0";"16";"0,74";"2097152";"66899";"3,19";"0";"3";"32";"0";"2"
"18.11.2015 16:55:00";"1";"0";"18";"0,83";"2097152";"65431";"3,12";"0";"3";"32";"0";"2"
"18.11.2015 17:00:00";"1";"0";"16";"0,73";"2097152";"104648";"4,99";"0";"3";"32";"0";"2"
"18.11.2015 17:05:00";"1";"0";"16";"0,76";"2097152";"96259";"4,59";"0";"3";"32";"0";"2"
"18.11.2015 17:10:00";"1";"0";"18";"0,83";"2097152";"82208";"3,92";"0";"3";"32";"0";"2"
"18.11.2015 17:15:00";"1";"0";"16";"0,75";"2097152";"94791";"4,52";"0";"3";"32";"0";"2"
"18.11.2015 17:20:00";"1";"0";"16";"0,74";"2097152";"76546";"3,65";"0";"3";"32";"0";"2"
"18.11.2015 17:25:00";"1";"0";"18";"0,8";"2097152";"83676";"3,99";"0";"3";"32";"0";"2"
"18.11.2015 17:30:00";"1";"0";"16";"0,74";"2097152";"87871";"4,19";"0";"4";"32";"0";"3"
"18.11.2015 17:35:00";"1";"0";"16";"0,74";"2097152";"90597";"4,32";"0";"3";"32";"0";"2"
"18.11.2015 17:40:00";"1";"0";"18";"0,81";"2097152";"55575";"2,65";"0";"3";"32";"0";"2"
"18.11.2015 17:45:00";"1";"0";"16";"0,72";"2097152";"76546";"3,65";"0";"3";"32";"0";"2"
"18.11.2015 17:50:00";"1";"0";"16";"0,74";"2097152";"61237";"2,92";"0";"3";"32";"0";"2"
"18.11.2015 17:55:00";"1";"0";"18";"0,81";"2097152";"73820";"3,52";"0";"3";"32";"0";"2"
"18.11.2015 18:00:00";"1";"0";"16";"0,72";"2097152";"80740";"3,85";"0";"3";"32";"0";"2"
"18.11.2015 18:05:00";"1";"0";"16";"0,75";"2097152";"57043";"2,72";"0";"3";"32";"0";"2"
"18.11.2015 18:10:00";"1";"0";"18";"0,81";"2097152";"72352";"3,45";"0";"3";"32";"0";"2"
"18.11.2015 18:15:00";"1";"0";"16";"0,72";"2097152";"79482";"3,79";"0";"3";"32";"0";"2"
"18.11.2015 18:20:00";"1";"0";"16";"0,73";"2097152";"54316";"2,59";"0";"3";"32";"0";"2"
"18.11.2015 18:25:00";"1";"0";"18";"0,81";"2097152";"61237";"2,92";"0";"3";"32";"0";"2"
"18.11.2015 18:30:00";"1";"0";"15";"0,71";"2097152";"75288";"3,59";"0";"3";"32";"0";"2"
"18.11.2015 18:35:00";"1";"0";"16";"0,74";"2097152";"82208";"3,92";"0";"3";"32";"0";"2"
"18.11.2015 18:40:00";"1";"0";"18";"0,81";"2097152";"68157";"3,25";"0";"3";"32";"0";"2"
"18.11.2015 18:45:00";"1";"0";"16";"0,73";"2097152";"62705";"2,99";"0";"3";"32";"0";"2"
"18.11.2015 18:50:00";"1";"0";"16";"0,73";"2097152";"86403";"4,12";"0";"3";"32";"0";"2"
"18.11.2015 18:55:00";"1";"0";"18";"0,81";"2097152";"63963";"3,05";"0";"4";"32";"0";"2"
"18.11.2015 19:00:00";"1";"0";"16";"0,72";"2097152";"69625";"3,32";"0";"3";"32";"0";"2"
"18.11.2015 19:05:00";"1";"0";"17";"0,76";"2097152";"69625";"3,32";"0";"4";"32";"0";"2"
"18.11.2015 19:10:00";"1";"0";"18";"0,81";"2097152";"72352";"3,45";"0";"3";"32";"0";"2"
"18.11.2015 19:15:00";"1";"0";"16";"0,73";"2097152";"62705";"2,99";"0";"3";"32";"0";"2"
"18.11.2015 19:20:00";"1";"0";"16";"0,73";"2097152";"72352";"3,45";"0";"3";"32";"0";"2"
"18.11.2015 19:25:00";"1";"0";"18";"0,82";"2097152";"59769";"2,85";"0";"3";"32";"0";"2"
"18.11.2015 19:30:00";"1";"0";"16";"0,73";"2097152";"73820";"3,52";"0";"3";"32";"0";"2"
"18.11.2015 19:35:00";"1";"0";"16";"0,75";"2097152";"105906";"5,05";"0";"3";"32";"0";"2"
"18.11.2015 19:40:00";"1";"0";"18";"0,83";"2097152";"89129";"4,25";"0";"3";"32";"0";"2"
"18.11.2015 19:45:00";"1";"0";"16";"0,73";"2097152";"97518";"4,65";"0";"3";"32";"0";"2"
"18.11.2015 19:50:00";"1";"0";"16";"0,76";"2097152";"96259";"4,59";"0";"3";"32";"0";"2"
"18.11.2015 19:55:00";"1";"0";"18";"0,82";"2097152";"72352";"3,45";"0";"3";"32";"0";"2"
"18.11.2015 20:00:00";"1";"0";"15";"0,7";"2097152";"51380";"2,45";"0";"3";"32";"0";"2"
"18.11.2015 20:05:00";"1";"0";"16";"0,76";"2097152";"51380";"2,45";"0";"3";"32";"0";"2"
"18.11.2015 20:10:00";"1";"0";"18";"0,81";"2097152";"54316";"2,59";"0";"3";"32";"0";"2"
"18.11.2015 20:15:00";"1";"0";"16";"0,72";"2097152";"42992";"2,05";"0";"3";"32";"0";"2"
"18.11.2015 20:20:00";"1";"0";"16";"0,73";"2097152";"79482";"3,79";"0";"3";"32";"0";"2"
"18.11.2015 20:25:00";"1";"0";"18";"0,81";"2097152";"94791";"4,52";"0";"3";"32";"0";"2"
"18.11.2015 20:30:00";"1";"0";"16";"0,72";"2097152";"75288";"3,59";"0";"3";"32";"0";"2"
"18.11.2015 20:35:00";"1";"0";"16";"0,74";"2097152";"94791";"4,52";"0";"3";"32";"0";"2"
"18.11.2015 20:40:00";"1";"0";"18";"0,81";"2097152";"124151";"5,92";"0";"3";"32";"0";"2"
"18.11.2015 20:45:00";"1";"0";"16";"0,72";"2097152";"94791";"4,52";"0";"3";"32";"0";"2"
"18.11.2015 20:50:00";"1";"0";"16";"0,73";"2097152";"76546";"3,65";"0";"3";"32";"0";"2"
"18.11.2015 20:55:00";"1";"0";"18";"0,81";"2097152";"89129";"4,25";"0";"3";"32";"0";"2"
"18.11.2015 21:00:00";"1";"0";"16";"0,71";"2097152";"79482";"3,79";"0";"3";"32";"0";"2"
"18.11.2015 21:05:00";"1";"0";"16";"0,73";"2097152";"79482";"3,79";"0";"3";"32";"0";"2"
"18.11.2015 21:10:00";"1";"0";"18";"0,81";"2097152";"71093";"3,39";"0";"3";"32";"0";"2"
"18.11.2015 21:15:00";"1";"0";"15";"0,72";"2097152";"59769";"2,85";"0";"3";"32";"0";"2"
"18.11.2015 21:20:00";"1";"0";"16";"0,73";"2097152";"68157";"3,25";"0";"3";"32";"0";"2"
"18.11.2015 21:25:00";"1";"0";"19";"0,85";"2097152";"170289";"8,12";"0";"3";"32";"0";"2"
"18.11.2015 21:30:00";"1";"0";"16";"0,72";"2097152";"118489";"5,65";"0";"3";"32";"0";"2"
"18.11.2015 21:35:00";"1";"0";"17";"0,76";"2097152";"82208";"3,92";"0";"3";"32";"0";"2"
"18.11.2015 21:40:00";"1";"0";"18";"0,81";"2097152";"80740";"3,85";"0";"3";"32";"0";"2"
"18.11.2015 21:45:00";"1";"0";"16";"0,72";"2097152";"65431";"3,12";"0";"3";"32";"0";"2"
"18.11.2015 21:50:00";"1";"0";"16";"0,73";"2097152";"86403";"4,12";"0";"3";"32";"0";"2"
"18.11.2015 21:55:00";"1";"0";"18";"0,82";"2097152";"59769";"2,85";"0";"3";"32";"0";"2"
"18.11.2015 22:00:00";"1";"0";"15";"0,71";"2097152";"48654";"2,32";"0";"3";"32";"0";"2"
"18.11.2015 22:05:00";"1";"0";"17";"0,76";"2097152";"73820";"3,52";"0";"3";"32";"0";"2"
"18.11.2015 22:10:00";"1";"0";"18";"0,84";"2097152";"58511";"2,79";"0";"3";"32";"0";"2"
"18.11.2015 22:15:00";"1";"0";"16";"0,75";"2097152";"55575";"2,65";"0";"3";"32";"0";"2"
"18.11.2015 22:20:00";"1";"0";"17";"0,78";"2097152";"87871";"4,19";"0";"3";"32";"0";"2"
"18.11.2015 22:25:00";"1";"0";"18";"0,85";"2097152";"107374";"5,12";"0";"3";"32";"0";"2"
"18.11.2015 22:30:00";"1";"0";"17";"0,78";"2097152";"82208";"3,92";"0";"3";"32";"0";"2"
"18.11.2015 22:35:00";"1";"0";"17";"0,78";"2097152";"83676";"3,99";"0";"3";"32";"0";"2"
"18.11.2015 22:40:00";"1";"0";"19";"0,85";"2097152";"97518";"4,65";"0";"3";"32";"0";"2"
"18.11.2015 22:45:00";"1";"0";"17";"0,76";"2097152";"59769";"2,85";"0";"3";"32";"0";"2"
"18.11.2015 22:50:00";"1";"0";"16";"0,75";"2097152";"100454";"4,79";"0";"4";"32";"0";"2"
"18.11.2015 22:55:00";"1";"0";"18";"0,83";"2097152";"57043";"2,72";"0";"4";"32";"0";"2"
"18.11.2015 23:00:00";"1";"0";"15";"0,71";"2097152";"63963";"3,05";"0";"3";"32";"0";"2"
"18.11.2015 23:05:00";"1";"0";"16";"0,73";"2097152";"54316";"2,59";"0";"4";"32";"0";"2"
"18.11.2015 23:10:00";"1";"0";"18";"0,8";"2097152";"86403";"4,12";"0";"3";"32";"0";"2"
"18.11.2015 23:15:00";"1";"0";"16";"0,74";"2097152";"72352";"3,45";"0";"3";"32";"0";"2"
"18.11.2015 23:20:00";"1";"0";"16";"0,73";"2097152";"84935";"4,05";"0";"3";"32";"0";"2"
"18.11.2015 23:25:00";"1";"0";"18";"0,81";"2097152";"98986";"4,72";"0";"3";"32";"0";"2"
"18.11.2015 23:30:00";"1";"0";"16";"0,72";"2097152";"55575";"2,65";"0";"3";"32";"0";"2"
"18.11.2015 23:35:00";"1";"0";"16";"0,73";"2097152";"94791";"4,52";"0";"3";"32";"0";"2"
"18.11.2015 23:40:00";"1";"0";"18";"0,81";"2097152";"90597";"4,32";"0";"3";"32";"0";"2"
"18.11.2015 23:45:00";"1";"0";"16";"0,73";"2097152";"94791";"4,52";"0";"3";"32";"0";"2"
"18.11.2015 23:50:00";"1";"0";"16";"0,74";"2097152";"65431";"3,12";"0";"3";"32";"0";"2"
"18.11.2015 23:55:00";"1";"0";"19";"0,85";"2097152";"50122";"2,39";"0";"4";"32";"0";"2"
"19.11.2015 00:00:00";"1";"0";"16";"0,72";"2097152";"62705";"2,99";"0";"4";"32";"0";"2"
"19.11.2015 00:05:00";"1";"0";"17";"0,77";"2097152";"62705";"2,99";"0";"4";"32";"0";"2"
"19.11.2015 00:10:00";"1";"0";"18";"0,82";"2097152";"71093";"3,39";"0";"3";"32";"0";"2"
"19.11.2015 00:15:00";"1";"0";"16";"0,72";"2097152";"58511";"2,79";"0";"3";"32";"0";"2"
"19.11.2015 00:20:00";"1";"0";"16";"0,75";"2097152";"48654";"2,32";"0";"3";"32";"0";"2"
"19.11.2015 00:25:00";"1";"0";"18";"0,82";"2097152";"44460";"2,12";"0";"3";"32";"0";"2"
"19.11.2015 00:30:00";"1";"0";"16";"0,73";"2097152";"57043";"2,72";"0";"3";"32";"0";"2"
"19.11.2015 00:35:00";"1";"0";"16";"0,75";"2097152";"78014";"3,72";"0";"3";"32";"0";"2"
"19.11.2015 00:40:00";"1";"0";"18";"0,84";"2097152";"103180";"4,92";"0";"3";"32";"0";"2"
"19.11.2015 00:45:00";"1";"0";"16";"0,74";"2097152";"80740";"3,85";"0";"3";"32";"0";"2"
"19.11.2015 00:50:00";"1";"0";"16";"0,73";"2097152";"65431";"3,12";"0";"3";"32";"0";"2"
"19.11.2015 00:55:00";"1";"0";"18";"0,82";"2097152";"92065";"4,39";"0";"3";"32";"0";"2"
"19.11.2015 01:00:00";"1";"0";"16";"0,72";"2097152";"71093";"3,39";"0";"3";"32";"0";"2"
"19.11.2015 01:05:00";"1";"0";"17";"0,77";"2097152";"84935";"4,05";"0";"3";"32";"0";"2"
"19.11.2015 01:10:00";"1";"0";"18";"0,81";"2097152";"58511";"2,79";"0";"3";"32";"0";"2"
"19.11.2015 01:15:00";"1";"0";"15";"0,72";"2097152";"71093";"3,39";"0";"3";"32";"0";"2"
"19.11.2015 01:20:00";"1";"0";"16";"0,74";"2097152";"75288";"3,59";"0";"3";"32";"0";"2"
"19.11.2015 01:25:00";"1";"0";"18";"0,82";"2097152";"78014";"3,72";"0";"3";"32";"0";"2"
"19.11.2015 01:30:00";"1";"0";"15";"0,71";"2097152";"86403";"4,12";"0";"3";"32";"0";"2"
"19.11.2015 01:35:00";"1";"0";"16";"0,74";"2097152";"104648";"4,99";"0";"4";"32";"0";"2"
"19.11.2015 01:40:00";"1";"0";"18";"0,81";"2097152";"75288";"3,59";"0";"3";"32";"0";"2"
"19.11.2015 01:45:00";"1";"0";"16";"0,72";"2097152";"78014";"3,72";"0";"3";"32";"0";"2"
"19.11.2015 01:50:00";"1";"0";"16";"0,73";"2097152";"71093";"3,39";"0";"3";"32";"0";"2"
"19.11.2015 01:55:00";"1";"0";"18";"0,83";"2097152";"94791";"4,52";"0";"3";"32";"0";"2"
"19.11.2015 02:00:00";"1";"0";"16";"0,73";"2097152";"86403";"4,12";"0";"3";"32";"0";"2"
"19.11.2015 02:05:00";"1";"0";"16";"0,74";"2097152";"80740";"3,85";"0";"4";"32";"0";"2"
"19.11.2015 02:10:00";"1";"0";"18";"0,81";"2097152";"79482";"3,79";"0";"3";"32";"0";"2"
"19.11.2015 02:15:00";"1";"0";"16";"0,73";"2097152";"66899";"3,19";"0";"3";"32";"0";"2"
"19.11.2015 02:20:00";"1";"0";"17";"0,76";"2097152";"94791";"4,52";"0";"3";"32";"0";"2"
"19.11.2015 02:25:00";"1";"0";"18";"0,8";"2097152";"63963";"3,05";"0";"3";"32";"0";"2"
"19.11.2015 02:30:00";"1";"0";"16";"0,71";"2097152";"48654";"2,32";"0";"3";"32";"0";"2"
"19.11.2015 02:35:00";"1";"0";"16";"0,75";"2097152";"57043";"2,72";"0";"3";"32";"0";"2"
"19.11.2015 02:40:00";"1";"0";"18";"0,81";"2097152";"79482";"3,79";"0";"3";"32";"0";"2"
"19.11.2015 02:45:00";"1";"0";"16";"0,72";"2097152";"96259";"4,59";"0";"3";"32";"0";"2"
"19.11.2015 02:50:00";"1";"0";"16";"0,73";"2097152";"73820";"3,52";"0";"3";"32";"0";"2"
"19.11.2015 02:55:00";"1";"0";"18";"0,81";"2097152";"57043";"2,72";"0";"3";"32";"0";"2"
"19.11.2015 03:00:00";"1";"0";"16";"0,72";"2097152";"63963";"3,05";"0";"3";"32";"0";"2"
"19.11.2015 03:05:00";"1";"0";"16";"0,76";"2097152";"78014";"3,72";"0";"3";"32";"0";"2"
"19.11.2015 03:10:00";"1";"0";"18";"0,84";"2097152";"92065";"4,39";"0";"3";"32";"0";"2"
"19.11.2015 03:15:00";"1";"0";"16";"0,73";"2097152";"100454";"4,79";"0";"3";"32";"0";"2"
"19.11.2015 03:20:00";"1";"0";"16";"0,74";"2097152";"73820";"3,52";"0";"3";"32";"0";"2"
"19.11.2015 03:25:00";"1";"0";"18";"0,82";"2097152";"89129";"4,25";"0";"3";"32";"0";"2"
"19.11.2015 03:30:00";"1";"0";"16";"0,74";"2097152";"76546";"3,65";"0";"3";"32";"0";"2"
"19.11.2015 03:35:00";"1";"0";"16";"0,74";"2097152";"55575";"2,65";"0";"3";"32";"0";"2"
"19.11.2015 03:40:00";"1";"0";"18";"0,83";"2097152";"69625";"3,32";"0";"3";"32";"0";"2"
"19.11.2015 03:45:00";"1";"0";"18";"0,84";"2097152";"89129";"4,25";"0";"17";"32";"0";"2"
"19.11.2015 03:50:00";"1";"0";"16";"0,74";"2097152";"89129";"4,25";"0";"3";"32";"0";"2"
"19.11.2015 03:55:00";"1";"0";"18";"0,8";"2097152";"69625";"3,32";"0";"3";"32";"0";"2"
"19.11.2015 04:00:00";"1";"0";"16";"0,71";"2097152";"69625";"3,32";"0";"3";"32";"0";"2"
"19.11.2015 04:05:00";"1";"0";"16";"0,74";"2097152";"72352";"3,45";"0";"4";"32";"0";"2"
"19.11.2015 04:10:00";"1";"0";"18";"0,82";"2097152";"66899";"3,19";"0";"3";"32";"0";"2"
"19.11.2015 04:15:00";"1";"0";"15";"0,71";"2097152";"78014";"3,72";"0";"3";"32";"0";"2"
"19.11.2015 04:20:00";"1";"0";"16";"0,73";"2097152";"78014";"3,72";"0";"3";"32";"0";"2"
"19.11.2015 04:25:00";"1";"0";"18";"0,82";"2097152";"63963";"3,05";"0";"3";"32";"0";"2"
"19.11.2015 04:30:00";"1";"0";"16";"0,74";"2097152";"68157";"3,25";"0";"3";"32";"0";"2"
"19.11.2015 04:35:00";"1";"0";"16";"0,74";"2097152";"72352";"3,45";"0";"3";"32";"0";"2"
"19.11.2015 04:40:00";"1";"0";"18";"0,81";"2097152";"80740";"3,85";"0";"3";"32";"0";"2"
"19.11.2015 04:45:00";"1";"0";"16";"0,72";"2097152";"63963";"3,05";"0";"3";"32";"0";"2"
"19.11.2015 04:50:00";"1";"0";"16";"0,75";"2097152";"104648";"4,99";"0";"3";"32";"0";"2"
"19.11.2015 04:55:00";"1";"0";"18";"0,81";"2097152";"72352";"3,45";"0";"3";"32";"0";"2"
"19.11.2015 05:00:00";"1";"0";"16";"0,72";"2097152";"83676";"3,99";"0";"3";"32";"0";"2"
"19.11.2015 05:05:00";"1";"0";"16";"0,75";"2097152";"83676";"3,99";"0";"3";"32";"0";"2"
"19.11.2015 05:10:00";"1";"0";"18";"0,81";"2097152";"69625";"3,32";"0";"3";"32";"0";"2"
"19.11.2015 05:15:00";"1";"0";"15";"0,72";"2097152";"62705";"2,99";"0";"3";"32";"0";"2"
"19.11.2015 05:20:00";"1";"0";"16";"0,73";"2097152";"94791";"4,52";"0";"3";"32";"0";"2"
"19.11.2015 05:25:00";"1";"0";"18";"0,81";"2097152";"79482";"3,79";"0";"3";"32";"0";"2"
"19.11.2015 05:30:00";"1";"0";"15";"0,71";"2097152";"72352";"3,45";"0";"3";"32";"0";"2"
"19.11.2015 05:35:00";"1";"0";"16";"0,74";"2097152";"87871";"4,19";"0";"4";"32";"0";"2"
"19.11.2015 05:40:00";"1";"0";"18";"0,81";"2097152";"65431";"3,12";"0";"3";"32";"0";"2"
"19.11.2015 05:45:00";"1";"0";"16";"0,75";"2097152";"69625";"3,32";"0";"3";"32";"0";"2"
"19.11.2015 05:50:00";"1";"0";"16";"0,72";"2097152";"87871";"4,19";"0";"3";"32";"0";"2"
"19.11.2015 05:55:00";"1";"0";"18";"0,82";"2097152";"113036";"5,39";"0";"3";"32";"0";"2"
"19.11.2015 06:00:00";"1";"0";"16";"0,72";"2097152";"82208";"3,92";"0";"3";"32";"0";"2"
"19.11.2015 06:05:00";"1";"0";"16";"0,74";"2097152";"83676";"3,99";"0";"3";"32";"0";"2"
"19.11.2015 06:10:00";"1";"0";"17";"0,77";"2097152";"63963";"3,05";"0";"3";"32";"0";"2"
"19.11.2015 06:15:00";"1";"0";"17";"0,78";"2097152";"83676";"3,99";"0";"3";"32";"0";"2"
"19.11.2015 06:20:00";"1";"0";"16";"0,73";"2097152";"75288";"3,59";"0";"3";"32";"0";"2"
"19.11.2015 06:25:00";"1";"0";"17";"0,76";"2097152";"93323";"4,45";"0";"3";"32";"0";"2"
"19.11.2015 06:30:00";"1";"0";"17";"0,77";"2097152";"117231";"5,59";"0";"3";"32";"0";"2"
"19.11.2015 06:35:00";"1";"0";"16";"0,73";"2097152";"58511";"2,79";"0";"3";"32";"0";"2"
"19.11.2015 06:40:00";"1";"0";"17";"0,76";"2097152";"71093";"3,39";"0";"3";"32";"0";"2"
"19.11.2015 06:45:00";"1";"0";"17";"0,77";"2097152";"66899";"3,19";"0";"3";"32";"0";"2"
"19.11.2015 06:50:00";"1";"0";"16";"0,73";"2097152";"54316";"2,59";"0";"3";"32";"0";"2"
"19.11.2015 06:55:00";"1";"0";"17";"0,76";"2097152";"66899";"3,19";"0";"3";"32";"0";"2"
"19.11.2015 07:00:00";"1";"0";"17";"0,77";"2097152";"51380";"2,45";"0";"3";"32";"0";"2"
"19.11.2015 07:05:00";"1";"0";"16";"0,76";"2097152";"66899";"3,19";"0";"3";"32";"0";"2"
"19.11.2015 07:10:00";"1";"0";"17";"0,76";"2097152";"57043";"2,72";"0";"3";"32";"0";"2"
"19.11.2015 07:15:00";"1";"0";"17";"0,77";"2097152";"54316";"2,59";"0";"3";"32";"0";"2"
"19.11.2015 07:20:00";"1";"0";"16";"0,73";"2097152";"58511";"2,79";"0";"3";"32";"0";"2"
"19.11.2015 07:25:00";"1";"0";"16";"0,76";"2097152";"93323";"4,45";"0";"3";"32";"0";"2"
"19.11.2015 07:30:00";"1";"0";"16";"0,76";"2097152";"79482";"3,79";"0";"3";"32";"0";"2"
"19.11.2015 07:35:00";"1";"0";"16";"0,72";"2097152";"54316";"2,59";"0";"3";"32";"0";"2"
"19.11.2015 07:40:00";"1";"0";"17";"0,77";"2097152";"68157";"3,25";"0";"3";"32";"0";"2"
"19.11.2015 07:45:00";"1";"0";"17";"0,76";"2097152";"75288";"3,59";"0";"3";"32";"0";"2"
"19.11.2015 07:50:00";"1";"0";"16";"0,75";"2097152";"73820";"3,52";"0";"3";"32";"0";"2"
"19.11.2015 07:55:00";"1";"0";"17";"0,77";"2097152";"68157";"3,25";"0";"3";"32";"0";"2"
"19.11.2015 08:00:00";"1";"0";"17";"0,79";"2097152";"83676";"3,99";"0";"3";"32";"0";"2"
"19.11.2015 08:05:00";"1";"0";"16";"0,73";"2097152";"71093";"3,39";"0";"4";"32";"0";"2"
"19.11.2015 08:10:00";"1";"0";"17";"0,77";"2097152";"69625";"3,32";"0";"3";"32";"0";"2"
"19.11.2015 08:15:00";"1";"0";"17";"0,77";"2097152";"84935";"4,05";"0";"3";"32";"0";"2"
"19.11.2015 08:20:00";"1";"0";"16";"0,72";"2097152";"47186";"2,25";"0";"3";"32";"0";"2"
"19.11.2015 08:25:00";"1";"0";"16";"0,76";"2097152";"59769";"2,85";"0";"3";"32";"0";"2"
"19.11.2015 08:30:00";"1";"0";"17";"0,77";"2097152";"69625";"3,32";"0";"3";"32";"0";"2"
"19.11.2015 08:35:00";"1";"0";"16";"0,73";"2097152";"68157";"3,25";"0";"3";"32";"0";"2"
"19.11.2015 08:40:00";"1";"0";"17";"0,77";"2097152";"90597";"4,32";"0";"3";"32";"0";"2"
"19.11.2015 08:45:00";"1";"0";"15";"0,69";"2097152";"94791";"4,52";"0";"3";"32";"0";"2"
"19.11.2015 08:50:00";"1";"0";"17";"0,8";"2097152";"83676";"3,99";"0";"3";"32";"0";"2"
"19.11.2015 08:55:00";"1";"0";"17";"0,78";"2097152";"82208";"3,92";"0";"3";"32";"0";"2"
"19.11.2015 09:00:00";"1";"0";"17";"0,78";"2097152";"105906";"5,05";"0";"3";"32";"0";"2"
"19.11.2015 09:05:00";"1";"0";"18";"0,8";"2097152";"71093";"3,39";"0";"4";"32";"0";"2"
"19.11.2015 09:10:00";"1";"0";"17";"0,77";"2097152";"76546";"3,65";"0";"3";"32";"0";"2"
"19.11.2015 09:15:00";"1";"0";"16";"0,72";"2097152";"73820";"3,52";"0";"3";"32";"0";"2"
"19.11.2015 09:20:00";"1";"0";"17";"0,78";"2097152";"75288";"3,59";"0";"3";"32";"0";"2"
"19.11.2015 09:25:00";"1";"0";"17";"0,76";"2097152";"62705";"2,99";"0";"3";"32";"0";"2"
"19.11.2015 09:30:00";"1";"0";"16";"0,72";"2097152";"68157";"3,25";"0";"3";"32";"0";"2"
"19.11.2015 09:35:00";"1";"0";"18";"0,81";"2097152";"73820";"3,52";"0";"3";"32";"0";"2"
"19.11.2015 09:40:00";"1";"0";"17";"0,76";"2097152";"63963";"3,05";"0";"3";"32";"0";"2"
"19.11.2015 09:45:00";"1";"0";"16";"0,72";"2097152";"98986";"4,72";"0";"3";"32";"0";"2"
"19.11.2015 09:50:00";"1";"0";"17";"0,79";"2097152";"114295";"5,45";"0";"3";"32";"0";"2"
"19.11.2015 09:55:00";"1";"0";"17";"0,78";"2097152";"96259";"4,59";"0";"3";"32";"0";"2"
"19.11.2015 10:00:00";"1";"0";"16";"0,72";"2097152";"65431";"3,12";"0";"3";"32";"0";"2"
"19.11.2015 10:05:00";"1";"0";"18";"0,82";"2097152";"87871";"4,19";"0";"3";"32";"0";"2"
"19.11.2015 10:10:00";"1";"0";"17";"0,76";"2097152";"212232";"10,12";"0";"3";"32";"0";"2"
"19.11.2015 10:15:00";"1";"0";"16";"0,73";"2097152";"75288";"3,59";"0";"3";"32";"0";"2"
"19.11.2015 10:20:00";"1";"0";"17";"0,79";"2097152";"63963";"3,05";"0";"3";"32";"0";"2"
"19.11.2015 10:25:00";"1";"0";"17";"0,77";"2097152";"86403";"4,12";"0";"3";"32";"0";"2"
"19.11.2015 10:30:00";"1";"0";"16";"0,73";"2097152";"63963";"3,05";"0";"3";"32";"0";"2"
"19.11.2015 10:35:00";"1";"0";"17";"0,78";"2097152";"62705";"2,99";"0";"3";"32";"0";"2"
"19.11.2015 10:40:00";"1";"0";"18";"0,83";"2097152";"79482";"3,79";"0";"3";"32";"0";"2"
"19.11.2015 10:45:00";"1";"0";"15";"0,7";"2097152";"75288";"3,59";"0";"3";"32";"0";"2"
"19.11.2015 10:50:00";"1";"0";"17";"0,8";"2097152";"92065";"4,39";"0";"3";"32";"0";"2"
"19.11.2015 10:55:00";"1";"0";"18";"0,81";"2097152";"100454";"4,79";"0";"3";"32";"0";"2"
"19.11.2015 11:00:00";"1";"0";"15";"0,67";"2097152";"75288";"3,59";"0";"3";"32";"0";"2"
"19.11.2015 11:05:00";"1";"0";"17";"0,79";"2097152";"75288";"3,59";"0";"3";"32";"0";"2"
"19.11.2015 11:10:00";"1";"0";"18";"0,81";"2097152";"96259";"4,59";"0";"3";"32";"0";"2"
"19.11.2015 11:15:00";"1";"0";"15";"0,67";"2097152";"75288";"3,59";"0";"3";"32";"0";"2"
"19.11.2015 11:20:00";"1";"0";"17";"0,8";"2097152";"72352";"3,45";"0";"3";"32";"0";"2"
"19.11.2015 11:25:00";"1";"0";"17";"0,79";"2097152";"75288";"3,59";"0";"3";"32";"0";"2"
"19.11.2015 11:30:00";"1";"0";"15";"0,71";"2097152";"96259";"4,59";"0";"3";"32";"0";"2"
"19.11.2015 11:35:00";"1";"0";"17";"0,79";"2097152";"83676";"3,99";"0";"3";"32";"0";"2"
"19.11.2015 11:40:00";"1";"0";"16";"0,76";"2097152";"68157";"3,25";"0";"3";"32";"0";"2"
"19.11.2015 11:45:00";"1";"0";"16";"0,71";"2097152";"79482";"3,79";"0";"3";"32";"0";"2"
"19.11.2015 11:50:00";"1";"0";"17";"0,78";"2097152";"71093";"3,39";"0";"3";"32";"0";"2"
"19.11.2015 11:55:00";"1";"0";"16";"0,75";"2097152";"66899";"3,19";"0";"4";"32";"0";"2"
"19.11.2015 12:00:00";"1";"0";"15";"0,71";"2097152";"75288";"3,59";"0";"3";"32";"0";"2"
"19.11.2015 12:05:00";"1";"0";"17";"0,79";"2097152";"55575";"2,65";"0";"3";"32";"0";"2"
"19.11.2015 12:10:00";"1";"0";"17";"0,76";"2097152";"63963";"3,05";"0";"3";"32";"0";"2"
"19.11.2015 12:15:00";"1";"0";"16";"0,74";"2097152";"76546";"3,65";"0";"3";"32";"0";"2"
"19.11.2015 12:20:00";"1";"0";"17";"0,8";"2097152";"71093";"3,39";"0";"3";"32";"0";"2"
"19.11.2015 12:25:00";"1";"0";"16";"0,75";"2097152";"92065";"4,39";"0";"3";"32";"0";"2"
"19.11.2015 12:30:00";"1";"0";"15";"0,71";"2097152";"62705";"2,99";"0";"3";"32";"0";"2"
"19.11.2015 12:35:00";"1";"0";"17";"0,78";"2097152";"79482";"3,79";"0";"3";"32";"0";"2"
"19.11.2015 12:40:00";"1";"0";"17";"0,76";"2097152";"66899";"3,19";"0";"4";"32";"0";"2"
"19.11.2015 12:45:00";"1";"0";"15";"0,71";"2097152";"80740";"3,85";"0";"3";"32";"0";"2"
"19.11.2015 12:50:00";"1";"0";"17";"0,8";"2097152";"111568";"5,32";"0";"3";"32";"0";"2"
"19.11.2015 12:55:00";"1";"0";"17";"0,77";"2097152";"107374";"5,12";"0";"3";"32";"0";"2"
"19.11.2015 13:00:00";"1";"0";"16";"0,71";"2097152";"96259";"4,59";"0";"3";"32";"0";"2"
"19.11.2015 13:05:00";"1";"0";"18";"0,81";"2097152";"79482";"3,79";"0";"3";"32";"0";"2"
"19.11.2015 13:10:00";"1";"0";"17";"0,75";"2097152";"50122";"2,39";"0";"3";"32";"0";"2"
"19.11.2015 13:15:00";"1";"0";"15";"0,71";"2097152";"54316";"2,59";"0";"3";"32";"0";"2"
"19.11.2015 13:20:00";"1";"0";"17";"0,78";"2097152";"66899";"3,19";"0";"3";"32";"0";"2"
"19.11.2015 13:25:00";"1";"0";"17";"0,77";"2097152";"86403";"4,12";"0";"3";"32";"0";"2"
"19.11.2015 13:30:00";"1";"0";"15";"0,7";"2097152";"108842";"5,19";"0";"3";"32";"0";"2"
"19.11.2015 13:35:00";"1";"0";"17";"0,79";"2097152";"75288";"3,59";"0";"3";"32";"0";"2"
"19.11.2015 13:40:00";"1";"0";"17";"0,77";"2097152";"37539";"1,79";"0";"3";"32";"0";"2"
"19.11.2015 13:45:00";"1";"0";"16";"0,72";"2097152";"87871";"4,19";"0";"3";"32";"0";"2"
"19.11.2015 13:50:00";"1";"0";"17";"0,78";"2097152";"104648";"4,99";"0";"3";"32";"0";"2"
"19.11.2015 13:55:00";"1";"0";"17";"0,76";"2097152";"75288";"3,59";"0";"3";"32";"0";"2"
"19.11.2015 14:00:00";"1";"0";"16";"0,72";"2097152";"50122";"2,39";"0";"3";"32";"0";"2"
"19.11.2015 14:05:00";"1";"0";"18";"0,8";"2097152";"62705";"2,99";"0";"3";"32";"0";"2"
"19.11.2015 14:10:00";"1";"0";"17";"0,78";"2097152";"57043";"2,72";"0";"3";"32";"0";"2"
"19.11.2015 14:15:00";"1";"0";"16";"0,73";"2097152";"96259";"4,59";"0";"3";"32";"0";"2"
"19.11.2015 14:20:00";"1";"0";"17";"0,79";"2097152";"100454";"4,79";"0";"3";"32";"0";"2"
"19.11.2015 14:25:00";"1";"0";"17";"0,76";"2097152";"84935";"4,05";"0";"3";"32";"0";"2"
"19.11.2015 14:30:00";"1";"0";"15";"0,71";"2097152";"71093";"3,39";"0";"3";"32";"0";"2"
"19.11.2015 14:35:00";"1";"0";"17";"0,79";"2097152";"55575";"2,65";"0";"3";"32";"0";"2"
"19.11.2015 14:40:00";"1";"0";"17";"0,76";"2097152";"71093";"3,39";"0";"3";"32";"0";"2"
"19.11.2015 14:45:00";"1";"0";"16";"0,73";"2097152";"98986";"4,72";"0";"3";"32";"0";"2"
"19.11.2015 14:50:00";"1";"0";"17";"0,8";"2097152";"82208";"3,92";"0";"3";"32";"0";"2"
"19.11.2015 14:55:00";"1";"0";"17";"0,77";"2097152";"52848";"2,52";"0";"3";"32";"0";"2"
"19.11.2015 15:00:00";"1";"0";"16";"0,71";"2097152";"59769";"2,85";"0";"3";"32";"0";"2"
"19.11.2015 15:05:00";"1";"0";"18";"0,8";"2097152";"96259";"4,59";"0";"3";"32";"0";"2"
"19.11.2015 15:10:00";"1";"0";"17";"0,77";"2097152";"97518";"4,65";"0";"3";"32";"0";"2"
"19.11.2015 15:15:00";"1";"0";"16";"0,73";"2097152";"82208";"3,92";"0";"3";"32";"0";"2"
"19.11.2015 15:20:00";"1";"0";"17";"0,77";"2097152";"51380";"2,45";"0";"3";"32";"0";"2"
"19.11.2015 15:25:00";"1";"0";"17";"0,77";"2097152";"65431";"3,12";"0";"3";"32";"0";"2"
"19.11.2015 15:30:00";"1";"0";"15";"0,71";"2097152";"82208";"3,92";"0";"3";"32";"0";"2"
"19.11.2015 15:35:00";"1";"0";"17";"0,78";"2097152";"71093";"3,39";"0";"3";"32";"0";"2"
"19.11.2015 15:40:00";"1";"0";"17";"0,77";"2097152";"68157";"3,25";"0";"3";"32";"0";"2"
"19.11.2015 15:45:00";"1";"0";"16";"0,74";"2097152";"73820";"3,52";"0";"3";"32";"0";"2"
"19.11.2015 15:50:00";"1";"0";"17";"0,78";"2097152";"79482";"3,79";"0";"3";"32";"0";"2"
"19.11.2015 15:55:00";"1";"0";"17";"0,76";"2097152";"54316";"2,59";"0";"3";"32";"0";"2"
"19.11.2015 16:00:00";"1";"0";"15";"0,71";"2097152";"72352";"3,45";"0";"3";"32";"0";"2"
"19.11.2015 16:05:00";"1";"0";"17";"0,79";"2097152";"55575";"2,65";"0";"3";"32";"0";"2"
"19.11.2015 16:10:00";"1";"0";"17";"0,76";"2097152";"45928";"2,19";"0";"3";"32";"0";"2"
"19.11.2015 16:15:00";"1";"0";"16";"0,71";"2097152";"63963";"3,05";"0";"3";"32";"0";"2"
"19.11.2015 16:20:00";"1";"0";"17";"0,78";"2097152";"80740";"3,85";"0";"3";"32";"0";"2"
"19.11.2015 16:25:00";"1";"0";"16";"0,75";"2097152";"100454";"4,79";"0";"3";"32";"0";"2"
"19.11.2015 16:30:00";"1";"0";"16";"0,71";"2097152";"105906";"5,05";"0";"3";"32";"0";"2"
"19.11.2015 16:35:00";"1";"0";"16";"0,74";"2097152";"104648";"4,99";"0";"3";"32";"0";"1"
"19.11.2015 16:40:00";"1";"0";"16";"0,76";"2097152";"86403";"4,12";"0";"3";"32";"0";"2"
"19.11.2015 16:45:00";"1";"0";"17";"0,77";"2097152";"65431";"3,12";"0";"3";"32";"0";"2"
"19.11.2015 16:50:00";"1";"0";"16";"0,75";"2097152";"73820";"3,52";"0";"3";"32";"0";"1"
"19.11.2015 16:55:00";"1";"0";"17";"0,76";"2097152";"68157";"3,25";"0";"3";"32";"0";"2"
"19.11.2015 17:00:00";"1";"0";"17";"0,78";"2097152";"63963";"3,05";"0";"3";"32";"0";"2"
"19.11.2015 17:05:00";"1";"0";"17";"0,76";"2097152";"69625";"3,32";"0";"3";"32";"0";"1"
"19.11.2015 17:10:00";"1";"0";"17";"0,76";"2097152";"76546";"3,65";"0";"3";"32";"0";"2"
"19.11.2015 17:15:00";"1";"0";"17";"0,77";"2097152";"76546";"3,65";"0";"3";"32";"0";"2"
"19.11.2015 17:20:00";"1";"0";"16";"0,73";"2097152";"84935";"4,05";"0";"3";"32";"0";"1"
"19.11.2015 17:25:00";"1";"0";"17";"0,77";"2097152";"86403";"4,12";"0";"9";"32";"0";"2"
"19.11.2015 17:30:00";"1";"0";"17";"0,79";"2097152";"92065";"4,39";"0";"3";"32";"0";"2"
"19.11.2015 17:35:00";"1";"0";"16";"0,75";"2097152";"65431";"3,12";"0";"3";"32";"0";"1"
"19.11.2015 17:40:00";"1";"0";"17";"0,79";"2097152";"66899";"3,19";"0";"3";"32";"0";"2"
"19.11.2015 17:45:00";"1";"0";"17";"0,77";"2097152";"90597";"4,32";"0";"3";"32";"0";"2"
"19.11.2015 17:50:00";"1";"0";"16";"0,73";"2097152";"61237";"2,92";"0";"3";"32";"0";"1"
"19.11.2015 17:55:00";"1";"0";"17";"0,76";"2097152";"82208";"3,92";"0";"3";"32";"0";"2"
"19.11.2015 18:00:00";"1";"0";"17";"0,77";"2097152";"58511";"2,79";"0";"3";"32";"0";"2"
"19.11.2015 18:05:00";"1";"0";"16";"0,74";"2097152";"76546";"3,65";"0";"3";"32";"0";"1"
"19.11.2015 18:10:00";"1";"0";"17";"0,76";"2097152";"90597";"4,32";"0";"3";"32";"0";"2"
"19.11.2015 18:15:00";"1";"0";"17";"0,77";"2097152";"76546";"3,65";"0";"3";"32";"0";"2"
"19.11.2015 18:20:00";"1";"0";"16";"0,73";"2097152";"65431";"3,12";"0";"3";"32";"0";"1"
"19.11.2015 18:25:00";"1";"0";"17";"0,76";"2097152";"83676";"3,99";"0";"3";"32";"0";"2"
"19.11.2015 18:30:00";"1";"0";"16";"0,76";"2097152";"73820";"3,52";"0";"3";"32";"0";"2"
"19.11.2015 18:35:00";"1";"0";"17";"0,76";"2097152";"54316";"2,59";"0";"3";"32";"0";"1"
"19.11.2015 18:40:00";"1";"0";"16";"0,75";"2097152";"66899";"3,19";"0";"3";"32";"0";"2"
"19.11.2015 18:45:00";"1";"0";"17";"0,76";"2097152";"47186";"2,25";"0";"3";"32";"0";"2"
"19.11.2015 18:50:00";"1";"0";"16";"0,73";"2097152";"69625";"3,32";"0";"3";"32";"0";"1"
"19.11.2015 18:55:00";"1";"0";"17";"0,77";"2097152";"72352";"3,45";"0";"3";"32";"0";"2"
"19.11.2015 19:00:00";"1";"0";"17";"0,76";"2097152";"98986";"4,72";"0";"3";"32";"0";"2"
"19.11.2015 19:05:00";"1";"0";"16";"0,73";"2097152";"92065";"4,39";"0";"3";"32";"0";"1"
"19.11.2015 19:10:00";"1";"0";"16";"0,76";"2097152";"83676";"3,99";"0";"3";"32";"0";"2"
"19.11.2015 19:15:00";"1";"0";"17";"0,76";"2097152";"94791";"4,52";"0";"3";"32";"0";"2"
"19.11.2015 19:20:00";"1";"0";"16";"0,75";"2097152";"72352";"3,45";"0";"3";"32";"0";"1"
"19.11.2015 19:25:00";"1";"0";"17";"0,77";"2097152";"58511";"2,79";"0";"3";"32";"0";"2"
"19.11.2015 19:30:00";"1";"0";"17";"0,76";"2097152";"72352";"3,45";"0";"3";"32";"0";"2"
"19.11.2015 19:35:00";"1";"0";"17";"0,79";"2097152";"87871";"4,19";"0";"3";"32";"0";"2"
"19.11.2015 19:40:00";"1";"0";"17";"0,79";"2097152";"83676";"3,99";"0";"3";"32";"0";"2"
"19.11.2015 19:45:00";"1";"0";"16";"0,72";"2097152";"83676";"3,99";"0";"3";"32";"0";"2"
"19.11.2015 19:50:00";"1";"0";"17";"0,77";"2097152";"83676";"3,99";"0";"3";"32";"0";"2"
"19.11.2015 19:55:00";"1";"0";"17";"0,77";"2097152";"75288";"3,59";"0";"3";"32";"0";"2"
"19.11.2015 20:00:00";"1";"0";"16";"0,72";"2097152";"82208";"3,92";"0";"3";"32";"0";"2"
"19.11.2015 20:05:00";"1";"0";"17";"0,78";"2097152";"82208";"3,92";"0";"3";"32";"0";"2"
"19.11.2015 20:10:00";"1";"0";"16";"0,75";"2097152";"57043";"2,72";"0";"3";"32";"0";"2"
"19.11.2015 20:15:00";"1";"0";"16";"0,72";"2097152";"118489";"5,65";"0";"3";"32";"0";"2"
"19.11.2015 20:20:00";"1";"0";"17";"0,78";"2097152";"93323";"4,45";"0";"3";"32";"0";"2"
"19.11.2015 20:25:00";"1";"0";"17";"0,76";"2097152";"79482";"3,79";"0";"3";"32";"0";"2"
"19.11.2015 20:30:00";"1";"0";"16";"0,72";"2097152";"69625";"3,32";"0";"3";"32";"0";"2"
"19.11.2015 20:35:00";"1";"0";"16";"0,76";"2097152";"76546";"3,65";"0";"3";"32";"0";"1"
"19.11.2015 20:40:00";"1";"0";"16";"0,75";"2097152";"41733";"1,99";"0";"3";"32";"0";"2"
"19.11.2015 20:45:00";"1";"0";"17";"0,77";"2097152";"66899";"3,19";"0";"3";"32";"0";"2"
"19.11.2015 20:50:00";"1";"0";"16";"0,73";"2097152";"50122";"2,39";"0";"3";"32";"0";"1"
"19.11.2015 20:55:00";"1";"0";"16";"0,76";"2097152";"45928";"2,19";"0";"3";"32";"0";"2"
"19.11.2015 21:00:00";"1";"0";"17";"0,76";"2097152";"45928";"2,19";"0";"3";"32";"0";"2"
"19.11.2015 21:05:00";"1";"0";"16";"0,75";"2097152";"61237";"2,92";"0";"3";"32";"0";"1"
"19.11.2015 21:10:00";"1";"0";"17";"0,76";"2097152";"68157";"3,25";"0";"3";"32";"0";"2"
"19.11.2015 21:15:00";"1";"0";"17";"0,76";"2097152";"59769";"2,85";"0";"3";"32";"0";"2"
"19.11.2015 21:20:00";"1";"0";"16";"0,75";"2097152";"51380";"2,45";"0";"3";"32";"0";"1"
"19.11.2015 21:25:00";"1";"0";"17";"0,77";"2097152";"92065";"4,39";"0";"3";"32";"0";"2"
"19.11.2015 21:30:00";"1";"0";"16";"0,76";"2097152";"101712";"4,85";"0";"3";"32";"0";"2"
"19.11.2015 21:35:00";"1";"0";"16";"0,73";"2097152";"100454";"4,79";"0";"3";"32";"0";"1"
"19.11.2015 21:40:00";"1";"0";"16";"0,75";"2097152";"101712";"4,85";"0";"3";"32";"0";"2"
"19.11.2015 21:45:00";"1";"0";"17";"0,76";"2097152";"71093";"3,39";"0";"3";"32";"0";"2"
"19.11.2015 21:50:00";"1";"0";"16";"0,75";"2097152";"72352";"3,45";"0";"3";"32";"0";"1"
"19.11.2015 21:55:00";"1";"0";"17";"0,77";"2097152";"61237";"2,92";"0";"3";"32";"0";"2"
"19.11.2015 22:00:00";"1";"0";"17";"0,76";"2097152";"96259";"4,59";"0";"3";"32";"0";"2"
"19.11.2015 22:05:00";"1";"0";"16";"0,76";"2097152";"83676";"3,99";"0";"4";"32";"0";"1"
"19.11.2015 22:10:00";"1";"0";"17";"0,78";"2097152";"69625";"3,32";"0";"3";"32";"0";"2"
"19.11.2015 22:15:00";"1";"0";"17";"0,78";"2097152";"65431";"3,12";"0";"3";"32";"0";"2"
"19.11.2015 22:20:00";"1";"0";"16";"0,76";"2097152";"72352";"3,45";"0";"3";"32";"0";"1"
"19.11.2015 22:25:00";"1";"0";"18";"0,81";"2097152";"96259";"4,59";"0";"3";"32";"0";"2"
"19.11.2015 22:30:00";"1";"0";"18";"0,82";"2097152";"117231";"5,59";"0";"3";"32";"0";"2"
"19.11.2015 22:35:00";"1";"0";"17";"0,78";"2097152";"93323";"4,45";"0";"3";"32";"0";"1"
"19.11.2015 22:40:00";"1";"0";"17";"0,79";"2097152";"83676";"3,99";"0";"3";"32";"0";"2"
"19.11.2015 22:45:00";"1";"0";"18";"0,8";"2097152";"68157";"3,25";"0";"3";"32";"0";"2"
"19.11.2015 22:50:00";"1";"0";"16";"0,72";"2097152";"66899";"3,19";"0";"3";"32";"0";"1"
"19.11.2015 22:55:00";"1";"0";"17";"0,79";"2097152";"174483";"8,32";"0";"3";"32";"0";"2"
"19.11.2015 23:00:00";"1";"0";"17";"0,76";"2097152";"111568";"5,32";"0";"3";"32";"0";"2"
"19.11.2015 23:05:00";"1";"0";"16";"0,74";"2097152";"63963";"3,05";"0";"3";"32";"0";"1"
"19.11.2015 23:10:00";"1";"0";"17";"0,77";"2097152";"72352";"3,45";"0";"3";"32";"0";"2"
"19.11.2015 23:15:00";"1";"0";"17";"0,79";"2097152";"62705";"2,99";"0";"3";"32";"0";"2"
"19.11.2015 23:20:00";"1";"0";"16";"0,75";"2097152";"71093";"3,39";"0";"3";"32";"0";"1"
"19.11.2015 23:25:00";"1";"0";"17";"0,77";"2097152";"84935";"4,05";"0";"3";"32";"0";"2"
"19.11.2015 23:30:00";"1";"0";"17";"0,77";"2097152";"54316";"2,59";"0";"3";"32";"0";"2"
"19.11.2015 23:35:00";"1";"0";"16";"0,74";"2097152";"72352";"3,45";"0";"3";"32";"0";"1"
"19.11.2015 23:40:00";"1";"0";"17";"0,8";"2097152";"83676";"3,99";"0";"3";"32";"0";"2"
"19.11.2015 23:45:00";"1";"0";"17";"0,78";"2097152";"83676";"3,99";"0";"3";"32";"0";"2"
"19.11.2015 23:50:00";"1";"0";"16";"0,74";"2097152";"51380";"2,45";"0";"3";"32";"0";"1"
"19.11.2015 23:55:00";"1";"0";"17";"0,79";"2097152";"71093";"3,39";"0";"3";"32";"0";"2"
"20.11.2015 00:00:00";"1";"0";"17";"0,79";"2097152";"69625";"3,32";"0";"4";"32";"0";"2"
"20.11.2015 00:05:00";"1";"0";"18";"0,8";"2097152";"92065";"4,39";"0";"4";"32";"0";"2"
"20.11.2015 00:10:00";"1";"0";"17";"0,77";"2097152";"78014";"3,72";"0";"3";"32";"0";"2"
"20.11.2015 00:15:00";"1";"0";"16";"0,73";"2097152";"62705";"2,99";"0";"3";"32";"0";"2"
"20.11.2015 00:20:00";"1";"0";"17";"0,8";"2097152";"73820";"3,52";"0";"3";"32";"0";"2"
"20.11.2015 00:25:00";"1";"0";"17";"0,78";"2097152";"65431";"3,12";"0";"3";"32";"0";"2"
"20.11.2015 00:30:00";"1";"0";"17";"0,75";"2097152";"86403";"4,12";"0";"3";"32";"0";"2"
"20.11.2015 00:35:00";"1";"0";"18";"0,82";"2097152";"89129";"4,25";"0";"3";"32";"0";"2"
"20.11.2015 00:40:00";"1";"0";"17";"0,76";"2097152";"71093";"3,39";"0";"3";"32";"0";"2"
"20.11.2015 00:45:00";"1";"0";"16";"0,73";"2097152";"71093";"3,39";"0";"3";"32";"0";"2"
"20.11.2015 00:50:00";"1";"0";"17";"0,8";"2097152";"63963";"3,05";"0";"3";"32";"0";"2"
"20.11.2015 00:55:00";"1";"0";"17";"0,78";"2097152";"47186";"2,25";"0";"3";"32";"0";"2"
"20.11.2015 01:00:00";"1";"0";"16";"0,72";"2097152";"51380";"2,45";"0";"3";"32";"0";"2"
"20.11.2015 01:05:00";"1";"0";"18";"0,84";"2097152";"50122";"2,39";"0";"4";"32";"0";"2"
"20.11.2015 01:10:00";"1";"0";"17";"0,77";"2097152";"65431";"3,12";"0";"3";"32";"0";"2"
"20.11.2015 01:15:00";"1";"0";"16";"0,74";"2097152";"78014";"3,72";"0";"3";"32";"0";"2"
"20.11.2015 01:20:00";"1";"0";"17";"0,8";"2097152";"57043";"2,72";"0";"3";"32";"0";"2"
"20.11.2015 01:25:00";"1";"0";"17";"0,78";"2097152";"62705";"2,99";"0";"3";"32";"0";"2"
"20.11.2015 01:30:00";"1";"0";"16";"0,73";"2097152";"71093";"3,39";"0";"3";"32";"0";"2"
"20.11.2015 01:35:00";"1";"0";"18";"0,81";"2097152";"61237";"2,92";"0";"3";"32";"0";"2"
"20.11.2015 01:40:00";"1";"0";"17";"0,77";"2097152";"48654";"2,32";"0";"3";"32";"0";"2"
"20.11.2015 01:45:00";"1";"0";"16";"0,73";"2097152";"59769";"2,85";"0";"3";"32";"0";"2"
"20.11.2015 01:50:00";"1";"0";"17";"0,79";"2097152";"61237";"2,92";"0";"3";"32";"0";"2"
"20.11.2015 01:55:00";"1";"0";"17";"0,78";"2097152";"54316";"2,59";"0";"3";"32";"0";"2"
"20.11.2015 02:00:00";"1";"0";"16";"0,74";"2097152";"86403";"4,12";"0";"3";"32";"0";"2"
"20.11.2015 02:05:00";"1";"0";"18";"0,81";"2097152";"68157";"3,25";"0";"4";"32";"0";"2"
"20.11.2015 02:10:00";"1";"0";"17";"0,76";"2097152";"72352";"3,45";"0";"3";"32";"0";"2"
"20.11.2015 02:15:00";"1";"0";"16";"0,72";"2097152";"68157";"3,25";"0";"3";"32";"0";"2"
"20.11.2015 02:20:00";"1";"0";"18";"0,81";"2097152";"55575";"2,65";"0";"3";"32";"0";"2"
"20.11.2015 02:25:00";"1";"0";"17";"0,77";"2097152";"121425";"5,79";"0";"3";"32";"0";"2"
"20.11.2015 02:30:00";"1";"0";"16";"0,72";"2097152";"78014";"3,72";"0";"3";"32";"0";"2"
"20.11.2015 02:35:00";"1";"0";"18";"0,8";"2097152";"83676";"3,99";"0";"4";"32";"0";"2"
"20.11.2015 02:40:00";"1";"0";"17";"0,77";"2097152";"65431";"3,12";"0";"3";"32";"0";"2"
"20.11.2015 02:45:00";"1";"0";"16";"0,74";"2097152";"45928";"2,19";"0";"3";"32";"0";"2"
"20.11.2015 02:50:00";"1";"0";"17";"0,8";"2097152";"87871";"4,19";"0";"3";"32";"0";"2"
"20.11.2015 02:55:00";"1";"0";"17";"0,76";"2097152";"66899";"3,19";"0";"3";"32";"0";"2"
"20.11.2015 03:00:00";"1";"0";"16";"0,73";"2097152";"71093";"3,39";"0";"3";"32";"0";"2"
"20.11.2015 03:05:00";"1";"0";"18";"0,81";"2097152";"66899";"3,19";"0";"4";"32";"0";"2"
"20.11.2015 03:10:00";"1";"0";"17";"0,77";"2097152";"68157";"3,25";"0";"3";"32";"0";"2"
"20.11.2015 03:15:00";"1";"0";"16";"0,74";"2097152";"103180";"4,92";"0";"3";"32";"0";"2"
"20.11.2015 03:20:00";"1";"0";"18";"0,81";"2097152";"58511";"2,79";"0";"3";"32";"0";"2"
"20.11.2015 03:25:00";"1";"0";"17";"0,79";"2097152";"83676";"3,99";"0";"3";"32";"0";"2"
"20.11.2015 03:30:00";"1";"0";"17";"0,77";"2097152";"61237";"2,92";"0";"3";"32";"0";"2"
"20.11.2015 03:35:00";"1";"0";"18";"0,81";"2097152";"68157";"3,25";"0";"3";"32";"0";"2"
"20.11.2015 03:40:00";"1";"0";"17";"0,78";"2097152";"104648";"4,99";"0";"3";"32";"0";"2"
"20.11.2015 03:45:00";"1";"0";"16";"0,74";"2097152";"107374";"5,12";"0";"3";"32";"0";"2"
"20.11.2015 03:50:00";"1";"0";"21";"0,94";"2097152";"124151";"5,92";"0";"30";"32";"0";"2"
"20.11.2015 03:55:00";"1";"0";"17";"0,78";"2097152";"90597";"4,32";"0";"3";"32";"0";"2"
"20.11.2015 04:00:00";"1";"0";"16";"0,73";"2097152";"71093";"3,39";"0";"3";"32";"0";"2"
"20.11.2015 04:05:00";"1";"0";"17";"0,8";"2097152";"68157";"3,25";"0";"3";"32";"0";"2"
"20.11.2015 04:10:00";"1";"0";"17";"0,77";"2097152";"78014";"3,72";"0";"3";"32";"0";"2"
"20.11.2015 04:15:00";"1";"0";"16";"0,73";"2097152";"84935";"4,05";"0";"3";"32";"0";"2"
"20.11.2015 04:20:00";"1";"0";"17";"0,8";"2097152";"75288";"3,59";"0";"3";"32";"0";"2"
"20.11.2015 04:25:00";"1";"0";"17";"0,77";"2097152";"58511";"2,79";"0";"3";"32";"0";"2"
"20.11.2015 04:30:00";"1";"0";"16";"0,73";"2097152";"54316";"2,59";"0";"3";"32";"0";"2"
"20.11.2015 04:35:00";"1";"0";"18";"0,8";"2097152";"92065";"4,39";"0";"3";"32";"0";"2"
"20.11.2015 04:40:00";"1";"0";"17";"0,79";"2097152";"86403";"4,12";"0";"3";"32";"0";"2"
"20.11.2015 04:45:00";"1";"0";"16";"0,74";"2097152";"108842";"5,19";"0";"3";"32";"0";"2"
"20.11.2015 04:50:00";"1";"0";"18";"0,81";"2097152";"76546";"3,65";"0";"3";"32";"0";"2"
"20.11.2015 04:55:00";"1";"0";"17";"0,78";"2097152";"52848";"2,52";"0";"3";"32";"0";"2"
"20.11.2015 05:00:00";"1";"0";"16";"0,74";"2097152";"68157";"3,25";"0";"3";"32";"0";"2"
"20.11.2015 05:05:00";"1";"0";"18";"0,82";"2097152";"94791";"4,52";"0";"4";"32";"0";"2"
"20.11.2015 05:10:00";"1";"0";"17";"0,76";"2097152";"79482";"3,79";"0";"3";"32";"0";"2"
"20.11.2015 05:15:00";"1";"0";"16";"0,74";"2097152";"69625";"3,32";"0";"3";"32";"0";"2"
"20.11.2015 05:20:00";"1";"0";"17";"0,79";"2097152";"62705";"2,99";"0";"3";"32";"0";"2"
"20.11.2015 05:25:00";"1";"0";"17";"0,77";"2097152";"79482";"3,79";"0";"3";"32";"0";"2"
"20.11.2015 05:30:00";"1";"0";"16";"0,73";"2097152";"62705";"2,99";"0";"3";"32";"0";"2"
"20.11.2015 05:35:00";"1";"0";"18";"0,81";"2097152";"51380";"2,45";"0";"3";"32";"0";"2"
"20.11.2015 05:40:00";"1";"0";"17";"0,78";"2097152";"58511";"2,79";"0";"3";"32";"0";"2"
"20.11.2015 05:45:00";"1";"0";"16";"0,74";"2097152";"62705";"2,99";"0";"3";"32";"0";"2"
"20.11.2015 05:50:00";"1";"0";"18";"0,8";"2097152";"72352";"3,45";"0";"3";"32";"0";"2"
"20.11.2015 05:55:00";"1";"0";"17";"0,78";"2097152";"76546";"3,65";"0";"3";"32";"0";"2"
"20.11.2015 06:00:00";"1";"0";"16";"0,72";"2097152";"68157";"3,25";"0";"3";"32";"0";"2"
"20.11.2015 06:05:00";"1";"0";"17";"0,8";"2097152";"93323";"4,45";"0";"4";"32";"0";"2"
"20.11.2015 06:10:00";"1";"0";"17";"0,78";"2097152";"87871";"4,19";"0";"3";"32";"0";"2"
"20.11.2015 06:15:00";"1";"0";"16";"0,73";"2097152";"65431";"3,12";"0";"3";"32";"0";"2"
"20.11.2015 06:20:00";"1";"0";"17";"0,79";"2097152";"75288";"3,59";"0";"3";"32";"0";"2"
"20.11.2015 06:25:00";"1";"0";"17";"0,8";"2097152";"61237";"2,92";"0";"3";"32";"0";"2"
"20.11.2015 06:30:00";"1";"0";"16";"0,72";"2097152";"68157";"3,25";"0";"3";"32";"0";"2"
"20.11.2015 06:35:00";"1";"0";"17";"0,79";"2097152";"105906";"5,05";"0";"3";"32";"0";"2"
"20.11.2015 06:40:00";"1";"0";"17";"0,78";"2097152";"80740";"3,85";"0";"3";"32";"0";"2"
"20.11.2015 06:45:00";"1";"0";"16";"0,76";"2097152";"90597";"4,32";"0";"3";"32";"0";"2"
"20.11.2015 06:50:00";"1";"0";"17";"0,8";"2097152";"79482";"3,79";"0";"3";"32";"0";"2"
"20.11.2015 06:55:00";"1";"0";"17";"0,78";"2097152";"50122";"2,39";"0";"3";"32";"0";"2"
"20.11.2015 07:00:00";"1";"0";"16";"0,74";"2097152";"47186";"2,25";"0";"3";"32";"0";"2"
"20.11.2015 07:05:00";"1";"0";"18";"0,81";"2097152";"47186";"2,25";"0";"3";"32";"0";"2"
"20.11.2015 07:10:00";"1";"0";"17";"0,78";"2097152";"59769";"2,85";"0";"3";"32";"0";"2"
"20.11.2015 07:15:00";"1";"0";"16";"0,73";"2097152";"54316";"2,59";"0";"3";"32";"0";"2"
"20.11.2015 07:20:00";"1";"0";"18";"0,83";"2097152";"65431";"3,12";"0";"3";"32";"0";"2"
"20.11.2015 07:25:00";"1";"0";"17";"0,78";"2097152";"79482";"3,79";"0";"3";"32";"0";"2"
"20.11.2015 07:30:00";"1";"0";"16";"0,73";"2097152";"87871";"4,19";"0";"3";"32";"0";"2"
"20.11.2015 07:35:00";"1";"0";"17";"0,8";"2097152";"92065";"4,39";"0";"3";"32";"0";"2"
"20.11.2015 07:40:00";"1";"0";"17";"0,77";"2097152";"59769";"2,85";"0";"3";"32";"0";"2"
"20.11.2015 07:45:00";"1";"0";"16";"0,73";"2097152";"76546";"3,65";"0";"3";"32";"0";"2"
"20.11.2015 07:50:00";"1";"0";"17";"0,79";"2097152";"68157";"3,25";"0";"3";"32";"0";"2"
"20.11.2015 07:55:00";"1";"0";"17";"0,77";"2097152";"71093";"3,39";"0";"3";"32";"0";"2"
"20.11.2015 08:00:00";"1";"0";"16";"0,73";"2097152";"97518";"4,65";"0";"3";"32";"0";"2"
"20.11.2015 08:05:00";"1";"0";"17";"0,79";"2097152";"104648";"4,99";"0";"4";"32";"0";"2"
"20.11.2015 08:10:00";"1";"0";"17";"0,77";"2097152";"63963";"3,05";"0";"3";"32";"0";"2"
"20.11.2015 08:15:00";"1";"0";"16";"0,72";"2097152";"58511";"2,79";"0";"3";"32";"0";"2"
"20.11.2015 08:20:00";"1";"0";"17";"0,79";"2097152";"65431";"3,12";"0";"3";"32";"0";"2"
"20.11.2015 08:25:00";"1";"0";"17";"0,79";"2097152";"108842";"5,19";"0";"3";"32";"0";"2"
"20.11.2015 08:30:00";"1";"0";"16";"0,75";"2097152";"75288";"3,59";"0";"3";"32";"0";"2"
"20.11.2015 08:35:00";"1";"0";"18";"0,82";"2097152";"75288";"3,59";"0";"3";"32";"0";"2"
"20.11.2015 08:40:00";"1";"0";"17";"0,79";"2097152";"80740";"3,85";"0";"3";"32";"0";"2"
"20.11.2015 08:45:00";"1";"0";"16";"0,74";"2097152";"66899";"3,19";"0";"3";"32";"0";"2"
"20.11.2015 08:50:00";"1";"0";"17";"0,79";"2097152";"84935";"4,05";"0";"3";"32";"0";"2"
"20.11.2015 08:55:00";"1";"0";"17";"0,76";"2097152";"87871";"4,19";"0";"3";"32";"0";"2"
"20.11.2015 09:00:00";"1";"0";"16";"0,73";"2097152";"79482";"3,79";"0";"3";"32";"0";"2"
"20.11.2015 09:05:00";"1";"0";"18";"0,81";"2097152";"72352";"3,45";"0";"4";"32";"0";"2"
"20.11.2015 09:10:00";"1";"0";"17";"0,77";"2097152";"45928";"2,19";"0";"3";"32";"0";"2"
"20.11.2015 09:15:00";"1";"0";"16";"0,76";"2097152";"57043";"2,72";"0";"4";"32";"0";"2"
"20.11.2015 09:20:00";"1";"0";"17";"0,79";"2097152";"66899";"3,19";"0";"3";"32";"0";"2"
"20.11.2015 09:25:00";"1";"0";"17";"0,77";"2097152";"58511";"2,79";"0";"3";"32";"0";"2"
"20.11.2015 09:30:00";"1";"0";"16";"0,74";"2097152";"63963";"3,05";"0";"3";"32";"0";"2"
"20.11.2015 09:35:00";"1";"0";"18";"0,81";"2097152";"57043";"2,72";"0";"3";"32";"0";"2"
"20.11.2015 09:40:00";"1";"0";"17";"0,79";"2097152";"83676";"3,99";"0";"3";"32";"0";"2"
"20.11.2015 09:45:00";"1";"0";"16";"0,74";"2097152";"83676";"3,99";"0";"3";"32";"0";"2"
"20.11.2015 09:50:00";"1";"0";"18";"0,81";"2097152";"52848";"2,52";"0";"3";"32";"0";"2"
"20.11.2015 09:55:00";"1";"0";"17";"0,77";"2097152";"66899";"3,19";"0";"3";"32";"0";"2"
"20.11.2015 10:00:00";"1";"0";"16";"0,73";"2097152";"69625";"3,32";"0";"3";"32";"0";"2"
"20.11.2015 10:05:00";"1";"0";"18";"0,81";"2097152";"71093";"3,39";"0";"3";"32";"0";"2"
"20.11.2015 10:10:00";"1";"0";"17";"0,77";"2097152";"82208";"3,92";"0";"3";"32";"0";"2"
"20.11.2015 10:15:00";"1";"0";"16";"0,73";"2097152";"93323";"4,45";"0";"3";"32";"0";"2"
"20.11.2015 10:20:00";"1";"0";"17";"0,8";"2097152";"101712";"4,85";"0";"3";"32";"0";"2"
"20.11.2015 10:25:00";"1";"0";"17";"0,77";"2097152";"65431";"3,12";"0";"3";"32";"0";"2"
"20.11.2015 10:30:00";"1";"0";"16";"0,73";"2097152";"58511";"2,79";"0";"3";"32";"0";"2"
"20.11.2015 10:35:00";"1";"0";"17";"0,79";"2097152";"52848";"2,52";"0";"3";"32";"0";"2"
"20.11.2015 10:40:00";"1";"0";"17";"0,77";"2097152";"103180";"4,92";"0";"3";"32";"0";"2"
"20.11.2015 10:45:00";"1";"0";"16";"0,73";"2097152";"94791";"4,52";"0";"4";"32";"0";"2"
"20.11.2015 10:50:00";"1";"0";"17";"0,79";"2097152";"66899";"3,19";"0";"3";"32";"0";"2"
"20.11.2015 10:55:00";"1";"0";"17";"0,77";"2097152";"55575";"2,65";"0";"3";"32";"0";"2"
"20.11.2015 11:00:00";"1";"0";"16";"0,73";"2097152";"104648";"4,99";"0";"3";"32";"0";"2"
"20.11.2015 11:05:00";"1";"0";"16";"0,75";"2097152";"80740";"3,85";"0";"4";"32";"0";"1"
"20.11.2015 11:10:00";"1";"0";"17";"0,77";"2097152";"45928";"2,19";"0";"3";"32";"0";"2"
"20.11.2015 11:15:00";"1";"0";"17";"0,79";"2097152";"61237";"2,92";"0";"3";"32";"0";"2"
"20.11.2015 11:20:00";"1";"0";"17";"0,77";"2097152";"69625";"3,32";"0";"3";"32";"0";"1"
"20.11.2015 11:25:00";"1";"0";"17";"0,78";"2097152";"71093";"3,39";"0";"3";"32";"0";"2"
"20.11.2015 11:30:00";"1";"0";"17";"0,78";"2097152";"52848";"2,52";"0";"3";"32";"0";"2"
"20.11.2015 11:35:00";"1";"0";"16";"0,75";"2097152";"73820";"3,52";"0";"3";"32";"0";"1"
"20.11.2015 11:40:00";"1";"0";"18";"0,81";"2097152";"79482";"3,79";"0";"3";"32";"0";"2"
"20.11.2015 11:45:00";"1";"0";"17";"0,79";"2097152";"131072";"6,25";"0";"4";"32";"0";"2"
"20.11.2015 11:50:00";"1";"0";"16";"0,75";"2097152";"76546";"3,65";"0";"3";"32";"0";"1"
"20.11.2015 11:55:00";"1";"0";"17";"0,77";"2097152";"90597";"4,32";"0";"4";"32";"0";"2"
"20.11.2015 12:00:00";"1";"0";"17";"0,79";"2097152";"80740";"3,85";"0";"3";"32";"0";"2"
"20.11.2015 12:05:00";"1";"0";"17";"0,75";"2097152";"80740";"3,85";"0";"3";"32";"0";"1"
"20.11.2015 12:10:00";"1";"0";"17";"0,77";"2097152";"69625";"3,32";"0";"3";"32";"0";"2"
"20.11.2015 12:15:00";"1";"0";"17";"0,78";"2097152";"59769";"2,85";"0";"3";"32";"0";"2"
"20.11.2015 12:20:00";"1";"0";"16";"0,74";"2097152";"73820";"3,52";"0";"3";"32";"0";"1"
"20.11.2015 12:25:00";"1";"0";"17";"0,78";"2097152";"66899";"3,19";"0";"3";"32";"0";"2"
"20.11.2015 12:30:00";"1";"0";"17";"0,8";"2097152";"65431";"3,12";"0";"3";"32";"0";"2"
"20.11.2015 12:35:00";"1";"0";"17";"0,77";"2097152";"83676";"3,99";"0";"4";"32";"0";"1"
"20.11.2015 12:40:00";"1";"0";"17";"0,77";"2097152";"92065";"4,39";"0";"3";"32";"0";"2"
"20.11.2015 12:45:00";"1";"0";"17";"0,79";"2097152";"78014";"3,72";"0";"3";"32";"0";"2"
"20.11.2015 12:50:00";"1";"0";"17";"0,76";"2097152";"83676";"3,99";"0";"3";"32";"0";"1"
"20.11.2015 12:55:00";"1";"0";"17";"0,78";"2097152";"69625";"3,32";"0";"3";"32";"0";"2"
"20.11.2015 13:00:00";"1";"0";"18";"0,8";"2097152";"73820";"3,52";"0";"3";"32";"0";"2"
"20.11.2015 13:05:00";"1";"0";"16";"0,75";"2097152";"69625";"3,32";"0";"4";"32";"0";"1"
"20.11.2015 13:10:00";"1";"0";"17";"0,76";"2097152";"79482";"3,79";"0";"3";"32";"0";"2"
"20.11.2015 13:15:00";"1";"0";"16";"0,75";"2097152";"101712";"4,85";"0";"3";"32";"0";"2"
"20.11.2015 13:20:00";"1";"0";"16";"0,75";"2097152";"83676";"3,99";"0";"3";"32";"0";"1"
"20.11.2015 13:25:00";"1";"0";"17";"0,79";"2097152";"69625";"3,32";"0";"3";"32";"0";"2"
"20.11.2015 13:30:00";"1";"0";"17";"0,78";"2097152";"69625";"3,32";"0";"3";"32";"0";"2"
"20.11.2015 13:35:00";"1";"0";"18";"0,81";"2097152";"73820";"3,52";"0";"4";"32";"0";"2"
"20.11.2015 13:40:00";"1";"0";"17";"0,79";"2097152";"75288";"3,59";"0";"3";"32";"0";"2"
"20.11.2015 13:45:00";"1";"0";"16";"0,73";"2097152";"72352";"3,45";"0";"3";"32";"0";"2"
"20.11.2015 13:50:00";"1";"0";"17";"0,8";"2097152";"75288";"3,59";"0";"3";"32";"0";"2"
"20.11.2015 13:55:00";"1";"0";"17";"0,78";"2097152";"75288";"3,59";"0";"3";"32";"0";"2"
"20.11.2015 14:00:00";"1";"0";"16";"0,73";"2097152";"79482";"3,79";"0";"3";"32";"0";"2"
"20.11.2015 14:05:00";"1";"0";"17";"0,8";"2097152";"98986";"4,72";"0";"4";"32";"0";"2"
"20.11.2015 14:10:00";"1";"0";"17";"0,76";"2097152";"117231";"5,59";"0";"3";"32";"0";"2"
"20.11.2015 14:15:00";"1";"0";"16";"0,73";"2097152";"65431";"3,12";"0";"3";"32";"0";"2"
"20.11.2015 14:20:00";"1";"0";"18";"0,81";"2097152";"108842";"5,19";"0";"3";"32";"0";"2"
"20.11.2015 14:25:00";"1";"0";"17";"0,77";"2097152";"68157";"3,25";"0";"3";"32";"0";"2"
"20.11.2015 14:30:00";"1";"0";"16";"0,73";"2097152";"66899";"3,19";"0";"3";"32";"0";"2"
"20.11.2015 14:35:00";"1";"0";"16";"0,74";"2097152";"97518";"4,65";"0";"3";"32";"0";"1"
"20.11.2015 14:40:00";"1";"0";"16";"0,76";"2097152";"94791";"4,52";"0";"3";"32";"0";"2"
"20.11.2015 14:45:00";"1";"0";"17";"0,79";"2097152";"71093";"3,39";"0";"3";"32";"0";"2"
"20.11.2015 14:50:00";"1";"0";"16";"0,75";"2097152";"92065";"4,39";"0";"3";"32";"0";"1"
"20.11.2015 14:55:00";"1";"0";"17";"0,77";"2097152";"78014";"3,72";"0";"4";"32";"0";"2"
"20.11.2015 15:00:00";"1";"0";"17";"0,78";"2097152";"69625";"3,32";"0";"3";"32";"0";"2"
"20.11.2015 15:05:00";"1";"0";"17";"0,76";"2097152";"89129";"4,25";"0";"4";"32";"0";"1"
"20.11.2015 15:10:00";"1";"0";"18";"0,81";"2097152";"76546";"3,65";"0";"3";"32";"0";"2"
"20.11.2015 15:15:00";"1";"0";"17";"0,8";"2097152";"65431";"3,12";"0";"3";"32";"0";"2"
"20.11.2015 15:20:00";"1";"0";"16";"0,74";"2097152";"76546";"3,65";"0";"3";"32";"0";"1"
"20.11.2015 15:25:00";"1";"0";"17";"0,77";"2097152";"79482";"3,79";"0";"3";"32";"0";"2"
"20.11.2015 15:30:00";"1";"0";"17";"0,79";"2097152";"110100";"5,25";"0";"3";"32";"0";"2"
"20.11.2015 15:35:00";"1";"0";"17";"0,76";"2097152";"82208";"3,92";"0";"3";"32";"0";"1"
"20.11.2015 15:40:00";"1";"0";"17";"0,78";"2097152";"84935";"4,05";"0";"3";"32";"0";"2"
"20.11.2015 15:45:00";"1";"0";"18";"0,81";"2097152";"101712";"4,85";"0";"3";"32";"0";"2"
"20.11.2015 15:50:00";"1";"0";"16";"0,75";"2097152";"107374";"5,12";"0";"3";"32";"0";"1"
"20.11.2015 15:55:00";"1";"0";"17";"0,78";"2097152";"71093";"3,39";"0";"3";"32";"0";"2"
"20.11.2015 16:00:00";"1";"0";"17";"0,78";"2097152";"47186";"2,25";"0";"3";"32";"0";"2"
"20.11.2015 16:05:00";"1";"0";"16";"0,75";"2097152";"76546";"3,65";"0";"3";"32";"0";"1"
"20.11.2015 16:10:00";"1";"0";"17";"0,79";"2097152";"92065";"4,39";"0";"3";"32";"0";"2"
"20.11.2015 16:15:00";"1";"0";"18";"0,82";"2097152";"98986";"4,72";"0";"3";"32";"0";"2"
"20.11.2015 16:20:00";"1";"0";"16";"0,74";"2097152";"73820";"3,52";"0";"3";"32";"0";"1"
"20.11.2015 16:25:00";"1";"0";"17";"0,78";"2097152";"29150";"1,39";"0";"3";"32";"0";"2"
"20.11.2015 16:30:00";"1";"0";"18";"0,8";"2097152";"78014";"3,72";"0";"3";"32";"0";"2"
"20.11.2015 16:35:00";"1";"0";"16";"0,75";"2097152";"110100";"5,25";"0";"3";"32";"0";"1"
"20.11.2015 16:40:00";"1";"0";"17";"0,77";"2097152";"94791";"4,52";"0";"3";"32";"0";"2"
"20.11.2015 16:45:00";"1";"0";"17";"0,8";"2097152";"40265";"1,92";"0";"3";"32";"0";"2"
"20.11.2015 16:50:00";"1";"0";"17";"0,77";"2097152";"38797";"1,85";"0";"3";"32";"0";"1"
"20.11.2015 16:55:00";"1";"0";"17";"0,78";"2097152";"42992";"2,05";"0";"3";"32";"0";"2"
"20.11.2015 17:00:00";"1";"0";"17";"0,79";"2097152";"79482";"3,79";"0";"3";"32";"0";"2"
"20.11.2015 17:05:00";"1";"0";"17";"0,77";"2097152";"59769";"2,85";"0";"4";"32";"0";"1"
"20.11.2015 17:10:00";"1";"0";"17";"0,79";"2097152";"59769";"2,85";"0";"3";"32";"0";"2"
"20.11.2015 17:15:00";"1";"0";"17";"0,8";"2097152";"73820";"3,52";"0";"3";"32";"0";"2"
"20.11.2015 17:20:00";"1";"0";"16";"0,74";"2097152";"68157";"3,25";"0";"3";"32";"0";"1"
"20.11.2015 17:25:00";"1";"0";"17";"0,78";"2097152";"62705";"2,99";"0";"3";"32";"0";"2"
"20.11.2015 17:30:00";"1";"0";"17";"0,78";"2097152";"108842";"5,19";"0";"3";"32";"0";"2"
"20.11.2015 17:35:00";"1";"0";"16";"0,76";"2097152";"84935";"4,05";"0";"3";"32";"0";"1"
"20.11.2015 17:40:00";"1";"0";"17";"0,79";"2097152";"101712";"4,85";"0";"3";"32";"0";"2"
"20.11.2015 17:45:00";"1";"0";"17";"0,8";"2097152";"83676";"3,99";"0";"3";"32";"0";"2"
"20.11.2015 17:50:00";"1";"0";"16";"0,75";"2097152";"68157";"3,25";"0";"3";"32";"0";"1"
"20.11.2015 17:55:00";"1";"0";"17";"0,77";"2097152";"80740";"3,85";"0";"3";"32";"0";"2"
"20.11.2015 18:00:00";"1";"0";"17";"0,77";"2097152";"82208";"3,92";"0";"3";"32";"0";"2"
"20.11.2015 18:05:00";"1";"0";"16";"0,75";"2097152";"86403";"4,12";"0";"4";"32";"0";"1"
"20.11.2015 18:10:00";"1";"0";"17";"0,76";"2097152";"76546";"3,65";"0";"3";"32";"0";"2"
"20.11.2015 18:15:00";"1";"0";"17";"0,79";"2097152";"94791";"4,52";"0";"3";"32";"0";"2"
"20.11.2015 18:20:00";"1";"0";"16";"0,75";"2097152";"62705";"2,99";"0";"3";"32";"0";"1"
"20.11.2015 18:25:00";"1";"0";"17";"0,77";"2097152";"72352";"3,45";"0";"3";"32";"0";"2"
"20.11.2015 18:30:00";"1";"0";"17";"0,78";"2097152";"86403";"4,12";"0";"3";"32";"0";"2"
"20.11.2015 18:35:00";"1";"0";"16";"0,75";"2097152";"104648";"4,99";"0";"3";"32";"0";"1"
"20.11.2015 18:40:00";"1";"0";"17";"0,77";"2097152";"100454";"4,79";"0";"3";"32";"0";"2"
"20.11.2015 18:45:00";"1";"0";"17";"0,79";"2097152";"51380";"2,45";"0";"3";"32";"0";"2"
"20.11.2015 18:50:00";"1";"0";"16";"0,74";"2097152";"58511";"2,79";"0";"3";"32";"0";"1"
"20.11.2015 18:55:00";"1";"0";"17";"0,79";"2097152";"73820";"3,52";"0";"3";"32";"0";"2"
"20.11.2015 19:00:00";"1";"0";"17";"0,78";"2097152";"65431";"3,12";"0";"3";"32";"0";"2"
"20.11.2015 19:05:00";"1";"0";"17";"0,78";"2097152";"63963";"3,05";"0";"4";"32";"0";"1"
"20.11.2015 19:10:00";"1";"0";"17";"0,78";"2097152";"58511";"2,79";"0";"3";"32";"0";"2"
"20.11.2015 19:15:00";"1";"0";"18";"0,8";"2097152";"84935";"4,05";"0";"4";"32";"0";"2"
"20.11.2015 19:20:00";"1";"0";"16";"0,75";"2097152";"86403";"4,12";"0";"3";"32";"0";"1"
"20.11.2015 19:25:00";"1";"0";"17";"0,79";"2097152";"69625";"3,32";"0";"3";"32";"0";"2"
"20.11.2015 19:30:00";"1";"0";"17";"0,8";"2097152";"68157";"3,25";"0";"3";"32";"0";"2"
"20.11.2015 19:35:00";"1";"0";"17";"0,76";"2097152";"89129";"4,25";"0";"3";"32";"0";"1"
"20.11.2015 19:40:00";"1";"0";"17";"0,78";"2097152";"113036";"5,39";"0";"3";"32";"0";"2"
"20.11.2015 19:45:00";"1";"0";"17";"0,78";"2097152";"93323";"4,45";"0";"3";"32";"0";"2"
"20.11.2015 19:50:00";"1";"0";"16";"0,75";"2097152";"68157";"3,25";"0";"3";"32";"0";"1"
"20.11.2015 19:55:00";"1";"0";"17";"0,77";"2097152";"111568";"5,32";"0";"3";"32";"0";"2"
"20.11.2015 20:00:00";"1";"0";"17";"0,8";"2097152";"83676";"3,99";"0";"3";"32";"0";"2"
"20.11.2015 20:05:00";"1";"0";"17";"0,76";"2097152";"76546";"3,65";"0";"3";"32";"0";"1"
"20.11.2015 20:10:00";"1";"0";"17";"0,79";"2097152";"59769";"2,85";"0";"3";"32";"0";"2"
"20.11.2015 20:15:00";"1";"0";"18";"0,8";"2097152";"80740";"3,85";"0";"3";"32";"0";"2"
"20.11.2015 20:20:00";"1";"0";"17";"0,77";"2097152";"86403";"4,12";"0";"3";"32";"0";"1"
"20.11.2015 20:25:00";"1";"0";"17";"0,77";"2097152";"54316";"2,59";"0";"3";"32";"0";"2"
"20.11.2015 20:30:00";"1";"0";"17";"0,8";"2097152";"59769";"2,85";"0";"3";"32";"0";"2"
"20.11.2015 20:35:00";"1";"0";"17";"0,76";"2097152";"61237";"2,92";"0";"3";"32";"0";"1"
"20.11.2015 20:40:00";"1";"0";"17";"0,78";"2097152";"79482";"3,79";"0";"3";"32";"0";"2"
"20.11.2015 20:45:00";"1";"0";"17";"0,79";"2097152";"86403";"4,12";"0";"3";"32";"0";"2"
"20.11.2015 20:50:00";"1";"0";"16";"0,74";"2097152";"62705";"2,99";"0";"3";"32";"0";"1"
"20.11.2015 20:55:00";"1";"0";"17";"0,77";"2097152";"54316";"2,59";"0";"4";"32";"0";"2"
"20.11.2015 21:00:00";"1";"0";"18";"0,81";"2097152";"73820";"3,52";"0";"3";"32";"0";"2"
"20.11.2015 21:05:00";"1";"0";"16";"0,75";"2097152";"71093";"3,39";"0";"3";"32";"0";"1"
"20.11.2015 21:10:00";"1";"0";"17";"0,78";"2097152";"94791";"4,52";"0";"3";"32";"0";"2"
"20.11.2015 21:15:00";"1";"0";"18";"0,81";"2097152";"89129";"4,25";"0";"3";"32";"0";"2"
"20.11.2015 21:20:00";"1";"0";"16";"0,74";"2097152";"79482";"3,79";"0";"3";"32";"0";"1"
"20.11.2015 21:25:00";"1";"0";"17";"0,77";"2097152";"61237";"2,92";"0";"3";"32";"0";"2"
"20.11.2015 21:30:00";"1";"0";"17";"0,79";"2097152";"58511";"2,79";"0";"3";"32";"0";"2"
"20.11.2015 21:35:00";"1";"0";"16";"0,74";"2097152";"94791";"4,52";"0";"4";"32";"0";"1"
"20.11.2015 21:40:00";"1";"0";"17";"0,77";"2097152";"87871";"4,19";"0";"3";"32";"0";"2"
"20.11.2015 21:45:00";"1";"0";"17";"0,79";"2097152";"96259";"4,59";"0";"3";"32";"0";"2"
"20.11.2015 21:50:00";"1";"0";"16";"0,74";"2097152";"84935";"4,05";"0";"3";"32";"0";"1"
"20.11.2015 21:55:00";"1";"0";"17";"0,77";"2097152";"83676";"3,99";"0";"3";"32";"0";"2"
"20.11.2015 22:00:00";"1";"0";"17";"0,79";"2097152";"58511";"2,79";"0";"3";"32";"0";"2"
"20.11.2015 22:05:00";"1";"0";"17";"0,77";"2097152";"59769";"2,85";"0";"3";"32";"0";"1"
"20.11.2015 22:10:00";"1";"0";"17";"0,79";"2097152";"62705";"2,99";"0";"3";"32";"0";"2"
"20.11.2015 22:15:00";"1";"0";"18";"0,83";"2097152";"62705";"2,99";"0";"3";"32";"0";"2"
"20.11.2015 22:20:00";"1";"0";"17";"0,79";"2097152";"83676";"3,99";"0";"3";"32";"0";"1"
"20.11.2015 22:25:00";"1";"0";"18";"0,81";"2097152";"75288";"3,59";"0";"3";"32";"0";"2"
"20.11.2015 22:30:00";"1";"0";"18";"0,82";"2097152";"62705";"2,99";"0";"3";"32";"0";"2"
"20.11.2015 22:35:00";"1";"0";"17";"0,78";"2097152";"66899";"3,19";"0";"3";"32";"0";"1"
"20.11.2015 22:40:00";"1";"0";"18";"0,84";"2097152";"37539";"1,79";"0";"3";"32";"0";"2"
"20.11.2015 22:45:00";"1";"0";"17";"0,8";"2097152";"71093";"3,39";"0";"3";"32";"0";"2"
"20.11.2015 22:50:00";"1";"0";"16";"0,74";"2097152";"69625";"3,32";"0";"3";"32";"0";"1"
"20.11.2015 22:55:00";"1";"0";"17";"0,77";"2097152";"62705";"2,99";"0";"3";"32";"0";"2"
"20.11.2015 23:00:00";"1";"0";"17";"0,77";"2097152";"66899";"3,19";"0";"3";"32";"0";"2"
"20.11.2015 23:05:00";"1";"0";"17";"0,8";"2097152";"104648";"4,99";"0";"3";"32";"0";"2"
"20.11.2015 23:10:00";"1";"0";"16";"0,76";"2097152";"103180";"4,92";"0";"3";"32";"0";"2"
"20.11.2015 23:15:00";"1";"0";"16";"0,74";"2097152";"83676";"3,99";"0";"3";"32";"0";"2"
"20.11.2015 23:20:00";"1";"0";"17";"0,79";"2097152";"78014";"3,72";"0";"3";"32";"0";"2"
"20.11.2015 23:25:00";"1";"0";"16";"0,76";"2097152";"44460";"2,12";"0";"4";"32";"0";"2"
"20.11.2015 23:30:00";"1";"0";"16";"0,73";"2097152";"66899";"3,19";"0";"3";"32";"0";"2"
"20.11.2015 23:35:00";"1";"0";"17";"0,79";"2097152";"76546";"3,65";"0";"3";"32";"0";"2"
"20.11.2015 23:40:00";"1";"0";"17";"0,76";"2097152";"72352";"3,45";"0";"3";"32";"0";"2"
"20.11.2015 23:45:00";"1";"0";"16";"0,73";"2097152";"61237";"2,92";"0";"3";"32";"0";"2"
"20.11.2015 23:50:00";"1";"0";"18";"0,82";"2097152";"84935";"4,05";"0";"6";"32";"0";"2"
"20.11.2015 23:55:00";"1";"0";"17";"0,78";"2097152";"62705";"2,99";"0";"3";"32";"0";"2"
"21.11.2015 00:00:00";"1";"0";"16";"0,73";"2097152";"68157";"3,25";"0";"4";"32";"0";"2"
"21.11.2015 00:05:00";"1";"0";"18";"0,81";"2097152";"75288";"3,59";"0";"4";"32";"0";"2"
"21.11.2015 00:10:00";"1";"0";"17";"0,77";"2097152";"79482";"3,79";"0";"3";"32";"0";"2"
"21.11.2015 00:15:00";"1";"0";"16";"0,74";"2097152";"59769";"2,85";"0";"3";"32";"0";"2"
"21.11.2015 00:20:00";"1";"0";"17";"0,79";"2097152";"68157";"3,25";"0";"3";"32";"0";"2"
"21.11.2015 00:25:00";"1";"0";"17";"0,8";"2097152";"94791";"4,52";"0";"3";"32";"0";"2"
"21.11.2015 00:30:00";"1";"0";"16";"0,73";"2097152";"149317";"7,12";"0";"3";"32";"0";"2"
"21.11.2015 00:35:00";"1";"0";"18";"0,81";"2097152";"73820";"3,52";"0";"3";"32";"0";"2"
"21.11.2015 00:40:00";"1";"0";"17";"0,76";"2097152";"62705";"2,99";"0";"3";"32";"0";"2"
"21.11.2015 00:45:00";"1";"0";"16";"0,73";"2097152";"75288";"3,59";"0";"3";"32";"0";"2"
"21.11.2015 00:50:00";"1";"0";"17";"0,8";"2097152";"84935";"4,05";"0";"3";"32";"0";"2"
"21.11.2015 00:55:00";"1";"0";"17";"0,77";"2097152";"73820";"3,52";"0";"3";"32";"0";"2"
"21.11.2015 01:00:00";"1";"0";"16";"0,73";"2097152";"50122";"2,39";"0";"3";"32";"0";"2"
"21.11.2015 01:05:00";"1";"0";"18";"0,82";"2097152";"58511";"2,79";"0";"3";"32";"0";"2"
"21.11.2015 01:10:00";"1";"0";"17";"0,79";"2097152";"89129";"4,25";"0";"3";"32";"0";"2"
"21.11.2015 01:15:00";"1";"0";"16";"0,76";"2097152";"86403";"4,12";"0";"3";"32";"0";"2"
"21.11.2015 01:20:00";"1";"0";"17";"0,79";"2097152";"86403";"4,12";"0";"3";"32";"0";"2"
"21.11.2015 01:25:00";"1";"0";"17";"0,78";"2097152";"59769";"2,85";"0";"3";"32";"0";"2"
"21.11.2015 01:30:00";"1";"0";"16";"0,74";"2097152";"82208";"3,92";"0";"3";"32";"0";"2"
"21.11.2015 01:35:00";"1";"0";"17";"0,79";"2097152";"79482";"3,79";"0";"3";"32";"0";"2"
"21.11.2015 01:40:00";"1";"0";"17";"0,77";"2097152";"87871";"4,19";"0";"3";"32";"0";"2"
"21.11.2015 01:45:00";"1";"0";"16";"0,74";"2097152";"113036";"5,39";"0";"3";"32";"0";"2"
"21.11.2015 01:50:00";"1";"0";"17";"0,79";"2097152";"71093";"3,39";"0";"3";"32";"0";"2"
"21.11.2015 01:55:00";"1";"0";"17";"0,77";"2097152";"47186";"2,25";"0";"3";"32";"0";"2"
"21.11.2015 02:00:00";"1";"0";"16";"0,73";"2097152";"57043";"2,72";"0";"3";"32";"0";"2"
"21.11.2015 02:05:00";"1";"0";"18";"0,81";"2097152";"82208";"3,92";"0";"4";"32";"0";"2"
"21.11.2015 02:10:00";"1";"0";"17";"0,78";"2097152";"94791";"4,52";"0";"3";"32";"0";"2"
"21.11.2015 02:15:00";"1";"0";"16";"0,74";"2097152";"71093";"3,39";"0";"3";"32";"0";"2"
"21.11.2015 02:20:00";"1";"0";"17";"0,78";"2097152";"51380";"2,45";"0";"3";"32";"0";"2"
"21.11.2015 02:25:00";"1";"0";"17";"0,77";"2097152";"68157";"3,25";"0";"3";"32";"0";"2"
"21.11.2015 02:30:00";"1";"0";"16";"0,73";"2097152";"89129";"4,25";"0";"3";"32";"0";"2"
"21.11.2015 02:35:00";"1";"0";"17";"0,8";"2097152";"93323";"4,45";"0";"4";"32";"0";"2"
"21.11.2015 02:40:00";"1";"0";"17";"0,76";"2097152";"84935";"4,05";"0";"3";"32";"0";"2"
"21.11.2015 02:45:00";"1";"0";"16";"0,74";"2097152";"96259";"4,59";"0";"3";"32";"0";"2"
"21.11.2015 02:50:00";"1";"0";"18";"0,8";"2097152";"76546";"3,65";"0";"3";"32";"0";"2"
"21.11.2015 02:55:00";"1";"0";"17";"0,77";"2097152";"103180";"4,92";"0";"3";"32";"0";"2"
"21.11.2015 03:00:00";"1";"0";"16";"0,73";"2097152";"107374";"5,12";"0";"3";"32";"0";"2"
"21.11.2015 03:05:00";"1";"0";"17";"0,8";"2097152";"90597";"4,32";"0";"4";"32";"0";"2"
"21.11.2015 03:10:00";"1";"0";"17";"0,76";"2097152";"65431";"3,12";"0";"3";"32";"0";"2"
"21.11.2015 03:15:00";"1";"0";"16";"0,73";"2097152";"45928";"2,19";"0";"3";"32";"0";"2"
"21.11.2015 03:20:00";"1";"0";"17";"0,8";"2097152";"51380";"2,45";"0";"3";"32";"0";"2"
"21.11.2015 03:25:00";"1";"0";"19";"0,89";"2097152";"84935";"4,05";"0";"14";"32";"0";"2"
"21.11.2015 03:30:00";"1";"0";"16";"0,73";"2097152";"94791";"4,52";"0";"3";"32";"0";"2"
"21.11.2015 03:35:00";"1";"0";"17";"0,79";"2097152";"69625";"3,32";"0";"3";"32";"0";"2"
"21.11.2015 03:40:00";"1";"0";"17";"0,76";"2097152";"90597";"4,32";"0";"3";"32";"0";"2"
"21.11.2015 03:45:00";"1";"0";"16";"0,74";"2097152";"58511";"2,79";"0";"3";"32";"0";"2"
"21.11.2015 03:50:00";"1";"0";"17";"0,79";"2097152";"79482";"3,79";"0";"3";"32";"0";"2"
"21.11.2015 03:55:00";"1";"0";"17";"0,76";"2097152";"78014";"3,72";"0";"3";"32";"0";"2"
"21.11.2015 04:00:00";"1";"0";"16";"0,72";"2097152";"54316";"2,59";"0";"3";"32";"0";"2"
"21.11.2015 04:05:00";"1";"0";"17";"0,8";"2097152";"72352";"3,45";"0";"4";"32";"0";"2"
"21.11.2015 04:10:00";"1";"0";"17";"0,76";"2097152";"83676";"3,99";"0";"3";"32";"0";"2"
"21.11.2015 04:15:00";"1";"0";"16";"0,74";"2097152";"93323";"4,45";"0";"3";"32";"0";"2"
"21.11.2015 04:20:00";"1";"0";"17";"0,8";"2097152";"44460";"2,12";"0";"3";"32";"0";"2"
"21.11.2015 04:25:00";"1";"0";"17";"0,77";"2097152";"83676";"3,99";"0";"3";"32";"0";"2"
"21.11.2015 04:30:00";"1";"0";"16";"0,73";"2097152";"76546";"3,65";"0";"3";"32";"0";"2"
"21.11.2015 04:35:00";"1";"0";"17";"0,8";"2097152";"52848";"2,52";"0";"3";"32";"0";"2"
"21.11.2015 04:40:00";"1";"0";"17";"0,77";"2097152";"59769";"2,85";"0";"3";"32";"0";"2"
"21.11.2015 04:45:00";"1";"0";"16";"0,74";"2097152";"63963";"3,05";"0";"3";"32";"0";"2"
"21.11.2015 04:50:00";"1";"0";"17";"0,8";"2097152";"97518";"4,65";"0";"3";"32";"0";"2"
"21.11.2015 04:55:00";"1";"0";"17";"0,77";"2097152";"90597";"4,32";"0";"3";"32";"0";"2"
"21.11.2015 05:00:00";"1";"0";"16";"0,76";"2097152";"71093";"3,39";"0";"3";"32";"0";"2"
"21.11.2015 05:05:00";"1";"0";"17";"0,79";"2097152";"62705";"2,99";"0";"3";"32";"0";"2"
"21.11.2015 05:10:00";"1";"0";"17";"0,78";"2097152";"75288";"3,59";"0";"3";"32";"0";"2"
"21.11.2015 05:15:00";"1";"0";"16";"0,74";"2097152";"86403";"4,12";"0";"4";"32";"0";"2"
"21.11.2015 05:20:00";"1";"0";"17";"0,79";"2097152";"100454";"4,79";"0";"3";"32";"0";"2"
"21.11.2015 05:25:00";"1";"0";"18";"0,8";"2097152";"94791";"4,52";"0";"3";"32";"0";"2"
"21.11.2015 05:30:00";"1";"0";"16";"0,72";"2097152";"63963";"3,05";"0";"3";"32";"0";"2"
"21.11.2015 05:35:00";"1";"0";"17";"0,79";"2097152";"97518";"4,65";"0";"3";"32";"0";"2"
"21.11.2015 05:40:00";"1";"0";"17";"0,77";"2097152";"121425";"5,79";"0";"3";"32";"0";"2"
"21.11.2015 05:45:00";"1";"0";"16";"0,74";"2097152";"62705";"2,99";"0";"3";"32";"0";"2"
"21.11.2015 05:50:00";"1";"0";"18";"0,83";"2097152";"58511";"2,79";"0";"3";"32";"0";"2"
"21.11.2015 05:55:00";"1";"0";"17";"0,77";"2097152";"69625";"3,32";"0";"3";"32";"0";"2"
"21.11.2015 06:00:00";"1";"0";"16";"0,74";"2097152";"79482";"3,79";"0";"3";"32";"0";"2"
"21.11.2015 06:05:00";"1";"0";"18";"0,83";"2097152";"82208";"3,92";"0";"3";"32";"0";"2"
"21.11.2015 06:10:00";"1";"0";"17";"0,77";"2097152";"83676";"3,99";"0";"3";"32";"0";"2"
"21.11.2015 06:15:00";"1";"0";"16";"0,74";"2097152";"68157";"3,25";"0";"3";"32";"0";"2"
"21.11.2015 06:20:00";"1";"0";"18";"0,82";"2097152";"62705";"2,99";"0";"3";"32";"0";"2"
"21.11.2015 06:25:00";"1";"0";"17";"0,78";"2097152";"61237";"2,92";"0";"3";"32";"0";"2"
"21.11.2015 06:30:00";"1";"0";"16";"0,73";"2097152";"73820";"3,52";"0";"3";"32";"0";"2"
"21.11.2015 06:35:00";"1";"0";"18";"0,81";"2097152";"114295";"5,45";"0";"3";"32";"0";"2"
"21.11.2015 06:40:00";"1";"0";"17";"0,77";"2097152";"62705";"2,99";"0";"3";"32";"0";"2"
"21.11.2015 06:45:00";"1";"0";"16";"0,75";"2097152";"68157";"3,25";"0";"3";"32";"0";"2"
"21.11.2015 06:50:00";"1";"0";"17";"0,8";"2097152";"76546";"3,65";"0";"3";"32";"0";"2"
"21.11.2015 06:55:00";"1";"0";"17";"0,78";"2097152";"108842";"5,19";"0";"3";"32";"0";"2"
"21.11.2015 07:00:00";"1";"0";"16";"0,73";"2097152";"100454";"4,79";"0";"3";"32";"0";"2"
"21.11.2015 07:05:00";"1";"0";"18";"0,84";"2097152";"66899";"3,19";"0";"3";"32";"0";"2"
"21.11.2015 07:10:00";"1";"0";"17";"0,77";"2097152";"100454";"4,79";"0";"3";"32";"0";"2"
"21.11.2015 07:15:00";"1";"0";"16";"0,74";"2097152";"78014";"3,72";"0";"3";"32";"0";"2"
"21.11.2015 07:20:00";"1";"0";"18";"0,8";"2097152";"110100";"5,25";"0";"3";"32";"0";"2"
"21.11.2015 07:25:00";"1";"0";"17";"0,78";"2097152";"87871";"4,19";"0";"3";"32";"0";"2"
"21.11.2015 07:30:00";"1";"0";"16";"0,74";"2097152";"63963";"3,05";"0";"3";"32";"0";"2"
"21.11.2015 07:35:00";"1";"0";"17";"0,79";"2097152";"83676";"3,99";"0";"3";"32";"0";"2"
"21.11.2015 07:40:00";"1";"0";"17";"0,77";"2097152";"65431";"3,12";"0";"3";"32";"0";"2"
"21.11.2015 07:45:00";"1";"0";"16";"0,74";"2097152";"62705";"2,99";"0";"3";"32";"0";"2"
"21.11.2015 07:50:00";"1";"0";"18";"0,8";"2097152";"58511";"2,79";"0";"3";"32";"0";"2"
"21.11.2015 07:55:00";"1";"0";"17";"0,78";"2097152";"48654";"2,32";"0";"4";"32";"0";"2"
"21.11.2015 08:00:00";"1";"0";"16";"0,73";"2097152";"71093";"3,39";"0";"3";"32";"0";"2"
"21.11.2015 08:05:00";"1";"0";"18";"0,81";"2097152";"61237";"2,92";"0";"4";"32";"0";"2"
"21.11.2015 08:10:00";"1";"0";"17";"0,77";"2097152";"100454";"4,79";"0";"3";"32";"0";"2"
"21.11.2015 08:15:00";"1";"0";"16";"0,74";"2097152";"76546";"3,65";"0";"3";"32";"0";"2"
"21.11.2015 08:20:00";"1";"0";"18";"0,81";"2097152";"69625";"3,32";"0";"3";"32";"0";"2"
"21.11.2015 08:25:00";"1";"0";"17";"0,78";"2097152";"83676";"3,99";"0";"3";"32";"0";"2"
"21.11.2015 08:30:00";"1";"0";"16";"0,74";"2097152";"76546";"3,65";"0";"3";"32";"0";"2"
"21.11.2015 08:35:00";"1";"0";"18";"0,81";"2097152";"54316";"2,59";"0";"3";"32";"0";"2"
"21.11.2015 08:40:00";"1";"0";"17";"0,79";"2097152";"80740";"3,85";"0";"3";"32";"0";"2"
"21.11.2015 08:45:00";"1";"0";"16";"0,74";"2097152";"90597";"4,32";"0";"3";"32";"0";"2"
"21.11.2015 08:50:00";"1";"0";"17";"0,8";"2097152";"83676";"3,99";"0";"3";"32";"0";"2"
"21.11.2015 08:55:00";"1";"0";"17";"0,76";"2097152";"76546";"3,65";"0";"3";"32";"0";"2"
"21.11.2015 09:00:00";"1";"0";"16";"0,74";"2097152";"96259";"4,59";"0";"3";"32";"0";"2"
"21.11.2015 09:05:00";"1";"0";"18";"0,8";"2097152";"71093";"3,39";"0";"4";"32";"0";"2"
"21.11.2015 09:10:00";"1";"0";"17";"0,78";"2097152";"96259";"4,59";"0";"3";"32";"0";"2"
"21.11.2015 09:15:00";"1";"0";"16";"0,74";"2097152";"80740";"3,85";"0";"3";"32";"0";"2"
"21.11.2015 09:20:00";"1";"0";"18";"0,8";"2097152";"63963";"3,05";"0";"3";"32";"0";"2"
"21.11.2015 09:25:00";"1";"0";"17";"0,77";"2097152";"54316";"2,59";"0";"3";"32";"0";"2"
"21.11.2015 09:30:00";"1";"0";"16";"0,74";"2097152";"57043";"2,72";"0";"3";"32";"0";"2"
"21.11.2015 09:35:00";"1";"0";"18";"0,82";"2097152";"83676";"3,99";"0";"3";"32";"0";"2"
"21.11.2015 09:40:00";"1";"0";"17";"0,79";"2097152";"66899";"3,19";"0";"3";"32";"0";"2"
"21.11.2015 09:45:00";"1";"0";"16";"0,74";"2097152";"83676";"3,99";"0";"3";"32";"0";"2"
"21.11.2015 09:50:00";"1";"0";"17";"0,8";"2097152";"57043";"2,72";"0";"3";"32";"0";"2"
"21.11.2015 09:55:00";"1";"0";"17";"0,78";"2097152";"54316";"2,59";"0";"3";"32";"0";"2"
"21.11.2015 10:00:00";"1";"0";"16";"0,74";"2097152";"68157";"3,25";"0";"3";"32";"0";"2"
"21.11.2015 10:05:00";"1";"0";"17";"0,8";"2097152";"96259";"4,59";"0";"3";"32";"0";"2"
"21.11.2015 10:10:00";"1";"0";"17";"0,77";"2097152";"83676";"3,99";"0";"3";"32";"0";"2"
"21.11.2015 10:15:00";"1";"0";"16";"0,74";"2097152";"75288";"3,59";"0";"3";"32";"0";"2"
"21.11.2015 10:20:00";"1";"0";"17";"0,8";"2097152";"75288";"3,59";"0";"3";"32";"0";"2"
"21.11.2015 10:25:00";"1";"0";"17";"0,78";"2097152";"89129";"4,25";"0";"3";"32";"0";"2"
"21.11.2015 10:30:00";"1";"0";"16";"0,74";"2097152";"108842";"5,19";"0";"3";"32";"0";"2"
"21.11.2015 10:35:00";"1";"0";"18";"0,81";"2097152";"71093";"3,39";"0";"3";"32";"0";"2"
"21.11.2015 10:40:00";"1";"0";"17";"0,78";"2097152";"40265";"1,92";"0";"3";"32";"0";"2"
"21.11.2015 10:45:00";"1";"0";"16";"0,73";"2097152";"84935";"4,05";"0";"3";"32";"0";"2"
"21.11.2015 10:50:00";"1";"0";"17";"0,8";"2097152";"80740";"3,85";"0";"3";"32";"0";"2"
"21.11.2015 10:55:00";"1";"0";"17";"0,77";"2097152";"62705";"2,99";"0";"3";"32";"0";"2"
"21.11.2015 11:00:00";"1";"0";"16";"0,75";"2097152";"58511";"2,79";"0";"3";"32";"0";"2"
"21.11.2015 11:05:00";"1";"0";"18";"0,83";"2097152";"72352";"3,45";"0";"4";"32";"0";"2"
"21.11.2015 11:10:00";"1";"0";"17";"0,77";"2097152";"87871";"4,19";"0";"3";"32";"0";"2"
"21.11.2015 11:15:00";"1";"0";"16";"0,74";"2097152";"50122";"2,39";"0";"3";"32";"0";"2"
"21.11.2015 11:20:00";"1";"0";"17";"0,79";"2097152";"87871";"4,19";"0";"3";"32";"0";"2"
"21.11.2015 11:25:00";"1";"0";"17";"0,77";"2097152";"73820";"3,52";"0";"3";"32";"0";"2"
"21.11.2015 11:30:00";"1";"0";"16";"0,72";"2097152";"68157";"3,25";"0";"3";"32";"0";"2"
"21.11.2015 11:35:00";"1";"0";"17";"0,8";"2097152";"89129";"4,25";"0";"3";"32";"0";"2"
"21.11.2015 11:40:00";"1";"0";"17";"0,78";"2097152";"42992";"2,05";"0";"3";"32";"0";"2"
"21.11.2015 11:45:00";"1";"0";"16";"0,74";"2097152";"84935";"4,05";"0";"3";"32";"0";"2"
"21.11.2015 11:50:00";"1";"0";"18";"0,81";"2097152";"78014";"3,72";"0";"3";"32";"0";"2"
"21.11.2015 11:55:00";"1";"0";"17";"0,78";"2097152";"82208";"3,92";"0";"4";"32";"0";"2"
"21.11.2015 12:00:00";"1";"0";"16";"0,73";"2097152";"90597";"4,32";"0";"3";"32";"0";"2"
"21.11.2015 12:05:00";"1";"0";"18";"0,81";"2097152";"92065";"4,39";"0";"3";"32";"0";"2"
"21.11.2015 12:10:00";"1";"0";"17";"0,77";"2097152";"68157";"3,25";"0";"3";"32";"0";"2"
"21.11.2015 12:15:00";"1";"0";"16";"0,73";"2097152";"87871";"4,19";"0";"3";"32";"0";"2"
"21.11.2015 12:20:00";"1";"0";"17";"0,79";"2097152";"89129";"4,25";"0";"3";"32";"0";"2"
"21.11.2015 12:25:00";"1";"0";"17";"0,78";"2097152";"103180";"4,92";"0";"3";"32";"0";"2"
"21.11.2015 12:30:00";"1";"0";"16";"0,73";"2097152";"57043";"2,72";"0";"3";"32";"0";"2"
"21.11.2015 12:35:00";"1";"0";"17";"0,79";"2097152";"66899";"3,19";"0";"3";"32";"0";"2"
"21.11.2015 12:40:00";"1";"0";"17";"0,77";"2097152";"69625";"3,32";"0";"3";"32";"0";"2"
"21.11.2015 12:45:00";"1";"0";"16";"0,74";"2097152";"82208";"3,92";"0";"3";"32";"0";"2"
"21.11.2015 12:50:00";"1";"0";"17";"0,79";"2097152";"72352";"3,45";"0";"3";"32";"0";"2"
"21.11.2015 12:55:00";"1";"0";"18";"0,81";"2097152";"97518";"4,65";"0";"3";"32";"0";"2"
"21.11.2015 13:00:00";"1";"0";"16";"0,75";"2097152";"75288";"3,59";"0";"3";"32";"0";"2"
"21.11.2015 13:05:00";"1";"0";"18";"0,8";"2097152";"72352";"3,45";"0";"3";"32";"0";"2"
"21.11.2015 13:10:00";"1";"0";"17";"0,79";"2097152";"71093";"3,39";"0";"3";"32";"0";"2"
"21.11.2015 13:15:00";"1";"0";"17";"0,77";"2097152";"132540";"6,32";"0";"3";"32";"0";"2"
"21.11.2015 13:20:00";"1";"0";"18";"0,81";"2097152";"84935";"4,05";"0";"3";"32";"0";"2"
"21.11.2015 13:25:00";"1";"0";"17";"0,76";"2097152";"66899";"3,19";"0";"3";"32";"0";"2"
"21.11.2015 13:30:00";"1";"0";"16";"0,73";"2097152";"59769";"2,85";"0";"3";"32";"0";"2"
"21.11.2015 13:35:00";"1";"0";"18";"0,8";"2097152";"75288";"3,59";"0";"3";"32";"0";"2"
"21.11.2015 13:40:00";"1";"0";"17";"0,77";"2097152";"73820";"3,52";"0";"3";"32";"0";"2"
"21.11.2015 13:45:00";"1";"0";"16";"0,74";"2097152";"54316";"2,59";"0";"3";"32";"0";"2"
"21.11.2015 13:50:00";"1";"0";"17";"0,79";"2097152";"66899";"3,19";"0";"3";"32";"0";"2"
"21.11.2015 13:55:00";"1";"0";"17";"0,77";"2097152";"89129";"4,25";"0";"3";"32";"0";"2"
"21.11.2015 14:00:00";"1";"0";"16";"0,73";"2097152";"62705";"2,99";"0";"3";"32";"0";"2"
"21.11.2015 14:05:00";"1";"0";"18";"0,82";"2097152";"50122";"2,39";"0";"3";"32";"0";"2"
"21.11.2015 14:10:00";"1";"0";"17";"0,79";"2097152";"96259";"4,59";"0";"3";"32";"0";"2"
"21.11.2015 14:15:00";"1";"0";"16";"0,76";"2097152";"86403";"4,12";"0";"3";"32";"0";"2"
"21.11.2015 14:20:00";"1";"0";"17";"0,79";"2097152";"54316";"2,59";"0";"3";"32";"0";"2"
"21.11.2015 14:25:00";"1";"0";"17";"0,77";"2097152";"84935";"4,05";"0";"3";"32";"0";"2"
"21.11.2015 14:30:00";"1";"0";"16";"0,73";"2097152";"63963";"3,05";"0";"3";"32";"0";"2"
"21.11.2015 14:35:00";"1";"0";"18";"0,81";"2097152";"58511";"2,79";"0";"3";"32";"0";"2"
"21.11.2015 14:40:00";"1";"0";"17";"0,76";"2097152";"58511";"2,79";"0";"3";"32";"0";"2"
"21.11.2015 14:45:00";"1";"0";"16";"0,74";"2097152";"57043";"2,72";"0";"3";"32";"0";"2"
"21.11.2015 14:50:00";"1";"0";"17";"0,8";"2097152";"71093";"3,39";"0";"3";"32";"0";"2"
"21.11.2015 14:55:00";"1";"0";"17";"0,79";"2097152";"75288";"3,59";"0";"3";"32";"0";"2"
"21.11.2015 15:00:00";"1";"0";"16";"0,75";"2097152";"89129";"4,25";"0";"3";"32";"0";"2"
"21.11.2015 15:05:00";"1";"0";"18";"0,8";"2097152";"72352";"3,45";"0";"3";"32";"0";"2"
"21.11.2015 15:10:00";"1";"0";"17";"0,77";"2097152";"52848";"2,52";"0";"3";"32";"0";"2"
"21.11.2015 15:15:00";"1";"0";"16";"0,75";"2097152";"55575";"2,65";"0";"3";"32";"0";"2"
"21.11.2015 15:20:00";"1";"0";"18";"0,81";"2097152";"78014";"3,72";"0";"3";"32";"0";"2"
"21.11.2015 15:25:00";"1";"0";"17";"0,79";"2097152";"57043";"2,72";"0";"3";"32";"0";"2"
"21.11.2015 15:30:00";"1";"0";"16";"0,73";"2097152";"80740";"3,85";"0";"3";"32";"0";"2"
"21.11.2015 15:35:00";"1";"0";"18";"0,8";"2097152";"83676";"3,99";"0";"3";"32";"0";"2"
"21.11.2015 15:40:00";"1";"0";"17";"0,77";"2097152";"58511";"2,79";"0";"3";"32";"0";"2"
"21.11.2015 15:45:00";"1";"0";"16";"0,73";"2097152";"92065";"4,39";"0";"3";"32";"0";"2"
"21.11.2015 15:50:00";"1";"0";"18";"0,83";"2097152";"103180";"4,92";"0";"3";"32";"0";"2"
"21.11.2015 15:55:00";"1";"0";"17";"0,77";"2097152";"75288";"3,59";"0";"3";"32";"0";"2"
"21.11.2015 16:00:00";"1";"0";"16";"0,75";"2097152";"62705";"2,99";"0";"3";"32";"0";"2"
"21.11.2015 16:05:00";"1";"0";"18";"0,81";"2097152";"98986";"4,72";"0";"3";"32";"0";"2"
"21.11.2015 16:10:00";"1";"0";"17";"0,77";"2097152";"69625";"3,32";"0";"3";"32";"0";"2"
"21.11.2015 16:15:00";"1";"0";"17";"0,76";"2097152";"71093";"3,39";"0";"3";"32";"0";"2"
"21.11.2015 16:20:00";"1";"0";"17";"0,79";"2097152";"68157";"3,25";"0";"3";"32";"0";"2"
"21.11.2015 16:25:00";"1";"0";"17";"0,77";"2097152";"96259";"4,59";"0";"3";"32";"0";"2"
"21.11.2015 16:30:00";"1";"0";"16";"0,75";"2097152";"121425";"5,79";"0";"3";"32";"0";"2"
"21.11.2015 16:35:00";"1";"0";"18";"0,81";"2097152";"63963";"3,05";"0";"3";"32";"0";"2"
"21.11.2015 16:40:00";"1";"0";"17";"0,79";"2097152";"62705";"2,99";"0";"3";"32";"0";"2"
"21.11.2015 16:45:00";"1";"0";"16";"0,73";"2097152";"110100";"5,25";"0";"3";"32";"0";"2"
"21.11.2015 16:50:00";"1";"0";"18";"0,8";"2097152";"68157";"3,25";"0";"3";"32";"0";"2"
"21.11.2015 16:55:00";"1";"0";"17";"0,79";"2097152";"97518";"4,65";"0";"3";"32";"0";"2"
"21.11.2015 17:00:00";"1";"0";"16";"0,75";"2097152";"75288";"3,59";"0";"3";"32";"0";"2"
"21.11.2015 17:05:00";"1";"0";"18";"0,82";"2097152";"80740";"3,85";"0";"3";"32";"0";"2"
"21.11.2015 17:10:00";"1";"0";"17";"0,79";"2097152";"87871";"4,19";"0";"3";"32";"0";"2"
"21.11.2015 17:15:00";"1";"0";"16";"0,74";"2097152";"55575";"2,65";"0";"3";"32";"0";"2"
"21.11.2015 17:20:00";"1";"0";"18";"0,8";"2097152";"62705";"2,99";"0";"3";"32";"0";"2"
"21.11.2015 17:25:00";"1";"0";"17";"0,78";"2097152";"107374";"5,12";"0";"3";"32";"0";"2"
"21.11.2015 17:30:00";"1";"0";"16";"0,73";"2097152";"63963";"3,05";"0";"3";"32";"0";"2"
"21.11.2015 17:35:00";"1";"0";"17";"0,8";"2097152";"79482";"3,79";"0";"3";"32";"0";"2"
"21.11.2015 17:40:00";"1";"0";"17";"0,77";"2097152";"82208";"3,92";"0";"3";"32";"0";"2"
"21.11.2015 17:45:00";"1";"0";"16";"0,73";"2097152";"97518";"4,65";"0";"3";"32";"0";"2"
"21.11.2015 17:50:00";"1";"0";"17";"0,8";"2097152";"58511";"2,79";"0";"3";"32";"0";"2"
"21.11.2015 17:55:00";"1";"0";"17";"0,78";"2097152";"73820";"3,52";"0";"3";"32";"0";"2"
"21.11.2015 18:00:00";"1";"0";"16";"0,73";"2097152";"59769";"2,85";"0";"3";"32";"0";"2"
"21.11.2015 18:05:00";"1";"0";"17";"0,79";"2097152";"65431";"3,12";"0";"4";"32";"0";"2"
"21.11.2015 18:10:00";"1";"0";"17";"0,77";"2097152";"92065";"4,39";"0";"3";"32";"0";"2"
"21.11.2015 18:15:00";"1";"0";"16";"0,73";"2097152";"65431";"3,12";"0";"3";"32";"0";"2"
"21.11.2015 18:20:00";"1";"0";"17";"0,79";"2097152";"59769";"2,85";"0";"3";"32";"0";"2"
"21.11.2015 18:25:00";"1";"0";"17";"0,77";"2097152";"63963";"3,05";"0";"3";"32";"0";"2"
"21.11.2015 18:30:00";"1";"0";"16";"0,74";"2097152";"69625";"3,32";"0";"3";"32";"0";"2"
"21.11.2015 18:35:00";"1";"0";"18";"0,8";"2097152";"80740";"3,85";"0";"3";"32";"0";"2"
"21.11.2015 18:40:00";"1";"0";"17";"0,77";"2097152";"121425";"5,79";"0";"3";"32";"0";"2"
"21.11.2015 18:45:00";"1";"0";"16";"0,74";"2097152";"58511";"2,79";"0";"3";"32";"0";"2"
"21.11.2015 18:50:00";"1";"0";"18";"0,81";"2097152";"62705";"2,99";"0";"3";"32";"0";"2"
"21.11.2015 18:55:00";"1";"0";"17";"0,79";"2097152";"62705";"2,99";"0";"3";"32";"0";"2"
"21.11.2015 19:00:00";"1";"0";"16";"0,75";"2097152";"57043";"2,72";"0";"3";"32";"0";"2"
"21.11.2015 19:05:00";"1";"0";"17";"0,8";"2097152";"65431";"3,12";"0";"3";"32";"0";"2"
"21.11.2015 19:10:00";"1";"0";"17";"0,79";"2097152";"57043";"2,72";"0";"3";"32";"0";"2"
"21.11.2015 19:15:00";"1";"0";"16";"0,74";"2097152";"54316";"2,59";"0";"3";"32";"0";"2"
"21.11.2015 19:20:00";"1";"0";"18";"0,82";"2097152";"79482";"3,79";"0";"3";"32";"0";"2"
"21.11.2015 19:25:00";"1";"0";"17";"0,78";"2097152";"68157";"3,25";"0";"3";"32";"0";"2"
"21.11.2015 19:30:00";"1";"0";"16";"0,74";"2097152";"68157";"3,25";"0";"3";"32";"0";"2"
"21.11.2015 19:35:00";"1";"0";"17";"0,8";"2097152";"107374";"5,12";"0";"3";"32";"0";"2"
"21.11.2015 19:40:00";"1";"0";"17";"0,78";"2097152";"75288";"3,59";"0";"3";"32";"0";"2"
"21.11.2015 19:45:00";"1";"0";"16";"0,75";"2097152";"58511";"2,79";"0";"3";"32";"0";"2"
"21.11.2015 19:50:00";"1";"0";"18";"0,8";"2097152";"61237";"2,92";"0";"3";"32";"0";"2"
"21.11.2015 19:55:00";"1";"0";"17";"0,79";"2097152";"96259";"4,59";"0";"3";"32";"0";"2"
"21.11.2015 20:00:00";"1";"0";"16";"0,73";"2097152";"87871";"4,19";"0";"3";"32";"0";"2"
"21.11.2015 20:05:00";"1";"0";"18";"0,81";"2097152";"75288";"3,59";"0";"3";"32";"0";"2"
"21.11.2015 20:10:00";"1";"0";"17";"0,77";"2097152";"87871";"4,19";"0";"3";"32";"0";"2"
"21.11.2015 20:15:00";"1";"0";"16";"0,73";"2097152";"97518";"4,65";"0";"3";"32";"0";"2"
"21.11.2015 20:20:00";"1";"0";"17";"0,8";"2097152";"83676";"3,99";"0";"3";"32";"0";"2"
"21.11.2015 20:25:00";"1";"0";"17";"0,78";"2097152";"47186";"2,25";"0";"3";"32";"0";"2"
"21.11.2015 20:30:00";"1";"0";"16";"0,74";"2097152";"89129";"4,25";"0";"3";"32";"0";"2"
"21.11.2015 20:35:00";"1";"0";"17";"0,79";"2097152";"55575";"2,65";"0";"3";"32";"0";"2"
"21.11.2015 20:40:00";"1";"0";"17";"0,77";"2097152";"66899";"3,19";"0";"3";"32";"0";"2"
"21.11.2015 20:45:00";"1";"0";"16";"0,74";"2097152";"126878";"6,05";"0";"3";"32";"0";"2"
"21.11.2015 20:50:00";"1";"0";"17";"0,79";"2097152";"63963";"3,05";"0";"3";"32";"0";"2"
"21.11.2015 20:55:00";"1";"0";"17";"0,78";"2097152";"42992";"2,05";"0";"3";"32";"0";"2"
"21.11.2015 21:00:00";"1";"0";"16";"0,73";"2097152";"79482";"3,79";"0";"3";"32";"0";"2"
"21.11.2015 21:05:00";"1";"0";"18";"0,83";"2097152";"79482";"3,79";"0";"3";"32";"0";"2"
"21.11.2015 21:10:00";"1";"0";"17";"0,77";"2097152";"78014";"3,72";"0";"3";"32";"0";"2"
"21.11.2015 21:15:00";"1";"0";"16";"0,74";"2097152";"93323";"4,45";"0";"3";"32";"0";"2"
"21.11.2015 21:20:00";"1";"0";"17";"0,79";"2097152";"104648";"4,99";"0";"3";"32";"0";"2"
"21.11.2015 21:25:00";"1";"0";"17";"0,78";"2097152";"76546";"3,65";"0";"3";"32";"0";"2"
"21.11.2015 21:30:00";"1";"0";"16";"0,74";"2097152";"68157";"3,25";"0";"3";"32";"0";"2"
"21.11.2015 21:35:00";"1";"0";"18";"0,81";"2097152";"76546";"3,65";"0";"3";"32";"0";"2"
"21.11.2015 21:40:00";"1";"0";"17";"0,78";"2097152";"78014";"3,72";"0";"3";"32";"0";"2"
"21.11.2015 21:45:00";"1";"0";"16";"0,73";"2097152";"83676";"3,99";"0";"3";"32";"0";"2"
"21.11.2015 21:50:00";"1";"0";"17";"0,8";"2097152";"84935";"4,05";"0";"3";"32";"0";"2"
"21.11.2015 21:55:00";"1";"0";"17";"0,76";"2097152";"89129";"4,25";"0";"3";"32";"0";"2"
"21.11.2015 22:00:00";"1";"0";"16";"0,73";"2097152";"61237";"2,92";"0";"3";"32";"0";"2"
"21.11.2015 22:05:00";"1";"0";"18";"0,83";"2097152";"54316";"2,59";"0";"3";"32";"0";"2"
"21.11.2015 22:10:00";"1";"0";"17";"0,79";"2097152";"93323";"4,45";"0";"3";"32";"0";"2"
"21.11.2015 22:15:00";"1";"0";"16";"0,76";"2097152";"94791";"4,52";"0";"3";"32";"0";"2"
"21.11.2015 22:20:00";"1";"0";"18";"0,83";"2097152";"119957";"5,72";"0";"3";"32";"0";"2"
"21.11.2015 22:25:00";"1";"0";"18";"0,82";"2097152";"63963";"3,05";"0";"3";"32";"0";"2"
"21.11.2015 22:30:00";"1";"0";"17";"0,76";"2097152";"71093";"3,39";"0";"3";"32";"0";"2"
"21.11.2015 22:35:00";"1";"0";"19";"0,86";"2097152";"50122";"2,39";"0";"3";"32";"0";"2"
"21.11.2015 22:40:00";"1";"0";"18";"0,83";"2097152";"76546";"3,65";"0";"3";"32";"0";"2"
"21.11.2015 22:45:00";"1";"0";"16";"0,76";"2097152";"90597";"4,32";"0";"3";"32";"0";"2"
"21.11.2015 22:50:00";"1";"0";"18";"0,81";"2097152";"62705";"2,99";"0";"3";"32";"0";"2"
"21.11.2015 22:55:00";"1";"0";"17";"0,78";"2097152";"72352";"3,45";"0";"4";"32";"0";"2"
"21.11.2015 23:00:00";"1";"0";"16";"0,75";"2097152";"54316";"2,59";"0";"3";"32";"0";"2"
"21.11.2015 23:05:00";"1";"0";"18";"0,8";"2097152";"83676";"3,99";"0";"3";"32";"0";"2"
"21.11.2015 23:10:00";"1";"0";"17";"0,78";"2097152";"80740";"3,85";"0";"3";"32";"0";"2"
"21.11.2015 23:15:00";"1";"0";"16";"0,75";"2097152";"65431";"3,12";"0";"3";"32";"0";"2"
"21.11.2015 23:20:00";"1";"0";"17";"0,79";"2097152";"55575";"2,65";"0";"3";"32";"0";"2"
"21.11.2015 23:25:00";"1";"0";"17";"0,78";"2097152";"62705";"2,99";"0";"4";"32";"0";"2"
"21.11.2015 23:30:00";"1";"0";"16";"0,75";"2097152";"84935";"4,05";"0";"3";"32";"0";"2"
"21.11.2015 23:35:00";"1";"0";"17";"0,8";"2097152";"73820";"3,52";"0";"3";"32";"0";"2"
"21.11.2015 23:40:00";"1";"0";"17";"0,79";"2097152";"54316";"2,59";"0";"3";"32";"0";"2"
"21.11.2015 23:45:00";"1";"0";"16";"0,75";"2097152";"68157";"3,25";"0";"3";"32";"0";"2"
"21.11.2015 23:50:00";"1";"0";"17";"0,79";"2097152";"59769";"2,85";"0";"3";"32";"0";"2"
"21.11.2015 23:55:00";"1";"0";"17";"0,78";"2097152";"62705";"2,99";"0";"4";"32";"0";"2"
"22.11.2015 00:00:00";"1";"0";"16";"0,74";"2097152";"83676";"3,99";"0";"4";"32";"0";"2"
"22.11.2015 00:05:00";"1";"0";"17";"0,8";"2097152";"79482";"3,79";"0";"4";"32";"0";"2"
"22.11.2015 00:10:00";"1";"0";"17";"0,78";"2097152";"40265";"1,92";"0";"3";"32";"0";"2"
"22.11.2015 00:15:00";"1";"0";"17";"0,76";"2097152";"62705";"2,99";"0";"3";"32";"0";"2"
"22.11.2015 00:20:00";"1";"0";"17";"0,79";"2097152";"58511";"2,79";"0";"3";"32";"0";"2"
"22.11.2015 00:25:00";"1";"0";"17";"0,76";"2097152";"80740";"3,85";"0";"3";"32";"0";"2"
"22.11.2015 00:30:00";"1";"0";"16";"0,74";"2097152";"108842";"5,19";"0";"3";"32";"0";"2"
"22.11.2015 00:35:00";"1";"0";"18";"0,82";"2097152";"76546";"3,65";"0";"3";"32";"0";"2"
"22.11.2015 00:40:00";"1";"0";"17";"0,79";"2097152";"65431";"3,12";"0";"3";"32";"0";"2"
"22.11.2015 00:45:00";"1";"0";"16";"0,74";"2097152";"98986";"4,72";"0";"3";"32";"0";"2"
"22.11.2015 00:50:00";"1";"0";"17";"0,8";"2097152";"93323";"4,45";"0";"3";"32";"0";"2"
"22.11.2015 00:55:00";"1";"0";"17";"0,77";"2097152";"101712";"4,85";"0";"3";"32";"0";"2"
"22.11.2015 01:00:00";"1";"0";"16";"0,73";"2097152";"71093";"3,39";"0";"3";"32";"0";"2"
"22.11.2015 01:05:00";"1";"0";"18";"0,82";"2097152";"66899";"3,19";"0";"4";"32";"0";"2"
"22.11.2015 01:10:00";"1";"0";"17";"0,78";"2097152";"48654";"2,32";"0";"3";"32";"0";"2"
"22.11.2015 01:15:00";"1";"0";"17";"0,77";"2097152";"55575";"2,65";"0";"3";"32";"0";"2"
"22.11.2015 01:20:00";"1";"0";"18";"0,82";"2097152";"63963";"3,05";"0";"3";"32";"0";"2"
"22.11.2015 01:25:00";"1";"0";"17";"0,78";"2097152";"65431";"3,12";"0";"3";"32";"0";"2"
"22.11.2015 01:30:00";"1";"0";"16";"0,74";"2097152";"94791";"4,52";"0";"3";"32";"0";"2"
"22.11.2015 01:35:00";"1";"0";"18";"0,81";"2097152";"87871";"4,19";"0";"3";"32";"0";"2"
"22.11.2015 01:40:00";"1";"0";"17";"0,76";"2097152";"84935";"4,05";"0";"3";"32";"0";"2"
"22.11.2015 01:45:00";"1";"0";"17";"0,76";"2097152";"71093";"3,39";"0";"3";"32";"0";"2"
"22.11.2015 01:50:00";"1";"0";"17";"0,78";"2097152";"50122";"2,39";"0";"3";"32";"0";"2"
"22.11.2015 01:55:00";"1";"0";"17";"0,77";"2097152";"82208";"3,92";"0";"3";"32";"0";"2"
"22.11.2015 02:00:00";"1";"0";"17";"0,77";"2097152";"181404";"8,65";"0";"3";"32";"0";"2"
"22.11.2015 02:05:00";"1";"0";"18";"0,8";"2097152";"159174";"7,59";"0";"4";"32";"0";"2"
"22.11.2015 02:10:00";"1";"0";"17";"0,76";"2097152";"51380";"2,45";"0";"3";"32";"0";"2"
"22.11.2015 02:15:00";"1";"0";"16";"0,73";"2097152";"82208";"3,92";"0";"3";"32";"0";"2"
"22.11.2015 02:20:00";"1";"0";"17";"0,8";"2097152";"62705";"2,99";"0";"3";"32";"0";"2"
"22.11.2015 02:25:00";"1";"0";"17";"0,76";"2097152";"71093";"3,39";"0";"3";"32";"0";"2"
"22.11.2015 02:30:00";"1";"0";"16";"0,73";"2097152";"73820";"3,52";"0";"3";"32";"0";"2"
"22.11.2015 02:35:00";"1";"0";"18";"0,82";"2097152";"76546";"3,65";"0";"3";"32";"0";"2"
"22.11.2015 02:40:00";"1";"0";"17";"0,77";"2097152";"79482";"3,79";"0";"3";"32";"0";"2"
"22.11.2015 02:45:00";"1";"0";"16";"0,74";"2097152";"97518";"4,65";"0";"3";"32";"0";"2"
"22.11.2015 02:50:00";"1";"0";"18";"0,82";"2097152";"79482";"3,79";"0";"3";"32";"0";"2"
"22.11.2015 02:55:00";"1";"0";"17";"0,79";"2097152";"66899";"3,19";"0";"3";"32";"0";"2"
"22.11.2015 03:00:00";"1";"0";"16";"0,74";"2097152";"96259";"4,59";"0";"3";"32";"0";"2"
"22.11.2015 03:05:00";"1";"0";"18";"0,81";"2097152";"44460";"2,12";"0";"9";"32";"0";"2"
"22.11.2015 03:10:00";"1";"0";"17";"0,77";"2097152";"87871";"4,19";"0";"3";"32";"0";"2"
"22.11.2015 03:15:00";"1";"0";"16";"0,74";"2097152";"52848";"2,52";"0";"3";"32";"0";"2"
"22.11.2015 03:20:00";"1";"0";"20";"0,92";"2097152";"92065";"4,39";"0";"17";"32";"0";"2"
"22.11.2015 03:25:00";"1";"0";"18";"0,81";"2097152";"66899";"3,19";"0";"3";"32";"0";"2"
"22.11.2015 03:30:00";"1";"0";"16";"0,75";"2097152";"84935";"4,05";"0";"3";"32";"0";"2"
"22.11.2015 03:35:00";"1";"0";"17";"0,8";"2097152";"79482";"3,79";"0";"3";"32";"0";"2"
"22.11.2015 03:40:00";"1";"0";"17";"0,78";"2097152";"89129";"4,25";"0";"3";"32";"0";"2"
"22.11.2015 03:45:00";"1";"0";"16";"0,74";"2097152";"113036";"5,39";"0";"4";"32";"0";"2"
"22.11.2015 03:50:00";"1";"0";"17";"0,79";"2097152";"96259";"4,59";"0";"3";"32";"0";"2"
"22.11.2015 03:55:00";"1";"0";"17";"0,78";"2097152";"80740";"3,85";"0";"3";"32";"0";"2"
"22.11.2015 04:00:00";"1";"0";"16";"0,75";"2097152";"93323";"4,45";"0";"3";"32";"0";"2"
"22.11.2015 04:05:00";"1";"0";"17";"0,8";"2097152";"55575";"2,65";"0";"4";"32";"0";"2"
"22.11.2015 04:10:00";"1";"0";"17";"0,78";"2097152";"50122";"2,39";"0";"3";"32";"0";"2"
"22.11.2015 04:15:00";"1";"0";"16";"0,74";"2097152";"68157";"3,25";"0";"3";"32";"0";"2"
"22.11.2015 04:20:00";"1";"0";"18";"0,82";"2097152";"104648";"4,99";"0";"3";"32";"0";"2"
"22.11.2015 04:25:00";"1";"0";"18";"0,82";"2097152";"68157";"3,25";"0";"5";"32";"0";"2"
"22.11.2015 04:30:00";"1";"0";"16";"0,74";"2097152";"104648";"4,99";"0";"3";"32";"0";"2"
"22.11.2015 04:35:00";"1";"0";"18";"0,82";"2097152";"83676";"3,99";"0";"3";"32";"0";"2"
"22.11.2015 04:40:00";"1";"0";"17";"0,79";"2097152";"75288";"3,59";"0";"3";"32";"0";"2"
"22.11.2015 04:45:00";"1";"0";"16";"0,74";"2097152";"76546";"3,65";"0";"3";"32";"0";"2"
"22.11.2015 04:50:00";"1";"0";"17";"0,79";"2097152";"73820";"3,52";"0";"3";"32";"0";"2"
"22.11.2015 04:55:00";"1";"0";"17";"0,77";"2097152";"75288";"3,59";"0";"3";"32";"0";"2"
"22.11.2015 05:00:00";"1";"0";"16";"0,72";"2097152";"55575";"2,65";"0";"3";"32";"0";"2"
"22.11.2015 05:05:00";"1";"0";"18";"0,81";"2097152";"75288";"3,59";"0";"4";"32";"0";"2"
"22.11.2015 05:10:00";"1";"0";"17";"0,77";"2097152";"62705";"2,99";"0";"3";"32";"0";"2"
"22.11.2015 05:15:00";"1";"0";"16";"0,74";"2097152";"58511";"2,79";"0";"3";"32";"0";"2"
"22.11.2015 05:20:00";"1";"0";"17";"0,8";"2097152";"42992";"2,05";"0";"3";"32";"0";"2"
"22.11.2015 05:25:00";"1";"0";"17";"0,77";"2097152";"51380";"2,45";"0";"3";"32";"0";"2"
"22.11.2015 05:30:00";"1";"0";"16";"0,73";"2097152";"62705";"2,99";"0";"3";"32";"0";"2"
"22.11.2015 05:35:00";"1";"0";"18";"0,81";"2097152";"65431";"3,12";"0";"3";"32";"0";"2"
"22.11.2015 05:40:00";"1";"0";"17";"0,76";"2097152";"54316";"2,59";"0";"3";"32";"0";"2"
"22.11.2015 05:45:00";"1";"0";"16";"0,74";"2097152";"76546";"3,65";"0";"3";"32";"0";"2"
"22.11.2015 05:50:00";"1";"0";"17";"0,8";"2097152";"76546";"3,65";"0";"3";"32";"0";"2"
"22.11.2015 05:55:00";"1";"0";"17";"0,79";"2097152";"87871";"4,19";"0";"3";"32";"0";"2"
"22.11.2015 06:00:00";"1";"0";"16";"0,75";"2097152";"75288";"3,59";"0";"3";"32";"0";"2"
"22.11.2015 06:05:00";"1";"0";"18";"0,83";"2097152";"68157";"3,25";"0";"3";"32";"0";"2"
"22.11.2015 06:10:00";"1";"0";"17";"0,77";"2097152";"86403";"4,12";"0";"3";"32";"0";"2"
"22.11.2015 06:15:00";"1";"0";"16";"0,73";"2097152";"96259";"4,59";"0";"3";"32";"0";"2"
"22.11.2015 06:20:00";"1";"0";"17";"0,8";"2097152";"44460";"2,12";"0";"3";"32";"0";"2"
"22.11.2015 06:25:00";"1";"0";"17";"0,77";"2097152";"58511";"2,79";"0";"3";"32";"0";"2"
"22.11.2015 06:30:00";"1";"0";"16";"0,74";"2097152";"79482";"3,79";"0";"3";"32";"0";"2"
"22.11.2015 06:35:00";"1";"0";"18";"0,82";"2097152";"68157";"3,25";"0";"3";"32";"0";"2"
"22.11.2015 06:40:00";"1";"0";"17";"0,76";"2097152";"54316";"2,59";"0";"3";"32";"0";"2"
"22.11.2015 06:45:00";"1";"0";"16";"0,73";"2097152";"50122";"2,39";"0";"3";"32";"0";"2"
"22.11.2015 06:50:00";"1";"0";"17";"0,79";"2097152";"68157";"3,25";"0";"3";"32";"0";"2"
"22.11.2015 06:55:00";"1";"0";"17";"0,77";"2097152";"79482";"3,79";"0";"3";"32";"0";"2"
"22.11.2015 07:00:00";"1";"0";"16";"0,73";"2097152";"62705";"2,99";"0";"3";"32";"0";"2"
"22.11.2015 07:05:00";"1";"0";"18";"0,8";"2097152";"79482";"3,79";"0";"3";"32";"0";"2"
"22.11.2015 07:10:00";"1";"0";"17";"0,77";"2097152";"71093";"3,39";"0";"3";"32";"0";"2"
"22.11.2015 07:15:00";"1";"0";"16";"0,74";"2097152";"61237";"2,92";"0";"3";"32";"0";"2"
"22.11.2015 07:20:00";"1";"0";"17";"0,79";"2097152";"71093";"3,39";"0";"3";"32";"0";"2"
"22.11.2015 07:25:00";"1";"0";"17";"0,76";"2097152";"79482";"3,79";"0";"3";"32";"0";"2"
"22.11.2015 07:30:00";"1";"0";"16";"0,73";"2097152";"100454";"4,79";"0";"3";"32";"0";"2"
"22.11.2015 07:35:00";"1";"0";"18";"0,82";"2097152";"79482";"3,79";"0";"3";"32";"0";"2"
"22.11.2015 07:40:00";"1";"0";"17";"0,78";"2097152";"71093";"3,39";"0";"3";"32";"0";"2"
"22.11.2015 07:45:00";"1";"0";"16";"0,73";"2097152";"83676";"3,99";"0";"3";"32";"0";"2"
"22.11.2015 07:50:00";"1";"0";"18";"0,8";"2097152";"58511";"2,79";"0";"3";"32";"0";"2"
"22.11.2015 07:55:00";"1";"0";"17";"0,77";"2097152";"82208";"3,92";"0";"3";"32";"0";"2"
"22.11.2015 08:00:00";"1";"0";"16";"0,74";"2097152";"92065";"4,39";"0";"3";"32";"0";"2"
"22.11.2015 08:05:00";"1";"0";"18";"0,81";"2097152";"65431";"3,12";"0";"5";"32";"0";"2"
"22.11.2015 08:10:00";"1";"0";"17";"0,78";"2097152";"89129";"4,25";"0";"3";"32";"0";"2"
"22.11.2015 08:15:00";"1";"0";"16";"0,75";"2097152";"89129";"4,25";"0";"3";"32";"0";"2"
"22.11.2015 08:20:00";"1";"0";"17";"0,8";"2097152";"51380";"2,45";"0";"3";"32";"0";"2"
"22.11.2015 08:25:00";"1";"0";"17";"0,78";"2097152";"54316";"2,59";"0";"3";"32";"0";"2"
"22.11.2015 08:30:00";"1";"0";"16";"0,73";"2097152";"51380";"2,45";"0";"3";"32";"0";"2"
"22.11.2015 08:35:00";"1";"0";"17";"0,81";"2097152";"66899";"3,19";"0";"4";"32";"0";"2"
"22.11.2015 08:40:00";"1";"0";"17";"0,78";"2097152";"54316";"2,59";"0";"3";"32";"0";"2"
"22.11.2015 08:45:00";"1";"0";"16";"0,75";"2097152";"66899";"3,19";"0";"3";"32";"0";"2"
"22.11.2015 08:50:00";"1";"0";"17";"0,8";"2097152";"98986";"4,72";"0";"3";"32";"0";"2"
"22.11.2015 08:55:00";"1";"0";"17";"0,78";"2097152";"98986";"4,72";"0";"3";"32";"0";"2"
"22.11.2015 09:00:00";"1";"0";"16";"0,73";"2097152";"68157";"3,25";"0";"3";"32";"0";"2"
"22.11.2015 09:05:00";"1";"0";"18";"0,83";"2097152";"78014";"3,72";"0";"4";"32";"0";"2"
"22.11.2015 09:10:00";"1";"0";"17";"0,77";"2097152";"61237";"2,92";"0";"3";"32";"0";"2"
"22.11.2015 09:15:00";"1";"0";"16";"0,74";"2097152";"58511";"2,79";"0";"3";"32";"0";"2"
"22.11.2015 09:20:00";"1";"0";"17";"0,8";"2097152";"63963";"3,05";"0";"3";"32";"0";"2"
"22.11.2015 09:25:00";"1";"0";"17";"0,78";"2097152";"80740";"3,85";"0";"3";"32";"0";"2"
"22.11.2015 09:30:00";"1";"0";"16";"0,72";"2097152";"84935";"4,05";"0";"3";"32";"0";"2"
"22.11.2015 09:35:00";"1";"0";"17";"0,8";"2097152";"51380";"2,45";"0";"4";"32";"0";"2"
"22.11.2015 09:40:00";"1";"0";"17";"0,77";"2097152";"68157";"3,25";"0";"3";"32";"0";"2"
"22.11.2015 09:45:00";"1";"0";"16";"0,74";"2097152";"104648";"4,99";"0";"3";"32";"0";"2"
"22.11.2015 09:50:00";"1";"0";"17";"0,79";"2097152";"93323";"4,45";"0";"3";"32";"0";"2"
"22.11.2015 09:55:00";"1";"0";"17";"0,77";"2097152";"71093";"3,39";"0";"3";"32";"0";"2"
"22.11.2015 10:00:00";"1";"0";"16";"0,73";"2097152";"51380";"2,45";"0";"3";"32";"0";"2"
"22.11.2015 10:05:00";"1";"0";"18";"0,81";"2097152";"59769";"2,85";"0";"4";"32";"0";"2"
"22.11.2015 10:10:00";"1";"0";"17";"0,8";"2097152";"83676";"3,99";"0";"3";"32";"0";"2"
"22.11.2015 10:15:00";"1";"0";"16";"0,74";"2097152";"84935";"4,05";"0";"3";"32";"0";"2"
"22.11.2015 10:20:00";"1";"0";"18";"0,82";"2097152";"79482";"3,79";"0";"3";"32";"0";"2"
"22.11.2015 10:25:00";"1";"0";"17";"0,77";"2097152";"94791";"4,52";"0";"3";"32";"0";"2"
"22.11.2015 10:30:00";"1";"0";"16";"0,73";"2097152";"65431";"3,12";"0";"3";"32";"0";"2"
"22.11.2015 10:35:00";"1";"0";"17";"0,8";"2097152";"73820";"3,52";"0";"3";"32";"0";"2"
"22.11.2015 10:40:00";"1";"0";"17";"0,77";"2097152";"63963";"3,05";"0";"3";"32";"0";"2"
"22.11.2015 10:45:00";"1";"0";"16";"0,73";"2097152";"73820";"3,52";"0";"3";"32";"0";"2"
"22.11.2015 10:50:00";"1";"0";"18";"0,81";"2097152";"47186";"2,25";"0";"3";"32";"0";"2"
"22.11.2015 10:55:00";"1";"0";"17";"0,78";"2097152";"55575";"2,65";"0";"3";"32";"0";"2"
"22.11.2015 11:00:00";"1";"0";"16";"0,74";"2097152";"37539";"1,79";"0";"3";"32";"0";"2"
"22.11.2015 11:05:00";"1";"0";"18";"0,84";"2097152";"82208";"3,92";"0";"4";"32";"0";"2"
"22.11.2015 11:10:00";"1";"0";"17";"0,79";"2097152";"101712";"4,85";"0";"3";"32";"0";"2"
"22.11.2015 11:15:00";"1";"0";"17";"0,76";"2097152";"78014";"3,72";"0";"3";"32";"0";"2"
"22.11.2015 11:20:00";"1";"0";"18";"0,8";"2097152";"48654";"2,32";"0";"3";"32";"0";"2"
"22.11.2015 11:25:00";"1";"0";"17";"0,79";"2097152";"92065";"4,39";"0";"3";"32";"0";"2"
"22.11.2015 11:30:00";"1";"0";"16";"0,74";"2097152";"101712";"4,85";"0";"3";"32";"0";"2"
"22.11.2015 11:35:00";"1";"0";"17";"0,8";"2097152";"76546";"3,65";"0";"3";"32";"0";"2"
"22.11.2015 11:40:00";"1";"0";"17";"0,77";"2097152";"55575";"2,65";"0";"3";"32";"0";"2"
"22.11.2015 11:45:00";"1";"0";"16";"0,75";"2097152";"73820";"3,52";"0";"4";"32";"0";"2"
"22.11.2015 11:50:00";"1";"0";"18";"0,8";"2097152";"66899";"3,19";"0";"3";"32";"0";"2"
"22.11.2015 11:55:00";"1";"0";"17";"0,78";"2097152";"61237";"2,92";"0";"3";"32";"0";"2"
"22.11.2015 12:00:00";"1";"0";"16";"0,74";"2097152";"72352";"3,45";"0";"3";"32";"0";"2"
"22.11.2015 12:05:00";"1";"0";"18";"0,8";"2097152";"94791";"4,52";"0";"3";"32";"0";"2"
"22.11.2015 12:10:00";"1";"0";"17";"0,77";"2097152";"71093";"3,39";"0";"3";"32";"0";"2"
"22.11.2015 12:15:00";"1";"0";"16";"0,75";"2097152";"72352";"3,45";"0";"3";"32";"0";"2"
"22.11.2015 12:20:00";"1";"0";"17";"0,8";"2097152";"62705";"2,99";"0";"3";"32";"0";"2"
"22.11.2015 12:25:00";"1";"0";"17";"0,78";"2097152";"66899";"3,19";"0";"3";"32";"0";"2"
"22.11.2015 12:30:00";"1";"0";"17";"0,76";"2097152";"84935";"4,05";"0";"3";"32";"0";"2"
"22.11.2015 12:35:00";"1";"0";"18";"0,81";"2097152";"73820";"3,52";"0";"3";"32";"0";"2"
"22.11.2015 12:40:00";"1";"0";"17";"0,78";"2097152";"66899";"3,19";"0";"3";"32";"0";"2"
"22.11.2015 12:45:00";"1";"0";"16";"0,74";"2097152";"72352";"3,45";"0";"3";"32";"0";"2"
"22.11.2015 12:50:00";"1";"0";"17";"0,79";"2097152";"58511";"2,79";"0";"3";"32";"0";"2"
"22.11.2015 12:55:00";"1";"0";"17";"0,78";"2097152";"73820";"3,52";"0";"4";"32";"0";"2"
"22.11.2015 13:00:00";"1";"0";"16";"0,72";"2097152";"79482";"3,79";"0";"3";"32";"0";"2"
"22.11.2015 13:05:00";"1";"0";"18";"0,82";"2097152";"57043";"2,72";"0";"3";"32";"0";"2"
"22.11.2015 13:10:00";"1";"0";"17";"0,78";"2097152";"59769";"2,85";"0";"3";"32";"0";"2"
"22.11.2015 13:15:00";"1";"0";"16";"0,74";"2097152";"75288";"3,59";"0";"3";"32";"0";"2"
"22.11.2015 13:20:00";"1";"0";"17";"0,8";"2097152";"61237";"2,92";"0";"3";"32";"0";"2"
"22.11.2015 13:25:00";"1";"0";"17";"0,77";"2097152";"80740";"3,85";"0";"3";"32";"0";"2"
"22.11.2015 13:30:00";"1";"0";"16";"0,75";"2097152";"94791";"4,52";"0";"3";"32";"0";"2"
"22.11.2015 13:35:00";"1";"0";"18";"0,82";"2097152";"80740";"3,85";"0";"3";"32";"0";"2"
"22.11.2015 13:40:00";"1";"0";"17";"0,78";"2097152";"45928";"2,19";"0";"3";"32";"0";"2"
"22.11.2015 13:45:00";"1";"0";"16";"0,73";"2097152";"63963";"3,05";"0";"3";"32";"0";"2"
"22.11.2015 13:50:00";"1";"0";"17";"0,79";"2097152";"76546";"3,65";"0";"3";"32";"0";"2"
"22.11.2015 13:55:00";"1";"0";"17";"0,77";"2097152";"71093";"3,39";"0";"3";"32";"0";"2"
"22.11.2015 14:00:00";"1";"0";"16";"0,76";"2097152";"45928";"2,19";"0";"3";"32";"0";"2"
"22.11.2015 14:05:00";"1";"0";"18";"0,81";"2097152";"50122";"2,39";"0";"3";"32";"0";"2"
"22.11.2015 14:10:00";"1";"0";"17";"0,78";"2097152";"103180";"4,92";"0";"3";"32";"0";"2"
"22.11.2015 14:15:00";"1";"0";"16";"0,75";"2097152";"80740";"3,85";"0";"3";"32";"0";"2"
"22.11.2015 14:20:00";"1";"0";"17";"0,79";"2097152";"72352";"3,45";"0";"3";"32";"0";"2"
"22.11.2015 14:25:00";"1";"0";"17";"0,78";"2097152";"69625";"3,32";"0";"3";"32";"0";"2"
"22.11.2015 14:30:00";"1";"0";"16";"0,75";"2097152";"76546";"3,65";"0";"3";"32";"0";"2"
"22.11.2015 14:35:00";"1";"0";"18";"0,82";"2097152";"47186";"2,25";"0";"3";"32";"0";"2"
"22.11.2015 14:40:00";"1";"0";"17";"0,76";"2097152";"87871";"4,19";"0";"3";"32";"0";"2"
"22.11.2015 14:45:00";"1";"0";"16";"0,75";"2097152";"90597";"4,32";"0";"3";"32";"0";"2"
"22.11.2015 14:50:00";"1";"0";"17";"0,79";"2097152";"198181";"9,45";"0";"3";"32";"0";"2"
"22.11.2015 14:55:00";"1";"0";"17";"0,77";"2097152";"79482";"3,79";"0";"4";"32";"0";"2"
"22.11.2015 15:00:00";"1";"0";"16";"0,75";"2097152";"83676";"3,99";"0";"3";"32";"0";"2"
"22.11.2015 15:05:00";"1";"0";"17";"0,8";"2097152";"68157";"3,25";"0";"4";"32";"0";"2"
"22.11.2015 15:10:00";"1";"0";"17";"0,77";"2097152";"41733";"1,99";"0";"3";"32";"0";"2"
"22.11.2015 15:15:00";"1";"0";"16";"0,74";"2097152";"54316";"2,59";"0";"3";"32";"0";"2"
"22.11.2015 15:20:00";"1";"0";"17";"0,79";"2097152";"42992";"2,05";"0";"3";"32";"0";"2"
"22.11.2015 15:25:00";"1";"0";"17";"0,79";"2097152";"92065";"4,39";"0";"3";"32";"0";"2"
"22.11.2015 15:30:00";"1";"0";"16";"0,75";"2097152";"59769";"2,85";"0";"3";"32";"0";"2"
"22.11.2015 15:35:00";"1";"0";"18";"0,81";"2097152";"79482";"3,79";"0";"4";"32";"0";"2"
"22.11.2015 15:40:00";"1";"0";"17";"0,76";"2097152";"76546";"3,65";"0";"3";"32";"0";"2"
"22.11.2015 15:45:00";"1";"0";"16";"0,73";"2097152";"63963";"3,05";"0";"3";"32";"0";"2"
"22.11.2015 15:50:00";"1";"0";"18";"0,8";"2097152";"55575";"2,65";"0";"3";"32";"0";"2"
"22.11.2015 15:55:00";"1";"0";"17";"0,78";"2097152";"57043";"2,72";"0";"3";"32";"0";"2"
"22.11.2015 16:00:00";"1";"0";"16";"0,74";"2097152";"54316";"2,59";"0";"3";"32";"0";"2"
"22.11.2015 16:05:00";"1";"0";"18";"0,81";"2097152";"62705";"2,99";"0";"3";"32";"0";"2"
"22.11.2015 16:10:00";"1";"0";"17";"0,78";"2097152";"65431";"3,12";"0";"3";"32";"0";"2"
"22.11.2015 16:15:00";"1";"0";"16";"0,76";"2097152";"69625";"3,32";"0";"3";"32";"0";"2"
"22.11.2015 16:20:00";"1";"0";"18";"0,8";"2097152";"59769";"2,85";"0";"3";"32";"0";"2"
"22.11.2015 16:25:00";"1";"0";"17";"0,77";"2097152";"62705";"2,99";"0";"3";"32";"0";"2"
"22.11.2015 16:30:00";"1";"0";"16";"0,73";"2097152";"44460";"2,12";"0";"3";"32";"0";"2"
"22.11.2015 16:35:00";"1";"0";"17";"0,79";"2097152";"61237";"2,92";"0";"3";"32";"0";"2"
"22.11.2015 16:40:00";"1";"0";"17";"0,78";"2097152";"98986";"4,72";"0";"3";"32";"0";"2"
"22.11.2015 16:45:00";"1";"0";"16";"0,75";"2097152";"89129";"4,25";"0";"3";"32";"0";"2"
"22.11.2015 16:50:00";"1";"0";"18";"0,82";"2097152";"80740";"3,85";"0";"3";"32";"0";"2"
"22.11.2015 16:55:00";"1";"0";"17";"0,76";"2097152";"86403";"4,12";"0";"3";"32";"0";"2"
"22.11.2015 17:00:00";"1";"0";"16";"0,73";"2097152";"90597";"4,32";"0";"3";"32";"0";"2"
"22.11.2015 17:05:00";"1";"0";"17";"0,8";"2097152";"93323";"4,45";"0";"3";"32";"0";"2"
"22.11.2015 17:10:00";"1";"0";"17";"0,76";"2097152";"89129";"4,25";"0";"3";"32";"0";"2"
"22.11.2015 17:15:00";"1";"0";"16";"0,74";"2097152";"82208";"3,92";"0";"3";"32";"0";"2"
"22.11.2015 17:20:00";"1";"0";"18";"0,82";"2097152";"98986";"4,72";"0";"3";"32";"0";"2"
"22.11.2015 17:25:00";"1";"0";"17";"0,76";"2097152";"63963";"3,05";"0";"3";"32";"0";"2"
"22.11.2015 17:30:00";"1";"0";"16";"0,73";"2097152";"78014";"3,72";"0";"3";"32";"0";"2"
"22.11.2015 17:35:00";"1";"0";"17";"0,78";"2097152";"86403";"4,12";"0";"3";"32";"0";"2"
"22.11.2015 17:40:00";"1";"0";"17";"0,77";"2097152";"78014";"3,72";"0";"3";"32";"0";"2"
"22.11.2015 17:45:00";"1";"0";"16";"0,73";"2097152";"61237";"2,92";"0";"3";"32";"0";"2"
"22.11.2015 17:50:00";"1";"0";"17";"0,79";"2097152";"83676";"3,99";"0";"3";"32";"0";"2"
"22.11.2015 17:55:00";"1";"0";"17";"0,77";"2097152";"86403";"4,12";"0";"3";"32";"0";"2"
"22.11.2015 18:00:00";"1";"0";"16";"0,74";"2097152";"82208";"3,92";"0";"3";"32";"0";"2"
"22.11.2015 18:05:00";"1";"0";"18";"0,81";"2097152";"90597";"4,32";"0";"4";"32";"0";"2"
"22.11.2015 18:10:00";"1";"0";"17";"0,76";"2097152";"63963";"3,05";"0";"3";"32";"0";"2"
"22.11.2015 18:15:00";"1";"0";"16";"0,74";"2097152";"78014";"3,72";"0";"3";"32";"0";"2"
"22.11.2015 18:20:00";"1";"0";"18";"0,8";"2097152";"58511";"2,79";"0";"3";"32";"0";"2"
"22.11.2015 18:25:00";"1";"0";"17";"0,77";"2097152";"48654";"2,32";"0";"3";"32";"0";"2"
"22.11.2015 18:30:00";"1";"0";"16";"0,72";"2097152";"57043";"2,72";"0";"3";"32";"0";"2"
"22.11.2015 18:35:00";"1";"0";"17";"0,79";"2097152";"52848";"2,52";"0";"4";"32";"0";"2"
"22.11.2015 18:40:00";"1";"0";"17";"0,77";"2097152";"86403";"4,12";"0";"3";"32";"0";"2"
"22.11.2015 18:45:00";"1";"0";"16";"0,73";"2097152";"96259";"4,59";"0";"3";"32";"0";"2"
"22.11.2015 18:50:00";"1";"0";"17";"0,79";"2097152";"61237";"2,92";"0";"3";"32";"0";"2"
"22.11.2015 18:55:00";"1";"0";"17";"0,77";"2097152";"52848";"2,52";"0";"3";"32";"0";"2"
"22.11.2015 19:00:00";"1";"0";"16";"0,72";"2097152";"75288";"3,59";"0";"3";"32";"0";"2"
"22.11.2015 19:05:00";"1";"0";"17";"0,79";"2097152";"72352";"3,45";"0";"4";"32";"0";"2"
"22.11.2015 19:10:00";"1";"0";"17";"0,77";"2097152";"87871";"4,19";"0";"3";"32";"0";"2"
"22.11.2015 19:15:00";"1";"0";"16";"0,73";"2097152";"105906";"5,05";"0";"3";"32";"0";"2"
"22.11.2015 19:20:00";"1";"0";"17";"0,79";"2097152";"66899";"3,19";"0";"3";"32";"0";"2"
"22.11.2015 19:25:00";"1";"0";"17";"0,77";"2097152";"92065";"4,39";"0";"3";"32";"0";"2"
"22.11.2015 19:30:00";"1";"0";"16";"0,76";"2097152";"63963";"3,05";"0";"3";"32";"0";"2"
"22.11.2015 19:35:00";"1";"0";"17";"0,8";"2097152";"90597";"4,32";"0";"4";"32";"0";"2"
"22.11.2015 19:40:00";"1";"0";"17";"0,76";"2097152";"80740";"3,85";"0";"3";"32";"0";"2"
"22.11.2015 19:45:00";"1";"0";"16";"0,73";"2097152";"57043";"2,72";"0";"3";"32";"0";"2"
"22.11.2015 19:50:00";"1";"0";"18";"0,81";"2097152";"83676";"3,99";"0";"3";"32";"0";"2"
"22.11.2015 19:55:00";"1";"0";"17";"0,78";"2097152";"101712";"4,85";"0";"3";"32";"0";"2"
"22.11.2015 20:00:00";"1";"0";"16";"0,74";"2097152";"79482";"3,79";"0";"3";"32";"0";"2"
"22.11.2015 20:05:00";"1";"0";"18";"0,8";"2097152";"58511";"2,79";"0";"3";"32";"0";"2"
"22.11.2015 20:10:00";"1";"0";"16";"0,76";"2097152";"75288";"3,59";"0";"3";"32";"0";"2"
"22.11.2015 20:15:00";"1";"0";"16";"0,75";"2097152";"79482";"3,79";"0";"3";"32";"0";"2"
"22.11.2015 20:20:00";"1";"0";"18";"0,81";"2097152";"72352";"3,45";"0";"3";"32";"0";"2"
"22.11.2015 20:25:00";"1";"0";"17";"0,79";"2097152";"54316";"2,59";"0";"4";"32";"0";"2"
"22.11.2015 20:30:00";"1";"0";"16";"0,75";"2097152";"80740";"3,85";"0";"3";"32";"0";"2"
"22.11.2015 20:35:00";"1";"0";"17";"0,78";"2097152";"83676";"3,99";"0";"3";"32";"0";"2"
"22.11.2015 20:40:00";"1";"0";"17";"0,76";"2097152";"63963";"3,05";"0";"3";"32";"0";"2"
"22.11.2015 20:45:00";"1";"0";"16";"0,72";"2097152";"78014";"3,72";"0";"3";"32";"0";"2"
"22.11.2015 20:50:00";"1";"0";"18";"0,82";"2097152";"54316";"2,59";"0";"3";"32";"0";"2"
"22.11.2015 20:55:00";"1";"0";"17";"0,77";"2097152";"72352";"3,45";"0";"4";"32";"0";"2"
"22.11.2015 21:00:00";"1";"0";"16";"0,73";"2097152";"65431";"3,12";"0";"3";"32";"0";"2"
"22.11.2015 21:05:00";"1";"0";"17";"0,8";"2097152";"54316";"2,59";"0";"3";"32";"0";"2"
"22.11.2015 21:10:00";"1";"0";"17";"0,78";"2097152";"69625";"3,32";"0";"3";"32";"0";"2"
"22.11.2015 21:15:00";"1";"0";"16";"0,74";"2097152";"82208";"3,92";"0";"3";"32";"0";"2"
"22.11.2015 21:20:00";"1";"0";"17";"0,79";"2097152";"86403";"4,12";"0";"3";"32";"0";"2"
"22.11.2015 21:25:00";"1";"0";"17";"0,76";"2097152";"61237";"2,92";"0";"3";"32";"0";"2"
"22.11.2015 21:30:00";"1";"0";"16";"0,74";"2097152";"69625";"3,32";"0";"3";"32";"0";"2"
"22.11.2015 21:35:00";"1";"0";"17";"0,78";"2097152";"47186";"2,25";"0";"3";"32";"0";"2"
"22.11.2015 21:40:00";"1";"0";"17";"0,78";"2097152";"48654";"2,32";"0";"3";"32";"0";"2"
"22.11.2015 21:45:00";"1";"0";"16";"0,74";"2097152";"69625";"3,32";"0";"3";"32";"0";"2"
"22.11.2015 21:50:00";"1";"0";"17";"0,79";"2097152";"73820";"3,52";"0";"3";"32";"0";"2"
"22.11.2015 21:55:00";"1";"0";"17";"0,77";"2097152";"42992";"2,05";"0";"3";"32";"0";"2"
"22.11.2015 22:00:00";"1";"0";"16";"0,72";"2097152";"83676";"3,99";"0";"3";"32";"0";"2"
"22.11.2015 22:05:00";"1";"0";"18";"0,81";"2097152";"76546";"3,65";"0";"3";"32";"0";"2"
"22.11.2015 22:10:00";"1";"0";"17";"0,79";"2097152";"66899";"3,19";"0";"3";"32";"0";"2"
"22.11.2015 22:15:00";"1";"0";"17";"0,78";"2097152";"82208";"3,92";"0";"3";"32";"0";"2"
"22.11.2015 22:20:00";"1";"0";"18";"0,84";"2097152";"65431";"3,12";"0";"3";"32";"0";"2"
"22.11.2015 22:25:00";"1";"0";"18";"0,83";"2097152";"62705";"2,99";"0";"3";"32";"0";"2"
"22.11.2015 22:30:00";"1";"0";"17";"0,78";"2097152";"72352";"3,45";"0";"3";"32";"0";"2"
"22.11.2015 22:35:00";"1";"0";"19";"0,85";"2097152";"87871";"4,19";"0";"3";"32";"0";"2"
"22.11.2015 22:40:00";"1";"0";"18";"0,81";"2097152";"108842";"5,19";"0";"3";"32";"0";"2"
"22.11.2015 22:45:00";"1";"0";"16";"0,74";"2097152";"105906";"5,05";"0";"3";"32";"0";"2"
"22.11.2015 22:50:00";"1";"0";"17";"0,79";"2097152";"100454";"4,79";"0";"3";"32";"0";"2"
"22.11.2015 22:55:00";"1";"0";"17";"0,76";"2097152";"92065";"4,39";"0";"3";"32";"0";"2"
"22.11.2015 23:00:00";"1";"0";"16";"0,73";"2097152";"82208";"3,92";"0";"3";"32";"0";"2"
"22.11.2015 23:05:00";"1";"0";"18";"0,82";"2097152";"68157";"3,25";"0";"3";"32";"0";"2"
"22.11.2015 23:10:00";"1";"0";"17";"0,79";"2097152";"52848";"2,52";"0";"3";"32";"0";"2"
"22.11.2015 23:15:00";"1";"0";"16";"0,74";"2097152";"83676";"3,99";"0";"3";"32";"0";"2"
"22.11.2015 23:20:00";"1";"0";"18";"0,81";"2097152";"68157";"3,25";"0";"3";"32";"0";"2"
"22.11.2015 23:25:00";"1";"0";"17";"0,79";"2097152";"89129";"4,25";"0";"3";"32";"0";"2"
"22.11.2015 23:30:00";"1";"0";"16";"0,73";"2097152";"87871";"4,19";"0";"3";"32";"0";"2"
"22.11.2015 23:35:00";"1";"0";"17";"0,8";"2097152";"66899";"3,19";"0";"3";"32";"0";"2"
"22.11.2015 23:40:00";"1";"0";"17";"0,78";"2097152";"75288";"3,59";"0";"3";"32";"0";"2"
"22.11.2015 23:45:00";"1";"0";"16";"0,74";"2097152";"92065";"4,39";"0";"3";"32";"0";"2"
"22.11.2015 23:50:00";"1";"0";"17";"0,8";"2097152";"79482";"3,79";"0";"3";"32";"0";"2"
"22.11.2015 23:55:00";"1";"0";"18";"0,8";"2097152";"87871";"4,19";"0";"4";"32";"0";"2"
"23.11.2015 00:00:00";"1";"0";"16";"0,73";"2097152";"66899";"3,19";"0";"4";"32";"0";"2"
"23.11.2015 00:05:00";"1";"0";"17";"0,8";"2097152";"96259";"4,59";"0";"4";"32";"0";"2"
"23.11.2015 00:10:00";"1";"0";"17";"0,78";"2097152";"71093";"3,39";"0";"3";"32";"0";"2"
"23.11.2015 00:15:00";"1";"0";"16";"0,75";"2097152";"62705";"2,99";"0";"3";"32";"0";"2"
"23.11.2015 00:20:00";"1";"0";"18";"0,8";"2097152";"54316";"2,59";"0";"3";"32";"0";"2"
"23.11.2015 00:25:00";"1";"0";"17";"0,78";"2097152";"100454";"4,79";"0";"3";"32";"0";"2"
"23.11.2015 00:30:00";"1";"0";"16";"0,72";"2097152";"68157";"3,25";"0";"3";"32";"0";"2"
"23.11.2015 00:35:00";"1";"0";"18";"0,83";"2097152";"103180";"4,92";"0";"3";"32";"0";"2"
"23.11.2015 00:40:00";"1";"0";"17";"0,78";"2097152";"100454";"4,79";"0";"3";"32";"0";"2"
"23.11.2015 00:45:00";"1";"0";"16";"0,75";"2097152";"72352";"3,45";"0";"3";"32";"0";"2"
"23.11.2015 00:50:00";"1";"0";"18";"0,82";"2097152";"73820";"3,52";"0";"3";"32";"0";"2"
"23.11.2015 00:55:00";"1";"0";"17";"0,78";"2097152";"71093";"3,39";"0";"3";"32";"0";"2"
"23.11.2015 01:00:00";"1";"0";"16";"0,72";"2097152";"66899";"3,19";"0";"3";"32";"0";"2"
"23.11.2015 01:05:00";"1";"0";"18";"0,81";"2097152";"45928";"2,19";"0";"4";"32";"0";"2"
"23.11.2015 01:10:00";"1";"0";"17";"0,78";"2097152";"59769";"2,85";"0";"3";"32";"0";"2"
"23.11.2015 01:15:00";"1";"0";"16";"0,74";"2097152";"101712";"4,85";"0";"3";"32";"0";"2"
"23.11.2015 01:20:00";"1";"0";"17";"0,79";"2097152";"87871";"4,19";"0";"3";"32";"0";"2"
"23.11.2015 01:25:00";"1";"0";"17";"0,76";"2097152";"86403";"4,12";"0";"3";"32";"0";"2"
"23.11.2015 01:30:00";"1";"0";"16";"0,75";"2097152";"73820";"3,52";"0";"3";"32";"0";"2"
"23.11.2015 01:35:00";"1";"0";"17";"0,79";"2097152";"93323";"4,45";"0";"4";"32";"0";"2"
"23.11.2015 01:40:00";"1";"0";"17";"0,77";"2097152";"117231";"5,59";"0";"3";"32";"0";"2"
"23.11.2015 01:45:00";"1";"0";"16";"0,73";"2097152";"55575";"2,65";"0";"3";"32";"0";"2"
"23.11.2015 01:50:00";"1";"0";"17";"0,78";"2097152";"50122";"2,39";"0";"3";"32";"0";"2"
"23.11.2015 01:55:00";"1";"0";"17";"0,76";"2097152";"45928";"2,19";"0";"3";"32";"0";"2"
"23.11.2015 02:00:00";"1";"0";"16";"0,72";"2097152";"58511";"2,79";"0";"3";"32";"0";"2"
"23.11.2015 02:05:00";"1";"0";"18";"0,8";"2097152";"83676";"3,99";"0";"4";"32";"0";"2"
"23.11.2015 02:10:00";"1";"0";"17";"0,76";"2097152";"58511";"2,79";"0";"3";"32";"0";"2"
"23.11.2015 02:15:00";"1";"0";"16";"0,74";"2097152";"76546";"3,65";"0";"3";"32";"0";"2"
"23.11.2015 02:20:00";"1";"0";"17";"0,79";"2097152";"58511";"2,79";"0";"3";"32";"0";"2"
"23.11.2015 02:25:00";"1";"0";"17";"0,76";"2097152";"62705";"2,99";"0";"3";"32";"0";"2"
"23.11.2015 02:30:00";"1";"0";"16";"0,73";"2097152";"62705";"2,99";"0";"3";"32";"0";"2"
"23.11.2015 02:35:00";"1";"0";"18";"0,8";"2097152";"57043";"2,72";"0";"4";"32";"0";"2"
"23.11.2015 02:40:00";"1";"0";"17";"0,76";"2097152";"79482";"3,79";"0";"3";"32";"0";"2"
"23.11.2015 02:45:00";"1";"0";"16";"0,73";"2097152";"92065";"4,39";"0";"3";"32";"0";"2"
"23.11.2015 02:50:00";"1";"0";"18";"0,8";"2097152";"69625";"3,32";"0";"3";"32";"0";"2"
"23.11.2015 02:55:00";"1";"0";"17";"0,76";"2097152";"87871";"4,19";"0";"3";"32";"0";"2"
"23.11.2015 03:00:00";"1";"0";"16";"0,72";"2097152";"76546";"3,65";"0";"3";"32";"0";"2"
"23.11.2015 03:05:00";"1";"0";"18";"0,82";"2097152";"68157";"3,25";"0";"4";"32";"0";"2"
"23.11.2015 03:10:00";"1";"0";"17";"0,76";"2097152";"40265";"1,92";"0";"3";"32";"0";"2"
"23.11.2015 03:15:00";"1";"0";"16";"0,74";"2097152";"104648";"4,99";"0";"3";"32";"0";"2"
"23.11.2015 03:20:00";"1";"0";"17";"0,79";"2097152";"50122";"2,39";"0";"3";"32";"0";"2"
"23.11.2015 03:25:00";"1";"0";"19";"0,88";"2097152";"89129";"4,25";"0";"17";"32";"0";"2"
"23.11.2015 03:30:00";"1";"0";"16";"0,71";"2097152";"87871";"4,19";"0";"3";"32";"0";"2"
"23.11.2015 03:35:00";"1";"0";"18";"0,81";"2097152";"171757";"8,19";"0";"3";"32";"0";"2"
"23.11.2015 03:40:00";"1";"0";"16";"0,76";"2097152";"66899";"3,19";"0";"3";"32";"0";"2"
"23.11.2015 03:45:00";"1";"0";"16";"0,72";"2097152";"78014";"3,72";"0";"3";"32";"0";"2"
"23.11.2015 03:50:00";"1";"0";"17";"0,78";"2097152";"63963";"3,05";"0";"3";"32";"0";"2"
"23.11.2015 03:55:00";"1";"0";"17";"0,77";"2097152";"79482";"3,79";"0";"3";"32";"0";"2"
"23.11.2015 04:00:00";"1";"0";"16";"0,72";"2097152";"87871";"4,19";"0";"3";"32";"0";"2"
"23.11.2015 04:05:00";"1";"0";"17";"0,79";"2097152";"61237";"2,92";"0";"3";"32";"0";"2"
"23.11.2015 04:10:00";"1";"0";"17";"0,76";"2097152";"104648";"4,99";"0";"3";"32";"0";"2"
"23.11.2015 04:15:00";"1";"0";"16";"0,73";"2097152";"71093";"3,39";"0";"3";"32";"0";"2"
"23.11.2015 04:20:00";"1";"0";"17";"0,79";"2097152";"75288";"3,59";"0";"3";"32";"0";"2"
"23.11.2015 04:25:00";"1";"0";"17";"0,79";"2097152";"59769";"2,85";"0";"3";"32";"0";"2"
"23.11.2015 04:30:00";"1";"0";"16";"0,73";"2097152";"61237";"2,92";"0";"3";"32";"0";"2"
"23.11.2015 04:35:00";"1";"0";"17";"0,79";"2097152";"76546";"3,65";"0";"3";"32";"0";"2"
"23.11.2015 04:40:00";"1";"0";"17";"0,77";"2097152";"61237";"2,92";"0";"3";"32";"0";"2"
"23.11.2015 04:45:00";"1";"0";"16";"0,72";"2097152";"108842";"5,19";"0";"3";"32";"0";"2"
"23.11.2015 04:50:00";"1";"0";"17";"0,79";"2097152";"92065";"4,39";"0";"3";"32";"0";"2"
"23.11.2015 04:55:00";"1";"0";"16";"0,75";"2097152";"84935";"4,05";"0";"3";"32";"0";"2"
"23.11.2015 05:00:00";"1";"0";"16";"0,73";"2097152";"97518";"4,65";"0";"3";"32";"0";"2"
"23.11.2015 05:05:00";"1";"0";"18";"0,81";"2097152";"89129";"4,25";"0";"3";"32";"0";"2"
"23.11.2015 05:10:00";"1";"0";"17";"0,77";"2097152";"73820";"3,52";"0";"3";"32";"0";"2"
"23.11.2015 05:15:00";"1";"0";"16";"0,74";"2097152";"63963";"3,05";"0";"3";"32";"0";"2"
"23.11.2015 05:20:00";"1";"0";"17";"0,79";"2097152";"66899";"3,19";"0";"3";"32";"0";"2"
"23.11.2015 05:25:00";"1";"0";"17";"0,78";"2097152";"65431";"3,12";"0";"3";"32";"0";"2"
"23.11.2015 05:30:00";"1";"0";"16";"0,72";"2097152";"54316";"2,59";"0";"3";"32";"0";"2"
"23.11.2015 05:35:00";"1";"0";"17";"0,79";"2097152";"71093";"3,39";"0";"3";"32";"0";"2"
"23.11.2015 05:40:00";"1";"0";"17";"0,78";"2097152";"66899";"3,19";"0";"3";"32";"0";"2"
"23.11.2015 05:45:00";"1";"0";"16";"0,73";"2097152";"65431";"3,12";"0";"3";"32";"0";"2"
"23.11.2015 05:50:00";"1";"0";"17";"0,78";"2097152";"52848";"2,52";"0";"3";"32";"0";"2"
"23.11.2015 05:55:00";"1";"0";"17";"0,77";"2097152";"71093";"3,39";"0";"3";"32";"0";"2"
"23.11.2015 06:00:00";"1";"0";"16";"0,72";"2097152";"83676";"3,99";"0";"3";"32";"0";"2"
"23.11.2015 06:05:00";"1";"0";"17";"0,8";"2097152";"71093";"3,39";"0";"3";"32";"0";"2"
"23.11.2015 06:10:00";"1";"0";"16";"0,76";"2097152";"63963";"3,05";"0";"3";"32";"0";"2"
"23.11.2015 06:15:00";"1";"0";"16";"0,72";"2097152";"68157";"3,25";"0";"3";"32";"0";"2"
"23.11.2015 06:20:00";"1";"0";"17";"0,79";"2097152";"47186";"2,25";"0";"3";"32";"0";"2"
"23.11.2015 06:25:00";"1";"0";"17";"0,76";"2097152";"75288";"3,59";"0";"3";"32";"0";"2"
"23.11.2015 06:30:00";"1";"0";"16";"0,72";"2097152";"73820";"3,52";"0";"3";"32";"0";"2"
"23.11.2015 06:35:00";"1";"0";"18";"0,8";"2097152";"62705";"2,99";"0";"3";"32";"0";"2"
"23.11.2015 06:40:00";"1";"0";"17";"0,79";"2097152";"72352";"3,45";"0";"3";"32";"0";"2"
"23.11.2015 06:45:00";"1";"0";"16";"0,73";"2097152";"55575";"2,65";"0";"3";"32";"0";"2"
"23.11.2015 06:50:00";"1";"0";"18";"0,81";"2097152";"51380";"2,45";"0";"3";"32";"0";"2"
"23.11.2015 06:55:00";"1";"0";"17";"0,77";"2097152";"62705";"2,99";"0";"4";"32";"0";"2"
"23.11.2015 07:00:00";"1";"0";"16";"0,72";"2097152";"82208";"3,92";"0";"3";"32";"0";"2"
"23.11.2015 07:05:00";"1";"0";"17";"0,79";"2097152";"62705";"2,99";"0";"3";"32";"0";"2"
"23.11.2015 07:10:00";"1";"0";"16";"0,75";"2097152";"82208";"3,92";"0";"3";"32";"0";"2"
"23.11.2015 07:15:00";"1";"0";"16";"0,74";"2097152";"92065";"4,39";"0";"3";"32";"0";"2"
"23.11.2015 07:20:00";"1";"0";"17";"0,79";"2097152";"87871";"4,19";"0";"3";"32";"0";"2"
"23.11.2015 07:25:00";"1";"0";"17";"0,77";"2097152";"78014";"3,72";"0";"4";"32";"0";"2"
"23.11.2015 07:30:00";"1";"0";"16";"0,72";"2097152";"61237";"2,92";"0";"3";"32";"0";"2"
"23.11.2015 07:35:00";"1";"0";"17";"0,8";"2097152";"45928";"2,19";"0";"3";"32";"0";"2"
"23.11.2015 07:40:00";"1";"0";"17";"0,76";"2097152";"44460";"2,12";"0";"3";"32";"0";"2"
"23.11.2015 07:45:00";"1";"0";"16";"0,72";"2097152";"65431";"3,12";"0";"3";"32";"0";"2"
"23.11.2015 07:50:00";"1";"0";"17";"0,78";"2097152";"97518";"4,65";"0";"3";"32";"0";"2"
"23.11.2015 07:55:00";"1";"0";"17";"0,77";"2097152";"59769";"2,85";"0";"3";"32";"0";"2"
"23.11.2015 08:00:00";"1";"0";"16";"0,72";"2097152";"65431";"3,12";"0";"3";"32";"0";"2"
"23.11.2015 08:05:00";"1";"0";"17";"0,78";"2097152";"73820";"3,52";"0";"4";"32";"0";"2"
"23.11.2015 08:10:00";"1";"0";"16";"0,76";"2097152";"58511";"2,79";"0";"3";"32";"0";"2"
"23.11.2015 08:15:00";"1";"0";"16";"0,73";"2097152";"75288";"3,59";"0";"3";"32";"0";"2"
"23.11.2015 08:20:00";"1";"0";"17";"0,78";"2097152";"68157";"3,25";"0";"3";"32";"0";"2"
"23.11.2015 08:25:00";"1";"0";"17";"0,77";"2097152";"71093";"3,39";"0";"3";"32";"0";"2"
"23.11.2015 08:30:00";"1";"0";"15";"0,72";"2097152";"72352";"3,45";"0";"3";"32";"0";"2"
"23.11.2015 08:35:00";"1";"0";"17";"0,78";"2097152";"73820";"3,52";"0";"3";"32";"0";"2"
"23.11.2015 08:40:00";"1";"0";"17";"0,76";"2097152";"82208";"3,92";"0";"3";"32";"0";"2"
"23.11.2015 08:45:00";"1";"0";"16";"0,74";"2097152";"75288";"3,59";"0";"3";"32";"0";"2"
"23.11.2015 08:50:00";"1";"0";"17";"0,79";"2097152";"59769";"2,85";"0";"3";"32";"0";"2"
"23.11.2015 08:55:00";"1";"0";"17";"0,77";"2097152";"48654";"2,32";"0";"3";"32";"0";"2"
"23.11.2015 09:00:00";"1";"0";"16";"0,73";"2097152";"68157";"3,25";"0";"3";"32";"0";"2"
"23.11.2015 09:05:00";"1";"0";"17";"0,8";"2097152";"84935";"4,05";"0";"4";"32";"0";"2"
"23.11.2015 09:10:00";"1";"0";"17";"0,76";"2097152";"86403";"4,12";"0";"3";"32";"0";"2"
"23.11.2015 09:15:00";"1";"0";"16";"0,73";"2097152";"73820";"3,52";"0";"3";"32";"0";"2"
"23.11.2015 09:20:00";"1";"0";"17";"0,78";"2097152";"110100";"5,25";"0";"3";"32";"0";"2"
"23.11.2015 09:25:00";"1";"0";"17";"0,76";"2097152";"90597";"4,32";"0";"3";"32";"0";"2"
"23.11.2015 09:30:00";"1";"0";"16";"0,73";"2097152";"44460";"2,12";"0";"3";"32";"0";"2"
"23.11.2015 09:35:00";"1";"0";"17";"0,79";"2097152";"72352";"3,45";"0";"4";"32";"0";"2"
"23.11.2015 09:40:00";"1";"0";"17";"0,76";"2097152";"69625";"3,32";"0";"3";"32";"0";"2"
"23.11.2015 09:45:00";"1";"0";"16";"0,74";"2097152";"58511";"2,79";"0";"3";"32";"0";"2"
"23.11.2015 09:50:00";"1";"0";"17";"0,79";"2097152";"82208";"3,92";"0";"3";"32";"0";"2"
"23.11.2015 09:55:00";"1";"0";"17";"0,76";"2097152";"73820";"3,52";"0";"3";"32";"0";"2"
"23.11.2015 10:00:00";"1";"0";"16";"0,73";"2097152";"75288";"3,59";"0";"3";"32";"0";"2"
"23.11.2015 10:05:00";"1";"0";"18";"0,81";"2097152";"86403";"4,12";"0";"3";"32";"0";"2"
"23.11.2015 10:10:00";"1";"0";"17";"0,76";"2097152";"92065";"4,39";"0";"3";"32";"0";"2"
"23.11.2015 10:15:00";"1";"0";"16";"0,74";"2097152";"82208";"3,92";"0";"3";"32";"0";"2"
"23.11.2015 10:20:00";"1";"0";"17";"0,79";"2097152";"66899";"3,19";"0";"3";"32";"0";"2"
"23.11.2015 10:25:00";"1";"0";"16";"0,75";"2097152";"52848";"2,52";"0";"3";"32";"0";"2"
"23.11.2015 10:30:00";"1";"0";"16";"0,72";"2097152";"84935";"4,05";"0";"3";"32";"0";"2"
"23.11.2015 10:35:00";"1";"0";"17";"0,79";"2097152";"101712";"4,85";"0";"3";"32";"0";"2"
"23.11.2015 10:40:00";"1";"0";"17";"0,77";"2097152";"82208";"3,92";"0";"3";"32";"0";"2"
"23.11.2015 10:45:00";"1";"0";"16";"0,74";"2097152";"54316";"2,59";"0";"3";"32";"0";"2"
"23.11.2015 10:50:00";"1";"0";"17";"0,79";"2097152";"65431";"3,12";"0";"3";"32";"0";"2"
"23.11.2015 10:55:00";"1";"0";"16";"0,75";"2097152";"63963";"3,05";"0";"3";"32";"0";"2"
"23.11.2015 11:00:00";"1";"0";"16";"0,71";"2097152";"48654";"2,32";"0";"3";"32";"0";"2"
"23.11.2015 11:05:00";"1";"0";"18";"0,81";"2097152";"76546";"3,65";"0";"3";"32";"0";"2"
"23.11.2015 11:10:00";"1";"0";"17";"0,76";"2097152";"84935";"4,05";"0";"3";"32";"0";"2"
"23.11.2015 11:15:00";"1";"0";"16";"0,72";"2097152";"87871";"4,19";"0";"3";"32";"0";"2"
"23.11.2015 11:20:00";"1";"0";"17";"0,78";"2097152";"78014";"3,72";"0";"3";"32";"0";"2"
"23.11.2015 11:25:00";"1";"0";"17";"0,76";"2097152";"68157";"3,25";"0";"3";"32";"0";"2"
"23.11.2015 11:30:00";"1";"0";"16";"0,72";"2097152";"55575";"2,65";"0";"3";"32";"0";"2"
"23.11.2015 11:35:00";"1";"0";"17";"0,79";"2097152";"65431";"3,12";"0";"3";"32";"0";"2"
"23.11.2015 11:40:00";"1";"0";"17";"0,78";"2097152";"94791";"4,52";"0";"3";"32";"0";"2"
"23.11.2015 11:45:00";"1";"0";"15";"0,72";"2097152";"93323";"4,45";"0";"3";"32";"0";"2"
"23.11.2015 11:50:00";"1";"0";"17";"0,78";"2097152";"83676";"3,99";"0";"3";"32";"0";"2"
"23.11.2015 11:55:00";"1";"0";"17";"0,76";"2097152";"78014";"3,72";"0";"3";"32";"0";"2"
"23.11.2015 12:00:00";"1";"0";"16";"0,72";"2097152";"71093";"3,39";"0";"3";"32";"0";"2"
"23.11.2015 12:05:00";"1";"0";"17";"0,79";"2097152";"62705";"2,99";"0";"3";"32";"0";"2"
"23.11.2015 12:10:00";"1";"0";"17";"0,76";"2097152";"83676";"3,99";"0";"3";"32";"0";"2"
"23.11.2015 12:15:00";"1";"0";"16";"0,71";"2097152";"118489";"5,65";"0";"3";"32";"0";"2"
"23.11.2015 12:20:00";"1";"0";"17";"0,78";"2097152";"83676";"3,99";"0";"3";"32";"0";"2"
"23.11.2015 12:25:00";"1";"0";"17";"0,78";"2097152";"50122";"2,39";"0";"3";"32";"0";"2"
"23.11.2015 12:30:00";"1";"0";"16";"0,75";"2097152";"65431";"3,12";"0";"3";"32";"0";"2"
"23.11.2015 12:35:00";"1";"0";"17";"0,79";"2097152";"80740";"3,85";"0";"3";"32";"0";"2"
"23.11.2015 12:40:00";"1";"0";"17";"0,78";"2097152";"107374";"5,12";"0";"3";"32";"0";"2"
"23.11.2015 12:45:00";"1";"0";"16";"0,72";"2097152";"80740";"3,85";"0";"3";"32";"0";"2"
"23.11.2015 12:50:00";"1";"0";"17";"0,79";"2097152";"76546";"3,65";"0";"3";"32";"0";"2"
"23.11.2015 12:55:00";"1";"0";"16";"0,76";"2097152";"54316";"2,59";"0";"3";"32";"0";"2"
"23.11.2015 13:00:00";"1";"0";"16";"0,72";"2097152";"58511";"2,79";"0";"3";"32";"0";"2"
"23.11.2015 13:05:00";"1";"0";"18";"0,8";"2097152";"62705";"2,99";"0";"3";"32";"0";"2"
"23.11.2015 13:10:00";"1";"0";"17";"0,76";"2097152";"78014";"3,72";"0";"3";"32";"0";"2"
"23.11.2015 13:15:00";"1";"0";"16";"0,74";"2097152";"71093";"3,39";"0";"3";"32";"0";"2"
"23.11.2015 13:20:00";"1";"0";"17";"0,79";"2097152";"65431";"3,12";"0";"3";"32";"0";"2"
"23.11.2015 13:25:00";"1";"0";"16";"0,76";"2097152";"30409";"1,45";"0";"3";"32";"0";"2"
"23.11.2015 13:30:00";"1";"0";"15";"0,72";"2097152";"72352";"3,45";"0";"3";"32";"0";"2"
"23.11.2015 13:35:00";"1";"0";"17";"0,79";"2097152";"82208";"3,92";"0";"3";"32";"0";"2"
"23.11.2015 13:40:00";"1";"0";"17";"0,77";"2097152";"87871";"4,19";"0";"3";"32";"0";"2"
"23.11.2015 13:45:00";"1";"0";"16";"0,74";"2097152";"86403";"4,12";"0";"3";"32";"0";"2"
"23.11.2015 13:50:00";"1";"0";"17";"0,78";"2097152";"75288";"3,59";"0";"3";"32";"0";"2"
"23.11.2015 13:55:00";"1";"0";"17";"0,76";"2097152";"73820";"3,52";"0";"3";"32";"0";"2"
"23.11.2015 14:00:00";"1";"0";"16";"0,72";"2097152";"94791";"4,52";"0";"3";"32";"0";"2"
"23.11.2015 14:05:00";"1";"0";"17";"0,79";"2097152";"79482";"3,79";"0";"3";"32";"0";"2"
"23.11.2015 14:10:00";"1";"0";"17";"0,77";"2097152";"58511";"2,79";"0";"3";"32";"0";"2"
"23.11.2015 14:15:00";"1";"0";"16";"0,74";"2097152";"96259";"4,59";"0";"3";"32";"0";"2"
"23.11.2015 14:20:00";"1";"0";"17";"0,78";"2097152";"58511";"2,79";"0";"3";"32";"0";"2"
"23.11.2015 14:25:00";"1";"0";"17";"0,76";"2097152";"73820";"3,52";"0";"3";"32";"0";"2"
"23.11.2015 14:30:00";"1";"0";"16";"0,71";"2097152";"84935";"4,05";"0";"3";"32";"0";"2"
"23.11.2015 14:35:00";"1";"0";"17";"0,79";"2097152";"79482";"3,79";"0";"3";"32";"0";"2"
"23.11.2015 14:40:00";"1";"0";"17";"0,78";"2097152";"76546";"3,65";"0";"3";"32";"0";"2"
"23.11.2015 14:45:00";"1";"0";"16";"0,73";"2097152";"51380";"2,45";"0";"3";"32";"0";"2"
"23.11.2015 14:50:00";"1";"0";"17";"0,78";"2097152";"71093";"3,39";"0";"3";"32";"0";"2"
"23.11.2015 14:55:00";"1";"0";"17";"0,76";"2097152";"61237";"2,92";"0";"3";"32";"0";"2"
"23.11.2015 15:00:00";"1";"0";"16";"0,72";"2097152";"68157";"3,25";"0";"3";"32";"0";"2"
"23.11.2015 15:05:00";"1";"0";"17";"0,78";"2097152";"63963";"3,05";"0";"3";"32";"0";"2"
"23.11.2015 15:10:00";"1";"0";"17";"0,77";"2097152";"68157";"3,25";"0";"3";"32";"0";"2"
"23.11.2015 15:15:00";"1";"0";"16";"0,72";"2097152";"66899";"3,19";"0";"3";"32";"0";"2"
"23.11.2015 15:20:00";"1";"0";"17";"0,79";"2097152";"96259";"4,59";"0";"3";"32";"0";"2"
"23.11.2015 15:25:00";"1";"0";"16";"0,75";"2097152";"82208";"3,92";"0";"3";"32";"0";"2"
"23.11.2015 15:30:00";"1";"0";"16";"0,72";"2097152";"68157";"3,25";"0";"3";"32";"0";"2"
"23.11.2015 15:35:00";"1";"0";"17";"0,78";"2097152";"84935";"4,05";"0";"3";"32";"0";"2"
"23.11.2015 15:40:00";"1";"0";"16";"0,75";"2097152";"54316";"2,59";"0";"3";"32";"0";"2"
"23.11.2015 15:45:00";"1";"0";"16";"0,73";"2097152";"62705";"2,99";"0";"3";"32";"0";"2"
"23.11.2015 15:50:00";"1";"0";"17";"0,78";"2097152";"75288";"3,59";"0";"3";"32";"0";"2"
"23.11.2015 15:55:00";"1";"0";"17";"0,78";"2097152";"93323";"4,45";"0";"3";"32";"0";"2"
"23.11.2015 16:00:00";"1";"0";"16";"0,72";"2097152";"108842";"5,19";"0";"3";"32";"0";"2"
"23.11.2015 16:05:00";"1";"0";"17";"0,8";"2097152";"63963";"3,05";"0";"3";"32";"0";"2"
"23.11.2015 16:10:00";"1";"0";"17";"0,77";"2097152";"84935";"4,05";"0";"3";"32";"0";"2"
"23.11.2015 16:15:00";"1";"0";"16";"0,72";"2097152";"93323";"4,45";"0";"3";"32";"0";"2"
"23.11.2015 16:20:00";"1";"0";"18";"0,82";"2097152";"125619";"5,99";"0";"3";"32";"0";"2"
"23.11.2015 16:25:00";"1";"0";"17";"0,77";"2097152";"167562";"7,99";"0";"3";"32";"0";"2"
"23.11.2015 16:30:00";"1";"0";"16";"0,73";"2097152";"57043";"2,72";"0";"3";"32";"0";"2"
"23.11.2015 16:35:00";"1";"0";"18";"0,8";"2097152";"72352";"3,45";"0";"3";"32";"0";"2"
"23.11.2015 16:40:00";"1";"0";"17";"0,76";"2097152";"73820";"3,52";"0";"3";"32";"0";"2"
"23.11.2015 16:45:00";"1";"0";"16";"0,73";"2097152";"83676";"3,99";"0";"3";"32";"0";"2"
"23.11.2015 16:50:00";"1";"0";"17";"0,78";"2097152";"80740";"3,85";"0";"3";"32";"0";"2"
"23.11.2015 16:55:00";"1";"0";"17";"0,76";"2097152";"87871";"4,19";"0";"3";"32";"0";"2"
"23.11.2015 17:00:00";"1";"0";"16";"0,72";"2097152";"69625";"3,32";"0";"3";"32";"0";"2"
"23.11.2015 17:05:00";"1";"0";"17";"0,79";"2097152";"51380";"2,45";"0";"3";"32";"0";"2"
"23.11.2015 17:10:00";"1";"0";"16";"0,75";"2097152";"94791";"4,52";"0";"3";"32";"0";"2"
"23.11.2015 17:15:00";"1";"0";"15";"0,71";"2097152";"79482";"3,79";"0";"3";"32";"0";"2"
"23.11.2015 17:20:00";"1";"0";"17";"0,78";"2097152";"55575";"2,65";"0";"3";"32";"0";"2"
"23.11.2015 17:25:00";"1";"0";"17";"0,76";"2097152";"68157";"3,25";"0";"3";"32";"0";"2"
"23.11.2015 17:30:00";"1";"0";"16";"0,72";"2097152";"71093";"3,39";"0";"3";"32";"0";"2"
"23.11.2015 17:35:00";"1";"0";"17";"0,77";"2097152";"73820";"3,52";"0";"3";"32";"0";"2"
"23.11.2015 17:40:00";"1";"0";"17";"0,77";"2097152";"66899";"3,19";"0";"3";"32";"0";"2"
"23.11.2015 17:45:00";"1";"0";"16";"0,75";"2097152";"80740";"3,85";"0";"3";"32";"0";"2"
"23.11.2015 17:50:00";"1";"0";"17";"0,78";"2097152";"58511";"2,79";"0";"3";"32";"0";"2"
"23.11.2015 17:55:00";"1";"0";"16";"0,75";"2097152";"58511";"2,79";"0";"3";"32";"0";"2"
"23.11.2015 18:00:00";"1";"0";"15";"0,71";"2097152";"58511";"2,79";"0";"3";"32";"0";"2"
"23.11.2015 18:05:00";"1";"0";"18";"0,81";"2097152";"68157";"3,25";"0";"3";"32";"0";"2"
"23.11.2015 18:10:00";"1";"0";"17";"0,75";"2097152";"98986";"4,72";"0";"3";"32";"0";"2"
"23.11.2015 18:15:00";"1";"0";"16";"0,72";"2097152";"96259";"4,59";"0";"3";"32";"0";"2"
"23.11.2015 18:20:00";"1";"0";"17";"0,77";"2097152";"79482";"3,79";"0";"3";"32";"0";"2"
"23.11.2015 18:25:00";"1";"0";"16";"0,75";"2097152";"100454";"4,79";"0";"3";"32";"0";"2"
"23.11.2015 18:30:00";"1";"0";"16";"0,71";"2097152";"93323";"4,45";"0";"3";"32";"0";"2"
"23.11.2015 18:35:00";"1";"0";"17";"0,78";"2097152";"113036";"5,39";"0";"3";"32";"0";"2"
"23.11.2015 18:40:00";"1";"0";"17";"0,77";"2097152";"104648";"4,99";"0";"3";"32";"0";"2"
"23.11.2015 18:45:00";"1";"0";"16";"0,72";"2097152";"58511";"2,79";"0";"3";"32";"0";"2"
"23.11.2015 18:50:00";"1";"0";"17";"0,78";"2097152";"78014";"3,72";"0";"3";"32";"0";"2"
"23.11.2015 18:55:00";"1";"0";"16";"0,76";"2097152";"104648";"4,99";"0";"3";"32";"0";"2"
"23.11.2015 19:00:00";"1";"0";"16";"0,73";"2097152";"75288";"3,59";"0";"3";"32";"0";"2"
"23.11.2015 19:05:00";"1";"0";"17";"0,79";"2097152";"66899";"3,19";"0";"3";"32";"0";"2"
"23.11.2015 19:10:00";"1";"0";"16";"0,75";"2097152";"71093";"3,39";"0";"3";"32";"0";"2"
"23.11.2015 19:15:00";"1";"0";"15";"0,71";"2097152";"87871";"4,19";"0";"3";"32";"0";"2"
"23.11.2015 19:20:00";"1";"0";"17";"0,78";"2097152";"47186";"2,25";"0";"3";"32";"0";"2"
"23.11.2015 19:25:00";"1";"0";"16";"0,75";"2097152";"87871";"4,19";"0";"3";"32";"0";"2"
"23.11.2015 19:30:00";"1";"0";"16";"0,72";"2097152";"63963";"3,05";"0";"3";"32";"0";"2"
"23.11.2015 19:35:00";"1";"0";"17";"0,8";"2097152";"80740";"3,85";"0";"3";"32";"0";"2"
"23.11.2015 19:40:00";"1";"0";"17";"0,77";"2097152";"76546";"3,65";"0";"3";"32";"0";"2"
"23.11.2015 19:45:00";"1";"0";"15";"0,71";"2097152";"69625";"3,32";"0";"3";"32";"0";"2"
"23.11.2015 19:50:00";"1";"0";"17";"0,79";"2097152";"54316";"2,59";"0";"3";"32";"0";"2"
"23.11.2015 19:55:00";"1";"0";"17";"0,76";"2097152";"79482";"3,79";"0";"3";"32";"0";"2"
"23.11.2015 20:00:00";"1";"0";"16";"0,75";"2097152";"104648";"4,99";"0";"3";"32";"0";"2"
"23.11.2015 20:05:00";"1";"0";"17";"0,79";"2097152";"79482";"3,79";"0";"3";"32";"0";"2"
"23.11.2015 20:10:00";"1";"0";"17";"0,76";"2097152";"97518";"4,65";"0";"3";"32";"0";"2"
"23.11.2015 20:15:00";"1";"0";"16";"0,72";"2097152";"83676";"3,99";"0";"3";"32";"0";"2"
"23.11.2015 20:20:00";"1";"0";"17";"0,78";"2097152";"80740";"3,85";"0";"3";"32";"0";"2"
"23.11.2015 20:25:00";"1";"0";"17";"0,77";"2097152";"51380";"2,45";"0";"3";"32";"0";"2"
"23.11.2015 20:30:00";"1";"0";"16";"0,74";"2097152";"52848";"2,52";"0";"3";"32";"0";"2"
"23.11.2015 20:35:00";"1";"0";"17";"0,79";"2097152";"66899";"3,19";"0";"3";"32";"0";"2"
"23.11.2015 20:40:00";"1";"0";"16";"0,75";"2097152";"71093";"3,39";"0";"3";"32";"0";"2"
"23.11.2015 20:45:00";"1";"0";"16";"0,73";"2097152";"94791";"4,52";"0";"3";"32";"0";"2"
"23.11.2015 20:50:00";"1";"0";"17";"0,78";"2097152";"80740";"3,85";"0";"3";"32";"0";"2"
"23.11.2015 20:55:00";"1";"0";"17";"0,77";"2097152";"75288";"3,59";"0";"3";"32";"0";"2"
"23.11.2015 21:00:00";"1";"0";"16";"0,74";"2097152";"62705";"2,99";"0";"3";"32";"0";"2"
"23.11.2015 21:05:00";"1";"0";"18";"0,82";"2097152";"38797";"1,85";"0";"3";"32";"0";"2"
"23.11.2015 21:10:00";"1";"0";"17";"0,78";"2097152";"71093";"3,39";"0";"3";"32";"0";"2"
"23.11.2015 21:15:00";"1";"0";"16";"0,72";"2097152";"68157";"3,25";"0";"3";"32";"0";"2"
"23.11.2015 21:20:00";"1";"0";"17";"0,77";"2097152";"84935";"4,05";"0";"3";"32";"0";"2"
"23.11.2015 21:25:00";"1";"0";"17";"0,77";"2097152";"71093";"3,39";"0";"3";"32";"0";"2"
"23.11.2015 21:30:00";"1";"0";"16";"0,75";"2097152";"37539";"1,79";"0";"3";"32";"0";"2"
"23.11.2015 21:35:00";"1";"0";"17";"0,78";"2097152";"58511";"2,79";"0";"3";"32";"0";"2"
"23.11.2015 21:40:00";"1";"0";"17";"0,75";"2097152";"75288";"3,59";"0";"3";"32";"0";"2"
"23.11.2015 21:45:00";"1";"0";"16";"0,71";"2097152";"66899";"3,19";"0";"3";"32";"0";"2"
"23.11.2015 21:50:00";"1";"0";"18";"0,8";"2097152";"41733";"1,99";"0";"3";"32";"0";"2"
"23.11.2015 21:55:00";"1";"0";"17";"0,76";"2097152";"59769";"2,85";"0";"3";"32";"0";"2"
"23.11.2015 22:00:00";"1";"0";"15";"0,7";"2097152";"75288";"3,59";"0";"3";"32";"0";"2"
"23.11.2015 22:05:00";"1";"0";"18";"0,81";"2097152";"36071";"1,72";"0";"3";"32";"0";"2"
"23.11.2015 22:10:00";"1";"0";"17";"0,78";"2097152";"75288";"3,59";"0";"3";"32";"0";"2"
"23.11.2015 22:15:00";"1";"0";"16";"0,74";"2097152";"96259";"4,59";"0";"3";"32";"0";"2"
"23.11.2015 22:20:00";"1";"0";"17";"0,8";"2097152";"87871";"4,19";"0";"3";"32";"0";"2"
"23.11.2015 22:25:00";"1";"0";"18";"0,8";"2097152";"76546";"3,65";"0";"3";"32";"0";"2"
"23.11.2015 22:30:00";"1";"0";"16";"0,75";"2097152";"66899";"3,19";"0";"3";"32";"0";"2"
"23.11.2015 22:35:00";"1";"0";"18";"0,82";"2097152";"83676";"3,99";"0";"4";"32";"0";"2"
"23.11.2015 22:40:00";"1";"0";"18";"0,81";"2097152";"93323";"4,45";"0";"3";"32";"0";"2"
"23.11.2015 22:45:00";"1";"0";"16";"0,76";"2097152";"87871";"4,19";"0";"3";"32";"0";"2"
"23.11.2015 22:50:00";"1";"0";"18";"0,81";"2097152";"80740";"3,85";"0";"3";"32";"0";"2"
"23.11.2015 22:55:00";"1";"0";"17";"0,78";"2097152";"54316";"2,59";"0";"3";"32";"0";"2"
"23.11.2015 23:00:00";"1";"0";"16";"0,72";"2097152";"87871";"4,19";"0";"3";"32";"0";"2"
"23.11.2015 23:05:00";"1";"0";"18";"0,82";"2097152";"63963";"3,05";"0";"4";"32";"0";"2"
"23.11.2015 23:10:00";"1";"0";"17";"0,77";"2097152";"83676";"3,99";"0";"3";"32";"0";"2"
"23.11.2015 23:15:00";"1";"0";"16";"0,72";"2097152";"79482";"3,79";"0";"3";"32";"0";"2"
"23.11.2015 23:20:00";"1";"0";"18";"0,81";"2097152";"62705";"2,99";"0";"3";"32";"0";"2"
"23.11.2015 23:25:00";"1";"0";"17";"0,76";"2097152";"75288";"3,59";"0";"3";"32";"0";"2"
"23.11.2015 23:30:00";"1";"0";"16";"0,72";"2097152";"96259";"4,59";"0";"3";"32";"0";"2"
"23.11.2015 23:35:00";"1";"0";"17";"0,78";"2097152";"55575";"2,65";"0";"3";"32";"0";"2"
"23.11.2015 23:40:00";"1";"0";"16";"0,75";"2097152";"76546";"3,65";"0";"3";"32";"0";"2"
"23.11.2015 23:45:00";"1";"0";"16";"0,72";"2097152";"59769";"2,85";"0";"3";"32";"0";"2"
"23.11.2015 23:50:00";"1";"0";"17";"0,79";"2097152";"48654";"2,32";"0";"3";"32";"0";"2"
"23.11.2015 23:55:00";"1";"0";"18";"0,8";"2097152";"78014";"3,72";"0";"3";"32";"0";"2"
"24.11.2015 00:00:00";"1";"0";"16";"0,74";"2097152";"86403";"4,12";"0";"4";"32";"0";"2"
"24.11.2015 00:05:00";"1";"0";"18";"0,82";"2097152";"52848";"2,52";"0";"4";"32";"0";"2"
"24.11.2015 00:10:00";"1";"0";"17";"0,76";"2097152";"97518";"4,65";"0";"3";"32";"0";"2"
"24.11.2015 00:15:00";"1";"0";"16";"0,72";"2097152";"89129";"4,25";"0";"3";"32";"0";"2"
"24.11.2015 00:20:00";"1";"0";"18";"0,82";"2097152";"92065";"4,39";"0";"3";"32";"0";"2"
"24.11.2015 00:25:00";"1";"0";"17";"0,78";"2097152";"100454";"4,79";"0";"3";"32";"0";"2"
"24.11.2015 00:30:00";"1";"0";"16";"0,73";"2097152";"76546";"3,65";"0";"3";"32";"0";"2"
"24.11.2015 00:35:00";"1";"0";"17";"0,79";"2097152";"79482";"3,79";"0";"3";"32";"0";"2"
"24.11.2015 00:40:00";"1";"0";"16";"0,76";"2097152";"92065";"4,39";"0";"3";"32";"0";"2"
"24.11.2015 00:45:00";"1";"0";"16";"0,72";"2097152";"65431";"3,12";"0";"4";"32";"0";"2"
"24.11.2015 00:50:00";"1";"0";"17";"0,8";"2097152";"82208";"3,92";"0";"3";"32";"0";"2"
"24.11.2015 00:55:00";"1";"0";"17";"0,77";"2097152";"80740";"3,85";"0";"3";"32";"0";"2"
"24.11.2015 01:00:00";"1";"0";"16";"0,73";"2097152";"80740";"3,85";"0";"3";"32";"0";"2"
"24.11.2015 01:05:00";"1";"0";"18";"0,83";"2097152";"59769";"2,85";"0";"4";"32";"0";"2"
"24.11.2015 01:10:00";"1";"0";"17";"0,79";"2097152";"61237";"2,92";"0";"3";"32";"0";"2"
"24.11.2015 01:15:00";"1";"0";"17";"0,76";"2097152";"55575";"2,65";"0";"3";"32";"0";"2"
"24.11.2015 01:20:00";"1";"0";"17";"0,78";"2097152";"73820";"3,52";"0";"3";"32";"0";"2"
"24.11.2015 01:25:00";"1";"0";"17";"0,79";"2097152";"73820";"3,52";"0";"3";"32";"0";"2"
"24.11.2015 01:30:00";"1";"0";"16";"0,75";"2097152";"51380";"2,45";"0";"3";"32";"0";"2"
"24.11.2015 01:35:00";"1";"0";"18";"0,81";"2097152";"42992";"2,05";"0";"3";"32";"0";"2"
"24.11.2015 01:40:00";"1";"0";"17";"0,78";"2097152";"83676";"3,99";"0";"3";"32";"0";"2"
"24.11.2015 01:45:00";"1";"0";"16";"0,73";"2097152";"93323";"4,45";"0";"4";"32";"0";"2"
"24.11.2015 01:50:00";"1";"0";"17";"0,8";"2097152";"82208";"3,92";"0";"3";"32";"0";"2"
"24.11.2015 01:55:00";"1";"0";"17";"0,76";"2097152";"50122";"2,39";"0";"3";"32";"0";"2"
"24.11.2015 02:00:00";"1";"0";"16";"0,73";"2097152";"78014";"3,72";"0";"3";"32";"0";"2"
"24.11.2015 02:05:00";"1";"0";"18";"0,81";"2097152";"86403";"4,12";"0";"4";"32";"0";"2"
"24.11.2015 02:10:00";"1";"0";"17";"0,77";"2097152";"87871";"4,19";"0";"3";"32";"0";"2"
"24.11.2015 02:15:00";"1";"0";"16";"0,73";"2097152";"62705";"2,99";"0";"3";"32";"0";"2"
"24.11.2015 02:20:00";"1";"0";"18";"0,82";"2097152";"47186";"2,25";"0";"3";"32";"0";"2"
"24.11.2015 02:25:00";"1";"0";"17";"0,78";"2097152";"57043";"2,72";"0";"3";"32";"0";"2"
"24.11.2015 02:30:00";"1";"0";"16";"0,73";"2097152";"69625";"3,32";"0";"3";"32";"0";"2"
"24.11.2015 02:35:00";"1";"0";"17";"0,79";"2097152";"79482";"3,79";"0";"4";"32";"0";"2"
"24.11.2015 02:40:00";"1";"0";"17";"0,77";"2097152";"94791";"4,52";"0";"3";"32";"0";"2"
"24.11.2015 02:45:00";"1";"0";"16";"0,73";"2097152";"59769";"2,85";"0";"3";"32";"0";"2"
"24.11.2015 02:50:00";"1";"0";"17";"0,79";"2097152";"71093";"3,39";"0";"3";"32";"0";"2"
"24.11.2015 02:55:00";"1";"0";"17";"0,77";"2097152";"61237";"2,92";"0";"3";"32";"0";"2"
"24.11.2015 03:00:00";"1";"0";"16";"0,74";"2097152";"98986";"4,72";"0";"3";"32";"0";"2"
"24.11.2015 03:05:00";"1";"0";"18";"0,82";"2097152";"79482";"3,79";"0";"4";"32";"0";"2"
"24.11.2015 03:10:00";"1";"0";"17";"0,77";"2097152";"80740";"3,85";"0";"3";"32";"0";"2"
"24.11.2015 03:15:00";"1";"0";"16";"0,72";"2097152";"61237";"2,92";"0";"3";"32";"0";"2"
"24.11.2015 03:20:00";"1";"0";"17";"0,8";"2097152";"86403";"4,12";"0";"3";"32";"0";"2"
"24.11.2015 03:25:00";"1";"0";"17";"0,77";"2097152";"82208";"3,92";"0";"3";"32";"0";"2"
"24.11.2015 03:30:00";"1";"0";"16";"0,75";"2097152";"132540";"6,32";"0";"3";"32";"0";"2"
"24.11.2015 03:35:00";"1";"0";"17";"0,8";"2097152";"68157";"3,25";"0";"4";"32";"0";"2"
"24.11.2015 03:40:00";"1";"0";"17";"0,78";"2097152";"79482";"3,79";"0";"3";"32";"0";"2"
"24.11.2015 03:45:00";"1";"0";"16";"0,74";"2097152";"104648";"4,99";"0";"3";"32";"0";"2"
"24.11.2015 03:50:00";"1";"0";"20";"0,91";"2097152";"92065";"4,39";"0";"17";"32";"0";"2"
"24.11.2015 03:55:00";"1";"0";"17";"0,77";"2097152";"119957";"5,72";"0";"3";"32";"0";"2"
"24.11.2015 04:00:00";"1";"0";"16";"0,72";"2097152";"84935";"4,05";"0";"3";"32";"0";"2"
"24.11.2015 04:05:00";"1";"0";"17";"0,81";"2097152";"69625";"3,32";"0";"4";"32";"0";"2"
"24.11.2015 04:10:00";"1";"0";"17";"0,77";"2097152";"61237";"2,92";"0";"3";"32";"0";"2"
"24.11.2015 04:15:00";"1";"0";"16";"0,73";"2097152";"78014";"3,72";"0";"3";"32";"0";"2"
"24.11.2015 04:20:00";"1";"0";"18";"0,82";"2097152";"86403";"4,12";"0";"3";"32";"0";"2"
"24.11.2015 04:25:00";"1";"0";"17";"0,78";"2097152";"68157";"3,25";"0";"3";"32";"0";"2"
"24.11.2015 04:30:00";"1";"0";"16";"0,75";"2097152";"65431";"3,12";"0";"3";"32";"0";"2"
"24.11.2015 04:35:00";"1";"0";"18";"0,8";"2097152";"83676";"3,99";"0";"3";"32";"0";"2"
"24.11.2015 04:40:00";"1";"0";"17";"0,77";"2097152";"66899";"3,19";"0";"3";"32";"0";"2"
"24.11.2015 04:45:00";"1";"0";"16";"0,73";"2097152";"41733";"1,99";"0";"3";"32";"0";"2"
"24.11.2015 04:50:00";"1";"0";"17";"0,78";"2097152";"83676";"3,99";"0";"3";"32";"0";"2"
"24.11.2015 04:55:00";"1";"0";"17";"0,77";"2097152";"80740";"3,85";"0";"3";"32";"0";"2"
"24.11.2015 05:00:00";"1";"0";"16";"0,72";"2097152";"51380";"2,45";"0";"3";"32";"0";"2"
"24.11.2015 05:05:00";"1";"0";"18";"0,83";"2097152";"68157";"3,25";"0";"3";"32";"0";"2"
"24.11.2015 05:10:00";"1";"0";"17";"0,78";"2097152";"154980";"7,39";"0";"3";"32";"0";"2"
"24.11.2015 05:15:00";"1";"0";"16";"0,73";"2097152";"63963";"3,05";"0";"3";"32";"0";"2"
"24.11.2015 05:20:00";"1";"0";"17";"0,79";"2097152";"71093";"3,39";"0";"3";"32";"0";"2"
"24.11.2015 05:25:00";"1";"0";"17";"0,8";"2097152";"76546";"3,65";"0";"3";"32";"0";"2"
"24.11.2015 05:30:00";"1";"0";"16";"0,73";"2097152";"79482";"3,79";"0";"3";"32";"0";"2"
"24.11.2015 05:35:00";"1";"0";"18";"0,81";"2097152";"90597";"4,32";"0";"3";"32";"0";"2"
"24.11.2015 05:40:00";"1";"0";"17";"0,77";"2097152";"76546";"3,65";"0";"3";"32";"0";"2"
"24.11.2015 05:45:00";"1";"0";"16";"0,73";"2097152";"68157";"3,25";"0";"3";"32";"0";"2"
"24.11.2015 05:50:00";"1";"0";"17";"0,8";"2097152";"68157";"3,25";"0";"3";"32";"0";"2"
"24.11.2015 05:55:00";"1";"0";"17";"0,79";"2097152";"72352";"3,45";"0";"3";"32";"0";"2"
"24.11.2015 06:00:00";"1";"0";"16";"0,74";"2097152";"73820";"3,52";"0";"3";"32";"0";"2"
"24.11.2015 06:05:00";"1";"0";"18";"0,82";"2097152";"75288";"3,59";"0";"4";"32";"0";"2"
"24.11.2015 06:10:00";"1";"0";"17";"0,78";"2097152";"76546";"3,65";"0";"3";"32";"0";"2"
"24.11.2015 06:15:00";"1";"0";"16";"0,74";"2097152";"65431";"3,12";"0";"3";"32";"0";"2"
"24.11.2015 06:20:00";"1";"0";"17";"0,78";"2097152";"57043";"2,72";"0";"3";"32";"0";"2"
"24.11.2015 06:25:00";"1";"0";"17";"0,78";"2097152";"50122";"2,39";"0";"3";"32";"0";"2"
"24.11.2015 06:30:00";"1";"0";"16";"0,72";"2097152";"97518";"4,65";"0";"3";"32";"0";"2"
"24.11.2015 06:35:00";"1";"0";"17";"0,79";"2097152";"80740";"3,85";"0";"3";"32";"0";"2"
"24.11.2015 06:40:00";"1";"0";"17";"0,77";"2097152";"73820";"3,52";"0";"3";"32";"0";"2"
"24.11.2015 06:45:00";"1";"0";"16";"0,73";"2097152";"55575";"2,65";"0";"3";"32";"0";"2"
"24.11.2015 06:50:00";"1";"0";"17";"0,8";"2097152";"83676";"3,99";"0";"3";"32";"0";"2"
"24.11.2015 06:55:00";"1";"0";"17";"0,8";"2097152";"65431";"3,12";"0";"4";"32";"0";"2"
"24.11.2015 07:00:00";"1";"0";"16";"0,74";"2097152";"78014";"3,72";"0";"3";"32";"0";"2"
"24.11.2015 07:05:00";"1";"0";"18";"0,83";"2097152";"62705";"2,99";"0";"4";"32";"0";"2"
"24.11.2015 07:10:00";"1";"0";"17";"0,77";"2097152";"76546";"3,65";"0";"3";"32";"0";"2"
"24.11.2015 07:15:00";"1";"0";"16";"0,75";"2097152";"66899";"3,19";"0";"3";"32";"0";"2"
"24.11.2015 07:20:00";"1";"0";"18";"0,82";"2097152";"58511";"2,79";"0";"3";"32";"0";"2"
"24.11.2015 07:25:00";"1";"0";"17";"0,77";"2097152";"45928";"2,19";"0";"3";"32";"0";"2"
"24.11.2015 07:30:00";"1";"0";"16";"0,74";"2097152";"58511";"2,79";"0";"3";"32";"0";"2"
"24.11.2015 07:35:00";"1";"0";"18";"0,82";"2097152";"55575";"2,65";"0";"3";"32";"0";"2"
"24.11.2015 07:40:00";"1";"0";"17";"0,79";"2097152";"59769";"2,85";"0";"3";"32";"0";"2"
"24.11.2015 07:45:00";"1";"0";"16";"0,74";"2097152";"79482";"3,79";"0";"3";"32";"0";"2"
"24.11.2015 07:50:00";"1";"0";"18";"0,81";"2097152";"96259";"4,59";"0";"3";"32";"0";"2"
"24.11.2015 07:55:00";"1";"0";"17";"0,79";"2097152";"47186";"2,25";"0";"3";"32";"0";"2"
"24.11.2015 08:00:00";"1";"0";"16";"0,73";"2097152";"69625";"3,32";"0";"3";"32";"0";"2"
"24.11.2015 08:05:00";"1";"0";"18";"0,8";"2097152";"93323";"4,45";"0";"4";"32";"0";"2"
"24.11.2015 08:10:00";"1";"0";"17";"0,8";"2097152";"75288";"3,59";"0";"3";"32";"0";"2"
"24.11.2015 08:15:00";"1";"0";"16";"0,76";"2097152";"65431";"3,12";"0";"3";"32";"0";"2"
"24.11.2015 08:20:00";"1";"0";"17";"0,79";"2097152";"86403";"4,12";"0";"3";"32";"0";"2"
"24.11.2015 08:25:00";"1";"0";"17";"0,76";"2097152";"73820";"3,52";"0";"3";"32";"0";"2"
"24.11.2015 08:30:00";"1";"0";"16";"0,73";"2097152";"71093";"3,39";"0";"3";"32";"0";"2"
"24.11.2015 08:35:00";"1";"0";"17";"0,78";"2097152";"78014";"3,72";"0";"3";"32";"0";"2"
"24.11.2015 08:40:00";"1";"0";"17";"0,77";"2097152";"79482";"3,79";"0";"3";"32";"0";"2"
"24.11.2015 08:45:00";"1";"0";"16";"0,74";"2097152";"92065";"4,39";"0";"3";"32";"0";"2"
"24.11.2015 08:50:00";"1";"0";"18";"0,8";"2097152";"52848";"2,52";"0";"3";"32";"0";"2"
"24.11.2015 08:55:00";"1";"0";"17";"0,78";"2097152";"66899";"3,19";"0";"3";"32";"0";"2"
"24.11.2015 09:00:00";"1";"0";"16";"0,73";"2097152";"75288";"3,59";"0";"3";"32";"0";"2"
"24.11.2015 09:05:00";"1";"0";"18";"0,8";"2097152";"76546";"3,65";"0";"4";"32";"0";"2"
"24.11.2015 09:10:00";"1";"0";"17";"0,78";"2097152";"51380";"2,45";"0";"3";"32";"0";"2"
"24.11.2015 09:15:00";"1";"0";"16";"0,74";"2097152";"75288";"3,59";"0";"3";"32";"0";"2"
"24.11.2015 09:20:00";"1";"0";"17";"0,8";"2097152";"75288";"3,59";"0";"3";"32";"0";"2"
"24.11.2015 09:25:00";"1";"0";"17";"0,78";"2097152";"62705";"2,99";"0";"3";"32";"0";"2"
"24.11.2015 09:30:00";"1";"0";"16";"0,75";"2097152";"50122";"2,39";"0";"3";"32";"0";"2"
"24.11.2015 09:35:00";"1";"0";"18";"0,81";"2097152";"84935";"4,05";"0";"3";"32";"0";"2"
"24.11.2015 09:40:00";"1";"0";"17";"0,79";"2097152";"92065";"4,39";"0";"3";"32";"0";"2"
"24.11.2015 09:45:00";"1";"0";"16";"0,74";"2097152";"97518";"4,65";"0";"3";"32";"0";"2"
"24.11.2015 09:50:00";"1";"0";"17";"0,79";"2097152";"92065";"4,39";"0";"3";"32";"0";"2"
"24.11.2015 09:55:00";"1";"0";"18";"0,81";"2097152";"55575";"2,65";"0";"3";"32";"0";"2"
"24.11.2015 10:00:00";"1";"0";"16";"0,73";"2097152";"68157";"3,25";"0";"3";"32";"0";"2"
"24.11.2015 10:05:00";"1";"0";"18";"0,82";"2097152";"69625";"3,32";"0";"4";"32";"0";"2"
"24.11.2015 10:10:00";"1";"0";"17";"0,78";"2097152";"71093";"3,39";"0";"3";"32";"0";"2"
"24.11.2015 10:15:00";"1";"0";"16";"0,74";"2097152";"48654";"2,32";"0";"3";"32";"0";"2"
"24.11.2015 10:20:00";"1";"0";"17";"0,79";"2097152";"66899";"3,19";"0";"3";"32";"0";"2"
"24.11.2015 10:25:00";"1";"0";"17";"0,77";"2097152";"76546";"3,65";"0";"3";"32";"0";"2"
"24.11.2015 10:30:00";"1";"0";"16";"0,74";"2097152";"65431";"3,12";"0";"3";"32";"0";"2"
"24.11.2015 10:35:00";"1";"0";"18";"0,81";"2097152";"71093";"3,39";"0";"3";"32";"0";"2"
"24.11.2015 10:40:00";"1";"0";"17";"0,76";"2097152";"79482";"3,79";"0";"3";"32";"0";"2"
"24.11.2015 10:45:00";"1";"0";"16";"0,73";"2097152";"68157";"3,25";"0";"3";"32";"0";"2"
"24.11.2015 10:50:00";"1";"0";"18";"0,8";"2097152";"103180";"4,92";"0";"3";"32";"0";"2"
"24.11.2015 10:55:00";"1";"0";"17";"0,78";"2097152";"68157";"3,25";"0";"3";"32";"0";"2"
"24.11.2015 11:00:00";"1";"0";"17";"0,76";"2097152";"78014";"3,72";"0";"3";"32";"0";"2"
"24.11.2015 11:05:00";"1";"0";"18";"0,81";"2097152";"87871";"4,19";"0";"4";"32";"0";"2"
"24.11.2015 11:10:00";"1";"0";"17";"0,76";"2097152";"62705";"2,99";"0";"3";"32";"0";"2"
"24.11.2015 11:15:00";"1";"0";"16";"0,72";"2097152";"66899";"3,19";"0";"3";"32";"0";"2"
"24.11.2015 11:20:00";"1";"0";"18";"0,81";"2097152";"59769";"2,85";"0";"3";"32";"0";"2"
"24.11.2015 11:25:00";"1";"0";"17";"0,78";"2097152";"71093";"3,39";"0";"3";"32";"0";"2"
"24.11.2015 11:30:00";"1";"0";"16";"0,73";"2097152";"66899";"3,19";"0";"3";"32";"0";"2"
"24.11.2015 11:35:00";"1";"0";"17";"0,8";"2097152";"89129";"4,25";"0";"3";"32";"0";"2"
"24.11.2015 11:40:00";"1";"0";"17";"0,79";"2097152";"62705";"2,99";"0";"3";"32";"0";"2"
"24.11.2015 11:45:00";"1";"0";"16";"0,74";"2097152";"71093";"3,39";"0";"3";"32";"0";"2"
"24.11.2015 11:50:00";"1";"0";"18";"0,81";"2097152";"69625";"3,32";"0";"3";"32";"0";"2"
"24.11.2015 11:55:00";"1";"0";"17";"0,77";"2097152";"68157";"3,25";"0";"3";"32";"0";"2"
"24.11.2015 12:00:00";"1";"0";"16";"0,72";"2097152";"75288";"3,59";"0";"3";"32";"0";"2"
"24.11.2015 12:05:00";"1";"0";"17";"0,79";"2097152";"71093";"3,39";"0";"4";"32";"0";"2"
"24.11.2015 12:10:00";"1";"0";"17";"0,76";"2097152";"62705";"2,99";"0";"3";"32";"0";"2"
"24.11.2015 12:15:00";"1";"0";"16";"0,73";"2097152";"86403";"4,12";"0";"3";"32";"0";"2"
"24.11.2015 12:20:00";"1";"0";"18";"0,8";"2097152";"94791";"4,52";"0";"3";"32";"0";"2"
"24.11.2015 12:25:00";"1";"0";"17";"0,79";"2097152";"84935";"4,05";"0";"3";"32";"0";"2"
"24.11.2015 12:30:00";"1";"0";"16";"0,75";"2097152";"62705";"2,99";"0";"3";"32";"0";"2"
"24.11.2015 12:35:00";"1";"0";"17";"0,79";"2097152";"76546";"3,65";"0";"3";"32";"0";"2"
"24.11.2015 12:40:00";"1";"0";"17";"0,77";"2097152";"121425";"5,79";"0";"3";"32";"0";"2"
"24.11.2015 12:45:00";"1";"0";"16";"0,74";"2097152";"79482";"3,79";"0";"3";"32";"0";"2"
"24.11.2015 12:50:00";"1";"0";"18";"0,82";"2097152";"79482";"3,79";"0";"3";"32";"0";"2"
"24.11.2015 12:55:00";"1";"0";"17";"0,78";"2097152";"62705";"2,99";"0";"3";"32";"0";"2"
"24.11.2015 13:00:00";"1";"0";"17";"0,76";"2097152";"62705";"2,99";"0";"3";"32";"0";"2"
"24.11.2015 13:05:00";"1";"0";"18";"0,82";"2097152";"86403";"4,12";"0";"4";"32";"0";"2"
"24.11.2015 13:10:00";"1";"0";"17";"0,78";"2097152";"72352";"3,45";"0";"3";"32";"0";"2"
"24.11.2015 13:15:00";"1";"0";"16";"0,73";"2097152";"61237";"2,92";"0";"3";"32";"0";"2"
"24.11.2015 13:20:00";"1";"0";"17";"0,8";"2097152";"68157";"3,25";"0";"3";"32";"0";"2"
"24.11.2015 13:25:00";"1";"0";"17";"0,78";"2097152";"86403";"4,12";"0";"3";"32";"0";"2"
"24.11.2015 13:30:00";"1";"0";"16";"0,73";"2097152";"61237";"2,92";"0";"3";"32";"0";"2"
"24.11.2015 13:35:00";"1";"0";"17";"0,79";"2097152";"63963";"3,05";"0";"3";"32";"0";"2"
"24.11.2015 13:40:00";"1";"0";"17";"0,77";"2097152";"80740";"3,85";"0";"3";"32";"0";"2"
"24.11.2015 13:45:00";"1";"0";"16";"0,72";"2097152";"54316";"2,59";"0";"3";"32";"0";"2"
"24.11.2015 13:50:00";"1";"0";"17";"0,79";"2097152";"72352";"3,45";"0";"3";"32";"0";"2"
"24.11.2015 13:55:00";"1";"0";"17";"0,77";"2097152";"52848";"2,52";"0";"3";"32";"0";"2"
"24.11.2015 14:00:00";"1";"0";"16";"0,73";"2097152";"54316";"2,59";"0";"3";"32";"0";"2"
"24.11.2015 14:05:00";"1";"0";"18";"0,81";"2097152";"86403";"4,12";"0";"3";"32";"0";"2"
"24.11.2015 14:10:00";"1";"0";"17";"0,77";"2097152";"71093";"3,39";"0";"3";"32";"0";"2"
"24.11.2015 14:15:00";"1";"0";"16";"0,74";"2097152";"114295";"5,45";"0";"3";"32";"0";"2"
"24.11.2015 14:20:00";"1";"0";"18";"0,81";"2097152";"105906";"5,05";"0";"3";"32";"0";"2"
"24.11.2015 14:25:00";"1";"0";"17";"0,78";"2097152";"65431";"3,12";"0";"3";"32";"0";"2"
"24.11.2015 14:30:00";"1";"0";"16";"0,73";"2097152";"66899";"3,19";"0";"3";"32";"0";"2"
"24.11.2015 14:35:00";"1";"0";"17";"0,79";"2097152";"66899";"3,19";"0";"3";"32";"0";"2"
"24.11.2015 14:40:00";"1";"0";"17";"0,77";"2097152";"52848";"2,52";"0";"3";"32";"0";"2"
"24.11.2015 14:45:00";"1";"0";"16";"0,75";"2097152";"62705";"2,99";"0";"3";"32";"0";"2"
"24.11.2015 14:50:00";"1";"0";"18";"0,81";"2097152";"59769";"2,85";"0";"3";"32";"0";"2"
"24.11.2015 14:55:00";"1";"0";"17";"0,79";"2097152";"47186";"2,25";"0";"3";"32";"0";"2"
"24.11.2015 15:00:00";"1";"0";"16";"0,73";"2097152";"83676";"3,99";"0";"3";"32";"0";"2"
"24.11.2015 15:05:00";"1";"0";"18";"0,83";"2097152";"100454";"4,79";"0";"4";"32";"0";"2"
"24.11.2015 15:10:00";"1";"0";"17";"0,77";"2097152";"68157";"3,25";"0";"3";"32";"0";"2"
"24.11.2015 15:15:00";"1";"0";"16";"0,76";"2097152";"75288";"3,59";"0";"3";"32";"0";"2"
"24.11.2015 15:20:00";"1";"0";"17";"0,8";"2097152";"69625";"3,32";"0";"3";"32";"0";"2"
"24.11.2015 15:25:00";"1";"0";"17";"0,79";"2097152";"68157";"3,25";"0";"3";"32";"0";"2"
"24.11.2015 15:30:00";"1";"0";"16";"0,75";"2097152";"55575";"2,65";"0";"3";"32";"0";"2"
"24.11.2015 15:35:00";"1";"0";"18";"0,81";"2097152";"72352";"3,45";"0";"4";"32";"0";"2"
"24.11.2015 15:40:00";"1";"0";"17";"0,77";"2097152";"71093";"3,39";"0";"3";"32";"0";"2"
"24.11.2015 15:45:00";"1";"0";"16";"0,74";"2097152";"58511";"2,79";"0";"3";"32";"0";"2"
"24.11.2015 15:50:00";"1";"0";"17";"0,79";"2097152";"84935";"4,05";"0";"3";"32";"0";"2"
"24.11.2015 15:55:00";"1";"0";"17";"0,77";"2097152";"84935";"4,05";"0";"3";"32";"0";"2"
"24.11.2015 16:00:00";"1";"0";"17";"0,75";"2097152";"69625";"3,32";"0";"3";"32";"0";"2"
"24.11.2015 16:05:00";"1";"0";"18";"0,84";"2097152";"61237";"2,92";"0";"3";"32";"0";"2"
"24.11.2015 16:10:00";"1";"0";"18";"0,83";"2097152";"90597";"4,32";"22";"8";"32";"0";"2"
"24.11.2015 16:15:00";"1";"0";"16";"0,73";"2097152";"76546";"3,65";"0";"3";"32";"0";"2"
"24.11.2015 16:20:00";"1";"0";"17";"0,79";"2097152";"66899";"3,19";"0";"3";"32";"0";"2"
"24.11.2015 16:25:00";"1";"0";"17";"0,77";"2097152";"66899";"3,19";"0";"3";"32";"0";"2"
"24.11.2015 16:30:00";"1";"0";"16";"0,73";"2097152";"78014";"3,72";"0";"3";"32";"0";"2"
"24.11.2015 16:35:00";"1";"0";"18";"0,8";"2097152";"66899";"3,19";"0";"3";"32";"0";"2"
"24.11.2015 16:40:00";"1";"0";"17";"0,78";"2097152";"59769";"2,85";"0";"3";"32";"0";"2"
"24.11.2015 16:45:00";"1";"0";"17";"0,77";"2097152";"96259";"4,59";"0";"3";"32";"0";"2"
"24.11.2015 16:50:00";"1";"0";"18";"0,81";"2097152";"83676";"3,99";"0";"3";"32";"0";"2"
"24.11.2015 16:55:00";"1";"0";"17";"0,78";"2097152";"94791";"4,52";"0";"3";"32";"0";"2"
"24.11.2015 17:00:00";"1";"0";"16";"0,75";"2097152";"92065";"4,39";"0";"3";"32";"0";"2"
"24.11.2015 17:05:00";"1";"0";"18";"0,81";"2097152";"80740";"3,85";"0";"3";"32";"0";"2"
"24.11.2015 17:10:00";"1";"0";"17";"0,78";"2097152";"90597";"4,32";"0";"3";"32";"0";"2"
"24.11.2015 17:15:00";"1";"0";"17";"0,76";"2097152";"87871";"4,19";"0";"3";"32";"0";"2"
"24.11.2015 17:20:00";"1";"0";"17";"0,8";"2097152";"50122";"2,39";"0";"3";"32";"0";"2"
"24.11.2015 17:25:00";"1";"0";"17";"0,77";"2097152";"83676";"3,99";"0";"3";"32";"0";"2"
"24.11.2015 17:30:00";"1";"0";"16";"0,74";"2097152";"71093";"3,39";"0";"3";"32";"0";"2"
"24.11.2015 17:35:00";"1";"0";"17";"0,79";"2097152";"50122";"2,39";"0";"3";"32";"0";"2"
"24.11.2015 17:40:00";"1";"0";"17";"0,77";"2097152";"69625";"3,32";"0";"3";"32";"0";"2"
"24.11.2015 17:45:00";"1";"0";"16";"0,74";"2097152";"83676";"3,99";"0";"3";"32";"0";"2"
"24.11.2015 17:50:00";"1";"0";"17";"0,8";"2097152";"86403";"4,12";"0";"3";"32";"0";"2"
"24.11.2015 17:55:00";"1";"0";"18";"0,8";"2097152";"188534";"8,99";"0";"3";"32";"0";"2"
"24.11.2015 18:00:00";"1";"0";"17";"0,77";"2097152";"96259";"4,59";"0";"3";"32";"0";"2"
"24.11.2015 18:05:00";"1";"0";"18";"0,83";"2097152";"84935";"4,05";"0";"3";"32";"0";"2"
"24.11.2015 18:10:00";"1";"0";"18";"0,8";"2097152";"76546";"3,65";"0";"3";"32";"0";"2"
"24.11.2015 18:15:00";"1";"0";"16";"0,75";"2097152";"59769";"2,85";"0";"3";"32";"0";"2"
"24.11.2015 18:20:00";"1";"0";"18";"0,82";"2097152";"62705";"2,99";"0";"3";"32";"0";"2"
"24.11.2015 18:25:00";"1";"0";"17";"0,79";"2097152";"58511";"2,79";"0";"3";"32";"0";"2"
"24.11.2015 18:30:00";"1";"0";"16";"0,72";"2097152";"54316";"2,59";"0";"3";"32";"0";"2"
"24.11.2015 18:35:00";"1";"0";"17";"0,79";"2097152";"73820";"3,52";"0";"3";"32";"0";"2"
"24.11.2015 18:40:00";"1";"0";"17";"0,77";"2097152";"66899";"3,19";"0";"3";"32";"0";"2"
"24.11.2015 18:45:00";"1";"0";"16";"0,73";"2097152";"58511";"2,79";"0";"3";"32";"0";"2"
"24.11.2015 18:50:00";"1";"0";"18";"0,8";"2097152";"66899";"3,19";"0";"3";"32";"0";"2"
"24.11.2015 18:55:00";"1";"0";"17";"0,77";"2097152";"59769";"2,85";"0";"4";"32";"0";"2"
"24.11.2015 19:00:00";"1";"0";"16";"0,73";"2097152";"66899";"3,19";"0";"3";"32";"0";"2"
"24.11.2015 19:05:00";"1";"0";"17";"0,8";"2097152";"89129";"4,25";"0";"4";"32";"0";"2"
"24.11.2015 19:10:00";"1";"0";"17";"0,76";"2097152";"79482";"3,79";"0";"3";"32";"0";"2"
"24.11.2015 19:15:00";"1";"0";"16";"0,73";"2097152";"54316";"2,59";"0";"3";"32";"0";"2"
"24.11.2015 19:20:00";"1";"0";"17";"0,78";"2097152";"65431";"3,12";"0";"3";"32";"0";"2"
"24.11.2015 19:25:00";"1";"0";"17";"0,77";"2097152";"79482";"3,79";"0";"3";"32";"0";"2"
"24.11.2015 19:30:00";"1";"0";"16";"0,73";"2097152";"75288";"3,59";"0";"3";"32";"0";"2"
"24.11.2015 19:35:00";"1";"0";"17";"0,79";"2097152";"82208";"3,92";"0";"3";"32";"0";"2"
"24.11.2015 19:40:00";"1";"0";"17";"0,78";"2097152";"79482";"3,79";"0";"3";"32";"0";"2"
"24.11.2015 19:45:00";"1";"0";"16";"0,75";"2097152";"62705";"2,99";"0";"3";"32";"0";"2"
"24.11.2015 19:50:00";"1";"0";"18";"0,8";"2097152";"80740";"3,85";"0";"3";"32";"0";"2"
"24.11.2015 19:55:00";"1";"0";"17";"0,77";"2097152";"68157";"3,25";"0";"3";"32";"0";"2"
"24.11.2015 20:00:00";"1";"0";"16";"0,73";"2097152";"71093";"3,39";"0";"3";"32";"0";"2"
"24.11.2015 20:05:00";"1";"0";"17";"0,8";"2097152";"92065";"4,39";"0";"4";"32";"0";"2"
"24.11.2015 20:10:00";"1";"0";"17";"0,76";"2097152";"66899";"3,19";"0";"3";"32";"0";"2"
"24.11.2015 20:15:00";"1";"0";"16";"0,73";"2097152";"63963";"3,05";"0";"3";"32";"0";"2"
"24.11.2015 20:20:00";"1";"0";"18";"0,8";"2097152";"71093";"3,39";"0";"3";"32";"0";"2"
"24.11.2015 20:25:00";"1";"0";"17";"0,79";"2097152";"66899";"3,19";"0";"3";"32";"0";"2"
"24.11.2015 20:30:00";"1";"0";"16";"0,74";"2097152";"45928";"2,19";"0";"3";"32";"0";"2"
"24.11.2015 20:35:00";"1";"0";"18";"0,8";"2097152";"71093";"3,39";"0";"3";"32";"0";"2"
"24.11.2015 20:40:00";"1";"0";"17";"0,78";"2097152";"75288";"3,59";"0";"3";"32";"0";"2"
"24.11.2015 20:45:00";"1";"0";"16";"0,73";"2097152";"82208";"3,92";"0";"3";"32";"0";"2"
"24.11.2015 20:50:00";"1";"0";"17";"0,8";"2097152";"62705";"2,99";"0";"3";"32";"0";"2"
"24.11.2015 20:55:00";"1";"0";"17";"0,77";"2097152";"79482";"3,79";"0";"3";"32";"0";"2"
"24.11.2015 21:00:00";"1";"0";"16";"0,74";"2097152";"86403";"4,12";"0";"3";"32";"0";"2"
"24.11.2015 21:05:00";"1";"0";"17";"0,8";"2097152";"75288";"3,59";"0";"3";"32";"0";"2"
"24.11.2015 21:10:00";"1";"0";"17";"0,79";"2097152";"54316";"2,59";"0";"3";"32";"0";"2"
"24.11.2015 21:15:00";"1";"0";"16";"0,74";"2097152";"97518";"4,65";"0";"3";"32";"0";"2"
"24.11.2015 21:20:00";"1";"0";"18";"0,8";"2097152";"55575";"2,65";"0";"3";"32";"0";"2"
"24.11.2015 21:25:00";"1";"0";"17";"0,8";"2097152";"92065";"4,39";"0";"3";"32";"0";"2"
"24.11.2015 21:30:00";"1";"0";"16";"0,75";"2097152";"78014";"3,72";"0";"3";"32";"0";"2"
"24.11.2015 21:35:00";"1";"0";"17";"0,79";"2097152";"76546";"3,65";"0";"4";"32";"0";"2"
"24.11.2015 21:40:00";"1";"0";"17";"0,76";"2097152";"87871";"4,19";"0";"3";"32";"0";"2"
"24.11.2015 21:45:00";"1";"0";"16";"0,72";"2097152";"47186";"2,25";"0";"3";"32";"0";"2"
"24.11.2015 21:50:00";"1";"0";"17";"0,79";"2097152";"45928";"2,19";"0";"3";"32";"0";"2"
"24.11.2015 21:55:00";"1";"0";"17";"0,77";"2097152";"54316";"2,59";"0";"3";"32";"0";"2"
"24.11.2015 22:00:00";"1";"0";"16";"0,73";"2097152";"66899";"3,19";"0";"3";"32";"0";"2"
"24.11.2015 22:05:00";"1";"0";"18";"0,84";"2097152";"96259";"4,59";"0";"4";"32";"0";"2"
"24.11.2015 22:10:00";"1";"0";"17";"0,8";"2097152";"86403";"4,12";"0";"3";"32";"0";"2"
"24.11.2015 22:15:00";"1";"0";"16";"0,76";"2097152";"62705";"2,99";"0";"3";"32";"0";"2"
"24.11.2015 22:20:00";"1";"0";"19";"0,85";"2097152";"62705";"2,99";"0";"3";"32";"0";"2"
"24.11.2015 22:25:00";"1";"0";"19";"0,84";"2097152";"57043";"2,72";"0";"3";"32";"0";"2"
"24.11.2015 22:30:00";"1";"0";"17";"0,78";"2097152";"63963";"3,05";"0";"3";"32";"0";"2"
"24.11.2015 22:35:00";"1";"0";"18";"0,82";"2097152";"82208";"3,92";"0";"3";"32";"0";"1"
"24.11.2015 22:40:00";"1";"0";"17";"0,76";"2097152";"82208";"3,92";"0";"3";"32";"0";"2"
"24.11.2015 22:45:00";"1";"0";"19";"0,89";"2097152";"61237";"2,92";"0";"3";"32";"0";"2"
"24.11.2015 22:50:00";"1";"0";"17";"0,78";"2097152";"78014";"3,72";"0";"3";"32";"0";"1"
"24.11.2015 22:55:00";"1";"0";"16";"0,73";"2097152";"83676";"3,99";"0";"3";"32";"0";"2"
"24.11.2015 23:00:00";"1";"0";"19";"0,85";"2097152";"89129";"4,25";"0";"3";"32";"0";"2"
"24.11.2015 23:05:00";"1";"0";"16";"0,75";"2097152";"54316";"2,59";"0";"3";"32";"0";"1"
"24.11.2015 23:10:00";"1";"0";"15";"0,71";"2097152";"55575";"2,65";"0";"3";"32";"0";"2"
"24.11.2015 23:15:00";"1";"0";"19";"0,86";"2097152";"79482";"3,79";"0";"3";"32";"0";"2"
"24.11.2015 23:20:00";"1";"0";"16";"0,75";"2097152";"90597";"4,32";"0";"3";"32";"0";"1"
"24.11.2015 23:25:00";"1";"0";"15";"0,71";"2097152";"59769";"2,85";"0";"3";"32";"0";"2"
"24.11.2015 23:30:00";"1";"0";"18";"0,84";"2097152";"71093";"3,39";"0";"3";"32";"0";"2"
"24.11.2015 23:35:00";"1";"0";"16";"0,75";"2097152";"93323";"4,45";"0";"3";"32";"0";"1"
"24.11.2015 23:40:00";"1";"0";"16";"0,72";"2097152";"86403";"4,12";"0";"3";"32";"0";"2"
"24.11.2015 23:45:00";"1";"0";"18";"0,84";"2097152";"71093";"3,39";"0";"3";"32";"0";"2"
"24.11.2015 23:50:00";"1";"0";"16";"0,74";"2097152";"57043";"2,72";"0";"3";"32";"0";"1"
"24.11.2015 23:55:00";"1";"0";"16";"0,72";"2097152";"57043";"2,72";"0";"3";"32";"0";"2"
"25.11.2015 00:00:00";"1";"0";"19";"0,88";"2097152";"80740";"3,85";"0";"4";"32";"0";"2"
"25.11.2015 00:05:00";"1";"0";"17";"0,76";"2097152";"97518";"4,65";"0";"4";"32";"0";"1"
"25.11.2015 00:10:00";"1";"0";"16";"0,71";"2097152";"86403";"4,12";"0";"3";"32";"0";"2"
"25.11.2015 00:15:00";"1";"0";"19";"0,86";"2097152";"73820";"3,52";"0";"3";"32";"0";"2"
"25.11.2015 00:20:00";"1";"0";"16";"0,74";"2097152";"68157";"3,25";"0";"3";"32";"0";"1"
"25.11.2015 00:25:00";"1";"0";"15";"0,71";"2097152";"75288";"3,59";"0";"3";"32";"0";"2"
"25.11.2015 00:30:00";"1";"0";"19";"0,86";"2097152";"65431";"3,12";"0";"3";"32";"0";"2"
"25.11.2015 00:35:00";"1";"0";"16";"0,75";"2097152";"54316";"2,59";"0";"3";"32";"0";"1"
"25.11.2015 00:40:00";"1";"0";"15";"0,7";"2097152";"79482";"3,79";"0";"3";"32";"0";"2"
"25.11.2015 00:45:00";"1";"0";"19";"0,85";"2097152";"72352";"3,45";"0";"3";"32";"0";"2"
"25.11.2015 00:50:00";"1";"0";"17";"0,77";"2097152";"65431";"3,12";"0";"3";"32";"0";"1"
"25.11.2015 00:55:00";"1";"0";"16";"0,74";"2097152";"66899";"3,19";"0";"3";"32";"0";"2"
"25.11.2015 01:00:00";"1";"0";"19";"0,88";"2097152";"38797";"1,85";"0";"3";"32";"0";"2"
"25.11.2015 01:05:00";"1";"0";"17";"0,8";"2097152";"63963";"3,05";"0";"3";"32";"0";"1"
"25.11.2015 01:10:00";"1";"0";"16";"0,71";"2097152";"96259";"4,59";"0";"3";"32";"0";"2"
"25.11.2015 01:15:00";"1";"0";"18";"0,84";"2097152";"58511";"2,79";"0";"3";"32";"0";"2"
"25.11.2015 01:20:00";"1";"0";"16";"0,74";"2097152";"48654";"2,32";"0";"3";"32";"0";"1"
"25.11.2015 01:25:00";"1";"0";"16";"0,71";"2097152";"55575";"2,65";"0";"3";"32";"0";"2"
"25.11.2015 01:30:00";"1";"0";"18";"0,83";"2097152";"86403";"4,12";"0";"3";"32";"0";"2"
"25.11.2015 01:35:00";"1";"0";"16";"0,76";"2097152";"80740";"3,85";"0";"3";"32";"0";"1"
"25.11.2015 01:40:00";"1";"0";"16";"0,71";"2097152";"54316";"2,59";"0";"3";"32";"0";"2"
"25.11.2015 01:45:00";"1";"0";"18";"0,84";"2097152";"45928";"2,19";"0";"3";"32";"0";"2"
"25.11.2015 01:50:00";"1";"0";"17";"0,77";"2097152";"63963";"3,05";"0";"11";"32";"0";"1"
"25.11.2015 01:55:00";"1";"0";"16";"0,73";"2097152";"84935";"4,05";"0";"3";"32";"0";"2"
"25.11.2015 02:00:00";"1";"0";"18";"0,85";"2097152";"79482";"3,79";"0";"3";"32";"0";"2"
"25.11.2015 02:05:00";"1";"0";"18";"0,83";"2097152";"73820";"3,52";"0";"4";"32";"0";"2"
"25.11.2015 02:10:00";"1";"0";"17";"0,77";"2097152";"66899";"3,19";"0";"3";"32";"0";"2"
"25.11.2015 02:15:00";"1";"0";"16";"0,73";"2097152";"41733";"1,99";"0";"3";"32";"0";"2"
"25.11.2015 02:20:00";"1";"0";"17";"0,79";"2097152";"59769";"2,85";"0";"3";"32";"0";"2"
"25.11.2015 02:25:00";"1";"0";"17";"0,77";"2097152";"78014";"3,72";"0";"3";"32";"0";"2"
"25.11.2015 02:30:00";"1";"0";"16";"0,73";"2097152";"80740";"3,85";"0";"3";"32";"0";"2"
"25.11.2015 02:35:00";"1";"0";"17";"0,8";"2097152";"76546";"3,65";"0";"3";"32";"0";"2"
"25.11.2015 02:40:00";"1";"0";"17";"0,76";"2097152";"97518";"4,65";"0";"3";"32";"0";"2"
"25.11.2015 02:45:00";"1";"0";"16";"0,75";"2097152";"75288";"3,59";"0";"3";"32";"0";"2"
"25.11.2015 02:50:00";"1";"0";"18";"0,82";"2097152";"111568";"5,32";"0";"3";"32";"0";"2"
"25.11.2015 02:55:00";"1";"0";"17";"0,77";"2097152";"63963";"3,05";"0";"3";"32";"0";"2"
"25.11.2015 03:00:00";"1";"0";"16";"0,74";"2097152";"92065";"4,39";"0";"3";"32";"0";"2"
"25.11.2015 03:05:00";"1";"0";"18";"0,81";"2097152";"101712";"4,85";"0";"3";"32";"0";"2"
"25.11.2015 03:10:00";"1";"0";"17";"0,78";"2097152";"110100";"5,25";"0";"3";"32";"0";"2"
"25.11.2015 03:15:00";"1";"0";"16";"0,74";"2097152";"79482";"3,79";"0";"3";"32";"0";"2"
"25.11.2015 03:20:00";"1";"0";"20";"0,91";"2097152";"54316";"2,59";"0";"14";"32";"0";"2"
"25.11.2015 03:25:00";"1";"0";"17";"0,8";"2097152";"72352";"3,45";"0";"3";"32";"0";"2"
"25.11.2015 03:30:00";"1";"0";"16";"0,73";"2097152";"30409";"1,45";"0";"3";"32";"0";"2"
"25.11.2015 03:35:00";"1";"0";"18";"0,81";"2097152";"72352";"3,45";"0";"3";"32";"0";"2"
"25.11.2015 03:40:00";"1";"0";"17";"0,79";"2097152";"76546";"3,65";"0";"3";"32";"0";"2"
"25.11.2015 03:45:00";"1";"0";"16";"0,75";"2097152";"72352";"3,45";"0";"3";"32";"0";"2"
"25.11.2015 03:50:00";"1";"0";"17";"0,79";"2097152";"83676";"3,99";"0";"3";"32";"0";"2"
"25.11.2015 03:55:00";"1";"0";"17";"0,77";"2097152";"111568";"5,32";"0";"3";"32";"0";"2"
"25.11.2015 04:00:00";"1";"0";"16";"0,75";"2097152";"92065";"4,39";"0";"3";"32";"0";"2"
"25.11.2015 04:05:00";"1";"0";"18";"0,8";"2097152";"118489";"5,65";"0";"3";"32";"0";"2"
"25.11.2015 04:10:00";"1";"0";"17";"0,78";"2097152";"92065";"4,39";"0";"3";"32";"0";"2"
"25.11.2015 04:15:00";"1";"0";"16";"0,73";"2097152";"52848";"2,52";"0";"3";"32";"0";"2"
"25.11.2015 04:20:00";"1";"0";"18";"0,8";"2097152";"86403";"4,12";"0";"3";"32";"0";"2"
"25.11.2015 04:25:00";"1";"0";"17";"0,77";"2097152";"87871";"4,19";"0";"3";"32";"0";"2"
"25.11.2015 04:30:00";"1";"0";"16";"0,75";"2097152";"55575";"2,65";"0";"3";"32";"0";"2"
"25.11.2015 04:35:00";"1";"0";"18";"0,81";"2097152";"54316";"2,59";"0";"3";"32";"0";"2"
"25.11.2015 04:40:00";"1";"0";"17";"0,76";"2097152";"72352";"3,45";"0";"3";"32";"0";"2"
"25.11.2015 04:45:00";"1";"0";"16";"0,74";"2097152";"79482";"3,79";"0";"3";"32";"0";"2"
"25.11.2015 04:50:00";"1";"0";"17";"0,79";"2097152";"90597";"4,32";"0";"3";"32";"0";"2"
"25.11.2015 04:55:00";"1";"0";"17";"0,78";"2097152";"97518";"4,65";"0";"3";"32";"0";"2"
"25.11.2015 05:00:00";"1";"0";"16";"0,75";"2097152";"78014";"3,72";"0";"3";"32";"0";"2"
"25.11.2015 05:05:00";"1";"0";"18";"0,83";"2097152";"58511";"2,79";"0";"3";"32";"0";"2"
"25.11.2015 05:10:00";"1";"0";"17";"0,78";"2097152";"54316";"2,59";"0";"3";"32";"0";"2"
"25.11.2015 05:15:00";"1";"0";"16";"0,74";"2097152";"75288";"3,59";"0";"3";"32";"0";"2"
"25.11.2015 05:20:00";"1";"0";"18";"0,8";"2097152";"86403";"4,12";"0";"3";"32";"0";"2"
"25.11.2015 05:25:00";"1";"0";"17";"0,78";"2097152";"66899";"3,19";"0";"3";"32";"0";"2"
"25.11.2015 05:30:00";"1";"0";"16";"0,74";"2097152";"62705";"2,99";"0";"3";"32";"0";"2"
"25.11.2015 05:35:00";"1";"0";"18";"0,8";"2097152";"78014";"3,72";"0";"3";"32";"0";"2"
"25.11.2015 05:40:00";"1";"0";"17";"0,77";"2097152";"82208";"3,92";"0";"3";"32";"0";"2"
"25.11.2015 05:45:00";"1";"0";"16";"0,75";"2097152";"69625";"3,32";"0";"3";"32";"0";"2"
"25.11.2015 05:50:00";"1";"0";"18";"0,8";"2097152";"69625";"3,32";"0";"3";"32";"0";"2"
"25.11.2015 05:55:00";"1";"0";"17";"0,78";"2097152";"73820";"3,52";"0";"3";"32";"0";"2"
"25.11.2015 06:00:00";"1";"0";"16";"0,73";"2097152";"90597";"4,32";"0";"3";"32";"0";"2"
"25.11.2015 06:05:00";"1";"0";"18";"0,8";"2097152";"82208";"3,92";"0";"4";"32";"0";"2"
"25.11.2015 06:10:00";"1";"0";"17";"0,77";"2097152";"82208";"3,92";"0";"3";"32";"0";"2"
"25.11.2015 06:15:00";"1";"0";"16";"0,73";"2097152";"89129";"4,25";"0";"3";"32";"0";"2"
"25.11.2015 06:20:00";"1";"0";"17";"0,8";"2097152";"75288";"3,59";"0";"3";"32";"0";"2"
"25.11.2015 06:25:00";"1";"0";"17";"0,78";"2097152";"93323";"4,45";"0";"3";"32";"0";"2"
"25.11.2015 06:30:00";"1";"0";"16";"0,75";"2097152";"86403";"4,12";"0";"3";"32";"0";"2"
"25.11.2015 06:35:00";"1";"0";"18";"0,81";"2097152";"83676";"3,99";"0";"3";"32";"0";"2"
"25.11.2015 06:40:00";"1";"0";"18";"0,8";"2097152";"97518";"4,65";"0";"3";"32";"0";"2"
"25.11.2015 06:45:00";"1";"0";"16";"0,76";"2097152";"98986";"4,72";"0";"3";"32";"0";"2"
"25.11.2015 06:50:00";"1";"0";"17";"0,8";"2097152";"59769";"2,85";"0";"3";"32";"0";"2"
"25.11.2015 06:55:00";"1";"0";"17";"0,79";"2097152";"78014";"3,72";"0";"3";"32";"0";"2"
"25.11.2015 07:00:00";"1";"0";"16";"0,74";"2097152";"89129";"4,25";"0";"3";"32";"0";"2"
"25.11.2015 07:05:00";"1";"0";"17";"0,8";"2097152";"63963";"3,05";"0";"3";"32";"0";"2"
"25.11.2015 07:10:00";"1";"0";"17";"0,77";"2097152";"71093";"3,39";"0";"3";"32";"0";"2"
"25.11.2015 07:15:00";"1";"0";"16";"0,73";"2097152";"55575";"2,65";"0";"3";"32";"0";"2"
"25.11.2015 07:20:00";"1";"0";"17";"0,79";"2097152";"59769";"2,85";"0";"3";"32";"0";"2"
"25.11.2015 07:25:00";"1";"0";"17";"0,78";"2097152";"61237";"2,92";"0";"4";"32";"0";"2"
"25.11.2015 07:30:00";"1";"0";"16";"0,74";"2097152";"89129";"4,25";"0";"3";"32";"0";"2"
"25.11.2015 07:35:00";"1";"0";"18";"0,82";"2097152";"72352";"3,45";"0";"4";"32";"0";"2"
"25.11.2015 07:40:00";"1";"0";"16";"0,74";"2097152";"66899";"3,19";"0";"3";"32";"0";"2"
"25.11.2015 07:45:00";"1";"0";"19";"0,86";"2097152";"62705";"2,99";"0";"3";"32";"0";"2"
"25.11.2015 07:50:00";"1";"0";"16";"0,73";"2097152";"37539";"1,79";"0";"3";"32";"0";"1"
"25.11.2015 07:55:00";"1";"0";"16";"0,72";"2097152";"73820";"3,52";"0";"3";"32";"0";"2"
"25.11.2015 08:00:00";"1";"0";"18";"0,84";"2097152";"87871";"4,19";"0";"3";"32";"0";"2"
"25.11.2015 08:05:00";"1";"0";"16";"0,76";"2097152";"104648";"4,99";"0";"4";"32";"0";"1"
"25.11.2015 08:10:00";"1";"0";"15";"0,71";"2097152";"87871";"4,19";"0";"3";"32";"0";"2"
"25.11.2015 08:15:00";"1";"0";"18";"0,84";"2097152";"87871";"4,19";"0";"3";"32";"0";"2"
"25.11.2015 08:20:00";"1";"0";"17";"0,76";"2097152";"79482";"3,79";"0";"3";"32";"0";"1"
"25.11.2015 08:25:00";"1";"0";"16";"0,73";"2097152";"90597";"4,32";"0";"3";"32";"0";"2"
"25.11.2015 08:30:00";"1";"0";"18";"0,84";"2097152";"71093";"3,39";"0";"3";"32";"0";"2"
"25.11.2015 08:35:00";"1";"0";"16";"0,75";"2097152";"66899";"3,19";"0";"3";"32";"0";"1"
"25.11.2015 08:40:00";"1";"0";"16";"0,72";"2097152";"66899";"3,19";"0";"3";"32";"0";"2"
"25.11.2015 08:45:00";"1";"0";"18";"0,84";"2097152";"84935";"4,05";"0";"3";"32";"0";"2"
"25.11.2015 08:50:00";"1";"0";"16";"0,75";"2097152";"79482";"3,79";"0";"3";"32";"0";"1"
"25.11.2015 08:55:00";"1";"0";"16";"0,72";"2097152";"83676";"3,99";"0";"3";"32";"0";"2"
"25.11.2015 09:00:00";"1";"0";"18";"0,84";"2097152";"66899";"3,19";"0";"3";"32";"0";"2"
"25.11.2015 09:05:00";"1";"0";"16";"0,76";"2097152";"78014";"3,72";"0";"3";"32";"0";"1"
"25.11.2015 09:10:00";"1";"0";"16";"0,73";"2097152";"107374";"5,12";"0";"3";"32";"0";"2"
"25.11.2015 09:15:00";"1";"0";"19";"0,86";"2097152";"92065";"4,39";"0";"4";"32";"0";"2"
"25.11.2015 09:20:00";"1";"0";"17";"0,77";"2097152";"87871";"4,19";"0";"3";"32";"0";"1"
"25.11.2015 09:25:00";"1";"0";"16";"0,73";"2097152";"54316";"2,59";"0";"3";"32";"0";"2"
"25.11.2015 09:30:00";"1";"0";"18";"0,84";"2097152";"78014";"3,72";"0";"3";"32";"0";"2"
"25.11.2015 09:35:00";"1";"0";"16";"0,74";"2097152";"87871";"4,19";"0";"3";"32";"0";"1"
"25.11.2015 09:40:00";"1";"0";"15";"0,71";"2097152";"75288";"3,59";"0";"3";"32";"0";"2"
"25.11.2015 09:45:00";"1";"0";"19";"0,86";"2097152";"79482";"3,79";"0";"3";"32";"0";"2"
"25.11.2015 09:50:00";"1";"0";"16";"0,75";"2097152";"75288";"3,59";"0";"3";"32";"0";"1"
"25.11.2015 09:55:00";"1";"0";"16";"0,74";"2097152";"94791";"4,52";"0";"3";"32";"0";"2"
"25.11.2015 10:00:00";"1";"0";"19";"0,86";"2097152";"63963";"3,05";"0";"3";"32";"0";"2"
"25.11.2015 10:05:00";"1";"0";"17";"0,78";"2097152";"79482";"3,79";"0";"3";"32";"0";"1"
"25.11.2015 10:10:00";"1";"0";"16";"0,72";"2097152";"73820";"3,52";"0";"3";"32";"0";"2"
"25.11.2015 10:15:00";"1";"0";"18";"0,85";"2097152";"50122";"2,39";"0";"3";"32";"0";"2"
"25.11.2015 10:20:00";"1";"0";"16";"0,75";"2097152";"71093";"3,39";"0";"3";"32";"0";"1"
"25.11.2015 10:25:00";"1";"0";"16";"0,71";"2097152";"71093";"3,39";"0";"3";"32";"0";"2"
"25.11.2015 10:30:00";"1";"0";"18";"0,84";"2097152";"52848";"2,52";"0";"3";"32";"0";"2"
"25.11.2015 10:35:00";"1";"0";"16";"0,75";"2097152";"87871";"4,19";"0";"3";"32";"0";"1"
"25.11.2015 10:40:00";"1";"0";"15";"0,71";"2097152";"83676";"3,99";"0";"3";"32";"0";"2"
"25.11.2015 10:45:00";"1";"0";"19";"0,85";"2097152";"75288";"3,59";"0";"3";"32";"0";"2"
"25.11.2015 10:50:00";"1";"0";"16";"0,75";"2097152";"87871";"4,19";"0";"3";"32";"0";"1"
"25.11.2015 10:55:00";"1";"0";"15";"0,71";"2097152";"83676";"3,99";"0";"3";"32";"0";"2"
"25.11.2015 11:00:00";"1";"0";"19";"0,85";"2097152";"55575";"2,65";"0";"3";"32";"0";"2"
"25.11.2015 11:05:00";"1";"0";"17";"0,79";"2097152";"79482";"3,79";"0";"3";"32";"0";"1"
"25.11.2015 11:10:00";"1";"0";"17";"0,78";"2097152";"66899";"3,19";"0";"3";"32";"0";"2"
"25.11.2015 11:15:00";"1";"0";"16";"0,74";"2097152";"44460";"2,12";"0";"3";"32";"0";"2"
"25.11.2015 11:20:00";"1";"0";"18";"0,81";"2097152";"107374";"5,12";"0";"3";"32";"0";"2"
"25.11.2015 11:25:00";"1";"0";"18";"0,8";"2097152";"96259";"4,59";"0";"3";"32";"0";"2"
"25.11.2015 11:30:00";"1";"0";"16";"0,73";"2097152";"69625";"3,32";"0";"3";"32";"0";"2"
"25.11.2015 11:35:00";"1";"0";"18";"0,82";"2097152";"66899";"3,19";"0";"3";"32";"0";"2"
"25.11.2015 11:40:00";"1";"0";"17";"0,79";"2097152";"62705";"2,99";"0";"3";"32";"0";"2"
"25.11.2015 11:45:00";"1";"0";"16";"0,75";"2097152";"63963";"3,05";"0";"3";"32";"0";"2"
"25.11.2015 11:50:00";"1";"0";"17";"0,8";"2097152";"82208";"3,92";"0";"3";"32";"0";"2"
"25.11.2015 11:55:00";"1";"0";"17";"0,78";"2097152";"62705";"2,99";"0";"3";"32";"0";"2"
"25.11.2015 12:00:00";"1";"0";"16";"0,73";"2097152";"59769";"2,85";"0";"3";"32";"0";"2"
"25.11.2015 12:05:00";"1";"0";"18";"0,81";"2097152";"47186";"2,25";"0";"3";"32";"0";"2"
"25.11.2015 12:10:00";"1";"0";"17";"0,77";"2097152";"41733";"1,99";"0";"3";"32";"0";"2"
"25.11.2015 12:15:00";"1";"0";"17";"0,76";"2097152";"62705";"2,99";"0";"3";"32";"0";"2"
"25.11.2015 12:20:00";"1";"0";"18";"0,81";"2097152";"61237";"2,92";"0";"3";"32";"0";"2"
"25.11.2015 12:25:00";"1";"0";"17";"0,79";"2097152";"86403";"4,12";"0";"3";"32";"0";"2"
"25.11.2015 12:30:00";"1";"0";"16";"0,74";"2097152";"66899";"3,19";"0";"3";"32";"0";"2"
"25.11.2015 12:35:00";"1";"0";"18";"0,82";"2097152";"98986";"4,72";"0";"3";"32";"0";"2"
"25.11.2015 12:40:00";"1";"0";"17";"0,78";"2097152";"98986";"4,72";"0";"3";"32";"0";"2"
"25.11.2015 12:45:00";"1";"0";"16";"0,74";"2097152";"87871";"4,19";"0";"3";"32";"0";"2"
"25.11.2015 12:50:00";"1";"0";"17";"0,8";"2097152";"51380";"2,45";"0";"3";"32";"0";"2"
"25.11.2015 12:55:00";"1";"0";"17";"0,8";"2097152";"100454";"4,79";"0";"3";"32";"0";"2"
"25.11.2015 13:00:00";"1";"0";"16";"0,74";"2097152";"75288";"3,59";"0";"3";"32";"0";"2"
"25.11.2015 13:05:00";"1";"0";"17";"0,8";"2097152";"98986";"4,72";"0";"3";"32";"0";"2"
"25.11.2015 13:10:00";"1";"0";"16";"0,72";"2097152";"94791";"4,52";"0";"3";"32";"0";"2"
"25.11.2015 13:15:00";"1";"0";"19";"0,85";"2097152";"63963";"3,05";"0";"3";"32";"0";"2"
"25.11.2015 13:20:00";"1";"0";"16";"0,75";"2097152";"63963";"3,05";"0";"3";"32";"0";"1"
"25.11.2015 13:25:00";"1";"0";"16";"0,72";"2097152";"58511";"2,79";"0";"3";"32";"0";"2"
"25.11.2015 13:30:00";"1";"0";"19";"0,86";"2097152";"68157";"3,25";"0";"3";"32";"0";"2"
"25.11.2015 13:35:00";"1";"0";"16";"0,74";"2097152";"73820";"3,52";"0";"3";"32";"0";"1"
"25.11.2015 13:40:00";"1";"0";"16";"0,71";"2097152";"59769";"2,85";"0";"3";"32";"0";"2"
"25.11.2015 13:45:00";"1";"0";"19";"0,85";"2097152";"86403";"4,12";"0";"3";"32";"0";"2"
"25.11.2015 13:50:00";"1";"0";"16";"0,75";"2097152";"69625";"3,32";"0";"3";"32";"0";"1"
"25.11.2015 13:55:00";"1";"0";"16";"0,72";"2097152";"80740";"3,85";"0";"3";"32";"0";"2"
"25.11.2015 14:00:00";"1";"0";"18";"0,84";"2097152";"71093";"3,39";"0";"3";"32";"0";"2"
"25.11.2015 14:05:00";"1";"0";"16";"0,75";"2097152";"62705";"2,99";"0";"3";"32";"0";"1"
"25.11.2015 14:10:00";"1";"0";"16";"0,71";"2097152";"52848";"2,52";"0";"3";"32";"0";"2"
"25.11.2015 14:15:00";"1";"0";"19";"0,86";"2097152";"54316";"2,59";"0";"3";"32";"0";"2"
"25.11.2015 14:20:00";"1";"0";"16";"0,75";"2097152";"62705";"2,99";"0";"3";"32";"0";"1"
"25.11.2015 14:25:00";"1";"0";"16";"0,72";"2097152";"82208";"3,92";"0";"3";"32";"0";"2"
"25.11.2015 14:30:00";"1";"0";"19";"0,86";"2097152";"66899";"3,19";"0";"3";"32";"0";"2"
"25.11.2015 14:35:00";"1";"0";"16";"0,75";"2097152";"78014";"3,72";"0";"3";"32";"0";"1"
"25.11.2015 14:40:00";"1";"0";"16";"0,71";"2097152";"97518";"4,65";"0";"3";"32";"0";"2"
"25.11.2015 14:45:00";"1";"0";"19";"0,85";"2097152";"87871";"4,19";"0";"3";"32";"0";"2"
"25.11.2015 14:50:00";"1";"0";"17";"0,76";"2097152";"84935";"4,05";"0";"3";"32";"0";"1"
"25.11.2015 14:55:00";"1";"0";"15";"0,7";"2097152";"73820";"3,52";"0";"3";"32";"0";"2"
"25.11.2015 15:00:00";"1";"0";"18";"0,84";"2097152";"89129";"4,25";"0";"3";"32";"0";"2"
"25.11.2015 15:05:00";"1";"0";"17";"0,76";"2097152";"76546";"3,65";"0";"3";"32";"0";"1"
"25.11.2015 15:10:00";"1";"0";"15";"0,71";"2097152";"62705";"2,99";"0";"3";"32";"0";"2"
"25.11.2015 15:15:00";"1";"0";"19";"0,86";"2097152";"83676";"3,99";"0";"3";"32";"0";"2"
"25.11.2015 15:20:00";"1";"0";"16";"0,75";"2097152";"75288";"3,59";"0";"3";"32";"0";"1"
"25.11.2015 15:25:00";"1";"0";"16";"0,72";"2097152";"78014";"3,72";"0";"3";"32";"0";"2"
"25.11.2015 15:30:00";"1";"0";"18";"0,84";"2097152";"66899";"3,19";"0";"3";"32";"0";"2"
"25.11.2015 15:35:00";"1";"0";"17";"0,77";"2097152";"40265";"1,92";"0";"3";"32";"0";"1"
"25.11.2015 15:40:00";"1";"0";"17";"0,78";"2097152";"63963";"3,05";"0";"3";"32";"0";"2"
"25.11.2015 15:45:00";"1";"0";"16";"0,73";"2097152";"66899";"3,19";"0";"3";"32";"0";"2"
"25.11.2015 15:50:00";"1";"0";"17";"0,78";"2097152";"86403";"4,12";"0";"3";"32";"0";"2"
"25.11.2015 15:55:00";"1";"0";"17";"0,78";"2097152";"83676";"3,99";"0";"3";"32";"0";"2"
"25.11.2015 16:00:00";"1";"0";"16";"0,73";"2097152";"71093";"3,39";"0";"3";"32";"0";"2"
"25.11.2015 16:05:00";"1";"0";"18";"0,83";"2097152";"51380";"2,45";"0";"4";"32";"0";"2"
"25.11.2015 16:10:00";"1";"0";"17";"0,79";"2097152";"78014";"3,72";"0";"3";"32";"0";"2"
"25.11.2015 16:15:00";"1";"0";"16";"0,73";"2097152";"72352";"3,45";"0";"3";"32";"0";"2"
"25.11.2015 16:20:00";"1";"0";"17";"0,79";"2097152";"62705";"2,99";"0";"3";"32";"0";"2"
"25.11.2015 16:25:00";"1";"0";"17";"0,78";"2097152";"72352";"3,45";"0";"3";"32";"0";"2"
"25.11.2015 16:30:00";"1";"0";"16";"0,73";"2097152";"71093";"3,39";"0";"3";"32";"0";"2"
"25.11.2015 16:35:00";"1";"0";"17";"0,8";"2097152";"58511";"2,79";"0";"3";"32";"0";"2"
"25.11.2015 16:40:00";"1";"0";"17";"0,77";"2097152";"58511";"2,79";"0";"3";"32";"0";"2"
"25.11.2015 16:45:00";"1";"0";"16";"0,73";"2097152";"62705";"2,99";"0";"3";"32";"0";"2"
"25.11.2015 16:50:00";"1";"0";"17";"0,79";"2097152";"72352";"3,45";"0";"3";"32";"0";"2"
"25.11.2015 16:55:00";"1";"0";"17";"0,78";"2097152";"89129";"4,25";"0";"3";"32";"0";"2"
"25.11.2015 17:00:00";"1";"0";"16";"0,73";"2097152";"87871";"4,19";"0";"3";"32";"0";"2"
"25.11.2015 17:05:00";"1";"0";"18";"0,83";"2097152";"76546";"3,65";"0";"3";"32";"0";"2"
"25.11.2015 17:10:00";"1";"0";"17";"0,77";"2097152";"79482";"3,79";"0";"3";"32";"0";"2"
"25.11.2015 17:15:00";"1";"0";"17";"0,76";"2097152";"75288";"3,59";"0";"3";"32";"0";"2"
"25.11.2015 17:20:00";"1";"0";"17";"0,8";"2097152";"84935";"4,05";"0";"3";"32";"0";"2"
"25.11.2015 17:25:00";"1";"0";"17";"0,78";"2097152";"76546";"3,65";"0";"3";"32";"0";"2"
"25.11.2015 17:30:00";"1";"0";"16";"0,73";"2097152";"66899";"3,19";"0";"3";"32";"0";"2"
"25.11.2015 17:35:00";"1";"0";"18";"0,81";"2097152";"45928";"2,19";"0";"3";"32";"0";"2"
"25.11.2015 17:40:00";"1";"0";"17";"0,77";"2097152";"52848";"2,52";"0";"3";"32";"0";"2"
"25.11.2015 17:45:00";"1";"0";"16";"0,73";"2097152";"93323";"4,45";"0";"3";"32";"0";"2"
"25.11.2015 17:50:00";"1";"0";"18";"0,84";"2097152";"89129";"4,25";"0";"3";"32";"0";"2"
"25.11.2015 17:55:00";"1";"0";"17";"0,78";"2097152";"111568";"5,32";"0";"3";"32";"0";"2"
"25.11.2015 18:00:00";"1";"0";"16";"0,73";"2097152";"125619";"5,99";"0";"3";"32";"0";"2"
"25.11.2015 18:05:00";"1";"0";"18";"0,81";"2097152";"69625";"3,32";"0";"4";"32";"0";"2"
"25.11.2015 18:10:00";"1";"0";"17";"0,77";"2097152";"63963";"3,05";"0";"3";"32";"0";"2"
"25.11.2015 18:15:00";"1";"0";"17";"0,76";"2097152";"79482";"3,79";"0";"3";"32";"0";"2"
"25.11.2015 18:20:00";"1";"0";"18";"0,83";"2097152";"66899";"3,19";"0";"3";"32";"0";"2"
"25.11.2015 18:25:00";"1";"0";"17";"0,79";"2097152";"61237";"2,92";"0";"3";"32";"0";"2"
"25.11.2015 18:30:00";"1";"0";"16";"0,74";"2097152";"62705";"2,99";"0";"3";"32";"0";"2"
"25.11.2015 18:35:00";"1";"0";"18";"0,8";"2097152";"79482";"3,79";"0";"3";"32";"0";"2"
"25.11.2015 18:40:00";"1";"0";"17";"0,77";"2097152";"100454";"4,79";"0";"3";"32";"0";"2"
"25.11.2015 18:45:00";"1";"0";"16";"0,73";"2097152";"50122";"2,39";"0";"3";"32";"0";"2"
"25.11.2015 18:50:00";"1";"0";"17";"0,8";"2097152";"62705";"2,99";"0";"3";"32";"0";"2"
"25.11.2015 18:55:00";"1";"0";"17";"0,78";"2097152";"79482";"3,79";"0";"3";"32";"0";"2"
"25.11.2015 19:00:00";"1";"0";"16";"0,72";"2097152";"83676";"3,99";"0";"3";"32";"0";"2"
"25.11.2015 19:05:00";"1";"0";"18";"0,82";"2097152";"61237";"2,92";"0";"3";"32";"0";"2"
"25.11.2015 19:10:00";"1";"0";"17";"0,76";"2097152";"79482";"3,79";"0";"3";"32";"0";"2"
"25.11.2015 19:15:00";"1";"0";"16";"0,72";"2097152";"83676";"3,99";"0";"3";"32";"0";"2"
"25.11.2015 19:20:00";"1";"0";"17";"0,79";"2097152";"59769";"2,85";"0";"3";"32";"0";"2"
"25.11.2015 19:25:00";"1";"0";"18";"0,81";"2097152";"96259";"4,59";"0";"3";"32";"0";"2"
"25.11.2015 19:30:00";"1";"0";"16";"0,73";"2097152";"154980";"7,39";"0";"3";"32";"0";"2"
"25.11.2015 19:35:00";"1";"0";"18";"0,81";"2097152";"65431";"3,12";"0";"3";"32";"0";"2"
"25.11.2015 19:40:00";"1";"0";"17";"0,77";"2097152";"84935";"4,05";"0";"3";"32";"0";"2"
"25.11.2015 19:45:00";"1";"0";"16";"0,74";"2097152";"96259";"4,59";"0";"3";"32";"0";"2"
"25.11.2015 19:50:00";"1";"0";"18";"0,81";"2097152";"62705";"2,99";"0";"3";"32";"0";"2"
"25.11.2015 19:55:00";"1";"0";"17";"0,8";"2097152";"87871";"4,19";"0";"3";"32";"0";"2"
"25.11.2015 20:00:00";"1";"0";"16";"0,74";"2097152";"87871";"4,19";"0";"3";"32";"0";"2"
"25.11.2015 20:05:00";"1";"0";"18";"0,8";"2097152";"104648";"4,99";"0";"3";"32";"0";"2"
"25.11.2015 20:10:00";"1";"0";"17";"0,77";"2097152";"87871";"4,19";"0";"3";"32";"0";"2"
"25.11.2015 20:15:00";"1";"0";"16";"0,72";"2097152";"96259";"4,59";"0";"3";"32";"0";"2"
"25.11.2015 20:20:00";"1";"0";"17";"0,8";"2097152";"80740";"3,85";"0";"3";"32";"0";"2"
"25.11.2015 20:25:00";"1";"0";"17";"0,77";"2097152";"68157";"3,25";"0";"3";"32";"0";"2"
"25.11.2015 20:30:00";"1";"0";"16";"0,73";"2097152";"79482";"3,79";"0";"3";"32";"0";"2"
"25.11.2015 20:35:00";"1";"0";"17";"0,8";"2097152";"78014";"3,72";"0";"3";"32";"0";"2"
"25.11.2015 20:40:00";"1";"0";"17";"0,78";"2097152";"73820";"3,52";"0";"3";"32";"0";"2"
"25.11.2015 20:45:00";"1";"0";"16";"0,76";"2097152";"72352";"3,45";"0";"3";"32";"0";"2"
"25.11.2015 20:50:00";"1";"0";"17";"0,8";"2097152";"82208";"3,92";"0";"3";"32";"0";"2"
"25.11.2015 20:55:00";"1";"0";"17";"0,77";"2097152";"87871";"4,19";"0";"3";"32";"0";"2"
"25.11.2015 21:00:00";"1";"0";"16";"0,72";"2097152";"87871";"4,19";"0";"3";"32";"0";"2"
"25.11.2015 21:05:00";"1";"0";"18";"0,81";"2097152";"94791";"4,52";"0";"3";"32";"0";"2"
"25.11.2015 21:10:00";"1";"0";"17";"0,77";"2097152";"118489";"5,65";"0";"3";"32";"0";"2"
"25.11.2015 21:15:00";"1";"0";"16";"0,73";"2097152";"87871";"4,19";"0";"3";"32";"0";"2"
"25.11.2015 21:20:00";"1";"0";"18";"0,84";"2097152";"79482";"3,79";"0";"3";"32";"0";"2"
"25.11.2015 21:25:00";"1";"0";"17";"0,77";"2097152";"82208";"3,92";"0";"3";"32";"0";"2"
"25.11.2015 21:30:00";"1";"0";"16";"0,72";"2097152";"55575";"2,65";"0";"3";"32";"0";"2"
"25.11.2015 21:35:00";"1";"0";"17";"0,8";"2097152";"84935";"4,05";"0";"3";"32";"0";"2"
"25.11.2015 21:40:00";"1";"0";"17";"0,77";"2097152";"94791";"4,52";"0";"3";"32";"0";"2"
"25.11.2015 21:45:00";"1";"0";"16";"0,75";"2097152";"50122";"2,39";"0";"3";"32";"0";"2"
"25.11.2015 21:50:00";"1";"0";"17";"0,8";"2097152";"75288";"3,59";"0";"3";"32";"0";"2"
"25.11.2015 21:55:00";"1";"0";"17";"0,78";"2097152";"57043";"2,72";"0";"3";"32";"0";"2"
"25.11.2015 22:00:00";"1";"0";"16";"0,76";"2097152";"87871";"4,19";"0";"3";"32";"0";"2"
"25.11.2015 22:05:00";"1";"0";"19";"0,85";"2097152";"98986";"4,72";"0";"3";"32";"0";"2"
"25.11.2015 22:10:00";"1";"0";"18";"0,81";"2097152";"72352";"3,45";"0";"3";"32";"0";"2"
"25.11.2015 22:15:00";"1";"0";"17";"0,79";"2097152";"65431";"3,12";"0";"3";"32";"0";"2"
"25.11.2015 22:20:00";"1";"0";"18";"0,84";"2097152";"72352";"3,45";"0";"3";"32";"0";"2"
"25.11.2015 22:25:00";"1";"0";"18";"0,81";"2097152";"79482";"3,79";"0";"3";"32";"0";"2"
"25.11.2015 22:30:00";"1";"0";"17";"0,8";"2097152";"76546";"3,65";"0";"3";"32";"0";"2"
"25.11.2015 22:35:00";"1";"0";"19";"0,86";"2097152";"71093";"3,39";"0";"3";"32";"0";"2"
"25.11.2015 22:40:00";"1";"0";"18";"0,84";"2097152";"97518";"4,65";"0";"3";"32";"0";"2"
"25.11.2015 22:45:00";"1";"0";"16";"0,75";"2097152";"94791";"4,52";"0";"3";"32";"0";"2"
"25.11.2015 22:50:00";"1";"0";"17";"0,8";"2097152";"78014";"3,72";"0";"3";"32";"0";"2"
"25.11.2015 22:55:00";"1";"0";"17";"0,77";"2097152";"45928";"2,19";"0";"3";"32";"0";"2"
"25.11.2015 23:00:00";"1";"0";"15";"0,72";"2097152";"44460";"2,12";"0";"3";"32";"0";"2"
"25.11.2015 23:05:00";"1";"0";"17";"0,8";"2097152";"63963";"3,05";"0";"3";"32";"0";"2"
"25.11.2015 23:10:00";"1";"0";"17";"0,77";"2097152";"90597";"4,32";"0";"3";"32";"0";"2"
"25.11.2015 23:15:00";"1";"0";"16";"0,74";"2097152";"82208";"3,92";"0";"3";"32";"0";"2"
"25.11.2015 23:20:00";"1";"0";"18";"0,83";"2097152";"76546";"3,65";"0";"3";"32";"0";"2"
"25.11.2015 23:25:00";"1";"0";"17";"0,79";"2097152";"86403";"4,12";"0";"3";"32";"0";"2"
"25.11.2015 23:30:00";"1";"0";"16";"0,74";"2097152";"90597";"4,32";"0";"3";"32";"0";"2"
"25.11.2015 23:35:00";"1";"0";"17";"0,8";"2097152";"50122";"2,39";"0";"3";"32";"0";"2"
"25.11.2015 23:40:00";"1";"0";"17";"0,78";"2097152";"69625";"3,32";"0";"3";"32";"0";"2"
"25.11.2015 23:45:00";"1";"0";"16";"0,75";"2097152";"71093";"3,39";"0";"3";"32";"0";"2"
"25.11.2015 23:50:00";"1";"0";"17";"0,8";"2097152";"58511";"2,79";"0";"3";"32";"0";"2"
"25.11.2015 23:55:00";"1";"0";"17";"0,8";"2097152";"51380";"2,45";"0";"3";"32";"0";"2"
"26.11.2015 00:00:00";"1";"0";"16";"0,73";"2097152";"69625";"3,32";"0";"4";"32";"0";"2"
"26.11.2015 00:05:00";"1";"0";"18";"0,81";"2097152";"76546";"3,65";"0";"4";"32";"0";"2"
"26.11.2015 00:10:00";"1";"0";"17";"0,8";"2097152";"86403";"4,12";"0";"3";"32";"0";"2"
"26.11.2015 00:15:00";"1";"0";"16";"0,72";"2097152";"40265";"1,92";"0";"3";"32";"0";"2"
"26.11.2015 00:20:00";"1";"0";"18";"0,81";"2097152";"76546";"3,65";"0";"3";"32";"0";"2"
"26.11.2015 00:25:00";"1";"0";"17";"0,78";"2097152";"63963";"3,05";"0";"3";"32";"0";"2"
"26.11.2015 00:30:00";"1";"0";"16";"0,73";"2097152";"50122";"2,39";"0";"3";"32";"0";"2"
"26.11.2015 00:35:00";"1";"0";"18";"0,82";"2097152";"73820";"3,52";"0";"3";"32";"0";"2"
"26.11.2015 00:40:00";"1";"0";"17";"0,79";"2097152";"78014";"3,72";"0";"3";"32";"0";"2"
"26.11.2015 00:45:00";"1";"0";"17";"0,77";"2097152";"63963";"3,05";"0";"3";"32";"0";"2"
"26.11.2015 00:50:00";"1";"0";"18";"0,81";"2097152";"50122";"2,39";"0";"3";"32";"0";"2"
"26.11.2015 00:55:00";"1";"0";"17";"0,78";"2097152";"79482";"3,79";"0";"3";"32";"0";"2"
"26.11.2015 01:00:00";"1";"0";"16";"0,74";"2097152";"98986";"4,72";"0";"3";"32";"0";"2"
"26.11.2015 01:05:00";"1";"0";"18";"0,81";"2097152";"58511";"2,79";"0";"4";"32";"0";"2"
"26.11.2015 01:10:00";"1";"0";"17";"0,77";"2097152";"62705";"2,99";"0";"3";"32";"0";"2"
"26.11.2015 01:15:00";"1";"0";"16";"0,76";"2097152";"96259";"4,59";"0";"3";"32";"0";"2"
"26.11.2015 01:20:00";"1";"0";"18";"0,82";"2097152";"71093";"3,39";"0";"3";"32";"0";"2"
"26.11.2015 01:25:00";"1";"0";"17";"0,8";"2097152";"55575";"2,65";"0";"3";"32";"0";"2"
"26.11.2015 01:30:00";"1";"0";"16";"0,74";"2097152";"82208";"3,92";"0";"3";"32";"0";"2"
"26.11.2015 01:35:00";"1";"0";"18";"0,82";"2097152";"62705";"2,99";"0";"3";"32";"0";"2"
"26.11.2015 01:40:00";"1";"0";"17";"0,77";"2097152";"69625";"3,32";"0";"3";"32";"0";"2"
"26.11.2015 01:45:00";"1";"0";"16";"0,74";"2097152";"89129";"4,25";"0";"3";"32";"0";"2"
"26.11.2015 01:50:00";"1";"0";"18";"0,8";"2097152";"55575";"2,65";"0";"3";"32";"0";"2"
"26.11.2015 01:55:00";"1";"0";"17";"0,77";"2097152";"62705";"2,99";"0";"3";"32";"0";"2"
"26.11.2015 02:00:00";"1";"0";"16";"0,72";"2097152";"50122";"2,39";"0";"3";"32";"0";"2"
"26.11.2015 02:05:00";"1";"0";"17";"0,8";"2097152";"89129";"4,25";"0";"4";"32";"0";"2"
"26.11.2015 02:10:00";"1";"0";"17";"0,78";"2097152";"93323";"4,45";"0";"3";"32";"0";"2"
"26.11.2015 02:15:00";"1";"0";"16";"0,73";"2097152";"89129";"4,25";"0";"3";"32";"0";"2"
"26.11.2015 02:20:00";"1";"0";"17";"0,79";"2097152";"79482";"3,79";"0";"3";"32";"0";"2"
"26.11.2015 02:25:00";"1";"0";"17";"0,76";"2097152";"86403";"4,12";"0";"3";"32";"0";"2"
"26.11.2015 02:30:00";"1";"0";"16";"0,73";"2097152";"84935";"4,05";"0";"3";"32";"0";"2"
"26.11.2015 02:35:00";"1";"0";"18";"0,82";"2097152";"103180";"4,92";"0";"4";"32";"0";"2"
"26.11.2015 02:40:00";"1";"0";"17";"0,77";"2097152";"58511";"2,79";"0";"3";"32";"0";"2"
"26.11.2015 02:45:00";"1";"0";"16";"0,72";"2097152";"75288";"3,59";"0";"3";"32";"0";"2"
"26.11.2015 02:50:00";"1";"0";"17";"0,8";"2097152";"61237";"2,92";"0";"3";"32";"0";"2"
"26.11.2015 02:55:00";"1";"0";"17";"0,77";"2097152";"58511";"2,79";"0";"3";"32";"0";"2"
"26.11.2015 03:00:00";"1";"0";"16";"0,74";"2097152";"76546";"3,65";"0";"3";"32";"0";"2"
"26.11.2015 03:05:00";"1";"0";"18";"0,82";"2097152";"72352";"3,45";"0";"4";"32";"0";"2"
"26.11.2015 03:10:00";"1";"0";"17";"0,75";"2097152";"80740";"3,85";"0";"3";"32";"0";"2"
"26.11.2015 03:15:00";"1";"0";"16";"0,75";"2097152";"107374";"5,12";"0";"3";"32";"0";"2"
"26.11.2015 03:20:00";"1";"0";"17";"0,79";"2097152";"65431";"3,12";"0";"3";"32";"0";"2"
"26.11.2015 03:25:00";"1";"0";"17";"0,77";"2097152";"72352";"3,45";"0";"3";"32";"0";"2"
"26.11.2015 03:30:00";"1";"0";"16";"0,72";"2097152";"94791";"4,52";"0";"3";"32";"0";"2"
"26.11.2015 03:35:00";"1";"0";"17";"0,79";"2097152";"89129";"4,25";"0";"3";"32";"0";"2"
"26.11.2015 03:40:00";"1";"0";"17";"0,76";"2097152";"71093";"3,39";"0";"3";"32";"0";"2"
"26.11.2015 03:45:00";"1";"0";"16";"0,72";"2097152";"57043";"2,72";"0";"3";"32";"0";"2"
"26.11.2015 03:50:00";"1";"0";"18";"0,82";"2097152";"62705";"2,99";"0";"3";"32";"0";"2"
"26.11.2015 03:55:00";"1";"0";"17";"0,79";"2097152";"75288";"3,59";"0";"3";"32";"0";"2"
"26.11.2015 04:00:00";"1";"0";"16";"0,73";"2097152";"68157";"3,25";"0";"3";"32";"0";"2"
"26.11.2015 04:05:00";"1";"0";"18";"0,82";"2097152";"79482";"3,79";"0";"4";"32";"0";"2"
"26.11.2015 04:10:00";"1";"0";"16";"0,75";"2097152";"79482";"3,79";"0";"3";"32";"0";"2"
"26.11.2015 04:15:00";"1";"0";"16";"0,72";"2097152";"63963";"3,05";"0";"3";"32";"0";"2"
"26.11.2015 04:20:00";"1";"0";"17";"0,8";"2097152";"84935";"4,05";"0";"3";"32";"0";"2"
"26.11.2015 04:25:00";"1";"0";"17";"0,8";"2097152";"73820";"3,52";"0";"3";"32";"0";"2"
"26.11.2015 04:30:00";"1";"0";"18";"0,83";"2097152";"90597";"4,32";"0";"17";"32";"0";"2"
"26.11.2015 04:35:00";"1";"0";"17";"0,79";"2097152";"61237";"2,92";"0";"4";"32";"0";"2"
"26.11.2015 04:40:00";"1";"0";"17";"0,77";"2097152";"69625";"3,32";"0";"3";"32";"0";"2"
"26.11.2015 04:45:00";"1";"0";"16";"0,72";"2097152";"51380";"2,45";"0";"3";"32";"0";"2"
"26.11.2015 04:50:00";"1";"0";"18";"0,8";"2097152";"59769";"2,85";"0";"3";"32";"0";"2"
"26.11.2015 04:55:00";"1";"0";"17";"0,76";"2097152";"87871";"4,19";"0";"3";"32";"0";"2"
"26.11.2015 05:00:00";"1";"0";"16";"0,73";"2097152";"94791";"4,52";"0";"3";"32";"0";"2"
"26.11.2015 05:05:00";"1";"0";"18";"0,81";"2097152";"80740";"3,85";"0";"3";"32";"0";"2"
"26.11.2015 05:10:00";"1";"0";"16";"0,76";"2097152";"72352";"3,45";"0";"3";"32";"0";"2"
"26.11.2015 05:15:00";"1";"0";"16";"0,72";"2097152";"71093";"3,39";"0";"3";"32";"0";"2"
"26.11.2015 05:20:00";"1";"0";"17";"0,79";"2097152";"83676";"3,99";"0";"3";"32";"0";"2"
"26.11.2015 05:25:00";"1";"0";"17";"0,76";"2097152";"94791";"4,52";"0";"3";"32";"0";"2"
"26.11.2015 05:30:00";"1";"0";"15";"0,72";"2097152";"78014";"3,72";"0";"3";"32";"0";"2"
"26.11.2015 05:35:00";"1";"0";"17";"0,79";"2097152";"72352";"3,45";"0";"3";"32";"0";"2"
"26.11.2015 05:40:00";"1";"0";"16";"0,76";"2097152";"73820";"3,52";"0";"3";"32";"0";"2"
"26.11.2015 05:45:00";"1";"0";"16";"0,71";"2097152";"89129";"4,25";"0";"3";"32";"0";"2"
"26.11.2015 05:50:00";"1";"0";"18";"0,81";"2097152";"89129";"4,25";"0";"3";"32";"0";"2"
"26.11.2015 05:55:00";"1";"0";"17";"0,76";"2097152";"57043";"2,72";"0";"4";"32";"0";"2"
"26.11.2015 06:00:00";"1";"0";"16";"0,73";"2097152";"72352";"3,45";"0";"3";"32";"0";"2"
"26.11.2015 06:05:00";"1";"0";"18";"0,81";"2097152";"68157";"3,25";"0";"4";"32";"0";"2"
"26.11.2015 06:10:00";"1";"0";"17";"0,76";"2097152";"62705";"2,99";"0";"3";"32";"0";"2"
"26.11.2015 06:15:00";"1";"0";"16";"0,74";"2097152";"89129";"4,25";"0";"3";"32";"0";"2"
"26.11.2015 06:20:00";"1";"0";"17";"0,78";"2097152";"86403";"4,12";"0";"3";"32";"0";"2"
"26.11.2015 06:25:00";"1";"0";"17";"0,76";"2097152";"92065";"4,39";"0";"3";"32";"0";"2"
"26.11.2015 06:30:00";"1";"0";"16";"0,72";"2097152";"89129";"4,25";"0";"3";"32";"0";"2"
"26.11.2015 06:35:00";"1";"0";"17";"0,78";"2097152";"87871";"4,19";"0";"3";"32";"0";"2"
"26.11.2015 06:40:00";"1";"0";"17";"0,76";"2097152";"76546";"3,65";"0";"3";"32";"0";"2"
"26.11.2015 06:45:00";"1";"0";"18";"0,81";"2097152";"58511";"2,79";"0";"3";"32";"0";"2"
"26.11.2015 06:50:00";"1";"0";"17";"0,76";"2097152";"71093";"3,39";"0";"3";"32";"0";"2"
"26.11.2015 06:55:00";"1";"0";"15";"0,69";"2097152";"71093";"3,39";"0";"3";"32";"0";"2"
"26.11.2015 07:00:00";"1";"0";"18";"0,82";"2097152";"84935";"4,05";"0";"3";"32";"0";"2"
"26.11.2015 07:05:00";"1";"0";"16";"0,74";"2097152";"83676";"3,99";"0";"3";"32";"0";"2"
"26.11.2015 07:10:00";"1";"0";"15";"0,71";"2097152";"79482";"3,79";"0";"3";"32";"0";"2"
"26.11.2015 07:15:00";"1";"0";"18";"0,83";"2097152";"62705";"2,99";"0";"3";"32";"0";"2"
"26.11.2015 07:20:00";"1";"0";"16";"0,74";"2097152";"87871";"4,19";"0";"3";"32";"0";"2"
"26.11.2015 07:25:00";"1";"0";"15";"0,71";"2097152";"83676";"3,99";"0";"3";"32";"0";"2"
"26.11.2015 07:30:00";"1";"0";"18";"0,81";"2097152";"71093";"3,39";"0";"3";"32";"0";"2"
"26.11.2015 07:35:00";"1";"0";"16";"0,74";"2097152";"58511";"2,79";"0";"3";"32";"0";"2"
"26.11.2015 07:40:00";"1";"0";"15";"0,71";"2097152";"75288";"3,59";"0";"3";"32";"0";"2"
"26.11.2015 07:45:00";"1";"0";"18";"0,83";"2097152";"65431";"3,12";"0";"4";"32";"0";"2"
"26.11.2015 07:50:00";"1";"0";"16";"0,76";"2097152";"87871";"4,19";"0";"3";"32";"0";"2"
"26.11.2015 07:55:00";"1";"0";"15";"0,71";"2097152";"66899";"3,19";"0";"3";"32";"0";"2"
"26.11.2015 08:00:00";"1";"0";"18";"0,82";"2097152";"75288";"3,59";"0";"3";"32";"0";"2"
"26.11.2015 08:05:00";"1";"0";"16";"0,74";"2097152";"78014";"3,72";"0";"4";"32";"0";"2"
"26.11.2015 08:10:00";"1";"0";"15";"0,7";"2097152";"71093";"3,39";"0";"3";"32";"0";"2"
"26.11.2015 08:15:00";"1";"0";"19";"0,85";"2097152";"180145";"8,59";"0";"3";"32";"0";"2"
"26.11.2015 08:20:00";"1";"0";"16";"0,74";"2097152";"93323";"4,45";"0";"3";"32";"0";"2"
"26.11.2015 08:25:00";"1";"0";"15";"0,7";"2097152";"108842";"5,19";"0";"3";"32";"0";"2"
"26.11.2015 08:30:00";"1";"0";"18";"0,83";"2097152";"96259";"4,59";"0";"3";"32";"0";"2"
"26.11.2015 08:35:00";"1";"0";"16";"0,75";"2097152";"83676";"3,99";"0";"3";"32";"0";"2"
"26.11.2015 08:40:00";"1";"0";"15";"0,71";"2097152";"87871";"4,19";"0";"3";"32";"0";"2"
"26.11.2015 08:45:00";"1";"0";"18";"0,82";"2097152";"79482";"3,79";"0";"3";"32";"0";"2"
"26.11.2015 08:50:00";"1";"0";"16";"0,74";"2097152";"92065";"4,39";"0";"3";"32";"0";"2"
"26.11.2015 08:55:00";"1";"0";"15";"0,7";"2097152";"92065";"4,39";"0";"3";"32";"0";"2"
"26.11.2015 09:00:00";"1";"0";"18";"0,82";"2097152";"75288";"3,59";"0";"3";"32";"0";"2"
"26.11.2015 09:05:00";"1";"0";"16";"0,74";"2097152";"83676";"3,99";"0";"4";"32";"0";"2"
"26.11.2015 09:10:00";"1";"0";"16";"0,71";"2097152";"65431";"3,12";"0";"3";"32";"0";"2"
"26.11.2015 09:15:00";"1";"0";"18";"0,83";"2097152";"79482";"3,79";"0";"3";"32";"0";"2"
"26.11.2015 09:20:00";"1";"0";"16";"0,73";"2097152";"79482";"3,79";"0";"3";"32";"0";"2"
"26.11.2015 09:25:00";"1";"0";"16";"0,71";"2097152";"80740";"3,85";"0";"3";"32";"0";"2"
"26.11.2015 09:30:00";"1";"0";"18";"0,82";"2097152";"87871";"4,19";"0";"3";"32";"0";"2"
"26.11.2015 09:35:00";"1";"0";"16";"0,74";"2097152";"50122";"2,39";"0";"3";"32";"0";"2"
"26.11.2015 09:40:00";"1";"0";"15";"0,7";"2097152";"54316";"2,59";"0";"3";"32";"0";"2"
"26.11.2015 09:45:00";"1";"0";"18";"0,83";"2097152";"58511";"2,79";"0";"4";"32";"0";"2"
"26.11.2015 09:50:00";"1";"0";"16";"0,74";"2097152";"58511";"2,79";"0";"3";"32";"0";"2"
"26.11.2015 09:55:00";"1";"0";"15";"0,7";"2097152";"54316";"2,59";"0";"3";"32";"0";"2"
"26.11.2015 10:00:00";"1";"0";"18";"0,83";"2097152";"62705";"2,99";"0";"3";"32";"0";"2"
"26.11.2015 10:05:00";"1";"0";"17";"0,76";"2097152";"92065";"4,39";"0";"4";"32";"0";"2"
"26.11.2015 10:10:00";"1";"0";"15";"0,69";"2097152";"92065";"4,39";"0";"3";"32";"0";"2"
"26.11.2015 10:15:00";"1";"0";"18";"0,84";"2097152";"75288";"3,59";"0";"3";"32";"0";"2"
"26.11.2015 10:20:00";"1";"0";"16";"0,75";"2097152";"58511";"2,79";"0";"3";"32";"0";"2"
"26.11.2015 10:25:00";"1";"0";"15";"0,71";"2097152";"41733";"1,99";"0";"3";"32";"0";"2"
"26.11.2015 10:30:00";"1";"0";"18";"0,83";"2097152";"71093";"3,39";"0";"3";"32";"0";"2"
"26.11.2015 10:35:00";"1";"0";"16";"0,74";"2097152";"72352";"3,45";"0";"3";"32";"0";"2"
"26.11.2015 10:40:00";"1";"0";"15";"0,7";"2097152";"80740";"3,85";"0";"3";"32";"0";"2"
"26.11.2015 10:45:00";"1";"0";"18";"0,84";"2097152";"103180";"4,92";"0";"3";"32";"0";"2"
"26.11.2015 10:50:00";"1";"0";"17";"0,76";"2097152";"51380";"2,45";"0";"3";"32";"0";"2"
"26.11.2015 10:55:00";"1";"0";"15";"0,71";"2097152";"76546";"3,65";"0";"3";"32";"0";"2"
"26.11.2015 11:00:00";"1";"0";"18";"0,83";"2097152";"72352";"3,45";"0";"3";"32";"0";"2"
"26.11.2015 11:05:00";"1";"0";"16";"0,75";"2097152";"65431";"3,12";"0";"3";"32";"0";"2"
"26.11.2015 11:10:00";"1";"0";"15";"0,69";"2097152";"71093";"3,39";"0";"3";"32";"0";"2"
"26.11.2015 11:15:00";"1";"0";"18";"0,84";"2097152";"96259";"4,59";"0";"3";"32";"0";"2"
"26.11.2015 11:20:00";"1";"0";"17";"0,76";"2097152";"93323";"4,45";"0";"3";"32";"0";"2"
"26.11.2015 11:25:00";"1";"0";"15";"0,7";"2097152";"86403";"4,12";"0";"3";"32";"0";"2"
"26.11.2015 11:30:00";"1";"0";"18";"0,83";"2097152";"75288";"3,59";"0";"3";"32";"0";"2"
"26.11.2015 11:35:00";"1";"0";"16";"0,74";"2097152";"83676";"3,99";"0";"3";"32";"0";"2"
"26.11.2015 11:40:00";"1";"0";"15";"0,69";"2097152";"59769";"2,85";"0";"3";"32";"0";"2"
"26.11.2015 11:45:00";"1";"0";"18";"0,83";"2097152";"68157";"3,25";"0";"4";"32";"0";"2"
"26.11.2015 11:50:00";"1";"0";"16";"0,74";"2097152";"59769";"2,85";"0";"3";"32";"0";"2"
"26.11.2015 11:55:00";"1";"0";"15";"0,68";"2097152";"62705";"2,99";"0";"3";"32";"0";"2"
"26.11.2015 12:00:00";"1";"0";"18";"0,82";"2097152";"117231";"5,59";"0";"3";"32";"0";"2"
"26.11.2015 12:05:00";"1";"0";"16";"0,74";"2097152";"87871";"4,19";"0";"3";"32";"0";"2"
"26.11.2015 12:10:00";"1";"0";"15";"0,69";"2097152";"62705";"2,99";"0";"3";"32";"0";"2"
"26.11.2015 12:15:00";"1";"0";"18";"0,82";"2097152";"65431";"3,12";"0";"3";"32";"0";"2"
"26.11.2015 12:20:00";"1";"0";"16";"0,74";"2097152";"68157";"3,25";"0";"3";"32";"0";"2"
"26.11.2015 12:25:00";"1";"0";"15";"0,69";"2097152";"61237";"2,92";"0";"3";"32";"0";"2"
"26.11.2015 12:30:00";"1";"0";"18";"0,84";"2097152";"90597";"4,32";"0";"3";"32";"0";"2"
"26.11.2015 12:35:00";"1";"0";"16";"0,75";"2097152";"107374";"5,12";"0";"4";"32";"0";"2"
"26.11.2015 12:40:00";"1";"0";"15";"0,7";"2097152";"83676";"3,99";"0";"3";"32";"0";"2"
"26.11.2015 12:45:00";"1";"0";"18";"0,83";"2097152";"104648";"4,99";"0";"3";"32";"0";"2"
"26.11.2015 12:50:00";"1";"0";"16";"0,74";"2097152";"94791";"4,52";"0";"3";"32";"0";"2"
"26.11.2015 12:55:00";"1";"0";"15";"0,7";"2097152";"69625";"3,32";"0";"3";"32";"0";"2"
"26.11.2015 13:00:00";"1";"0";"19";"0,84";"2097152";"92065";"4,39";"0";"3";"32";"0";"2"
"26.11.2015 13:05:00";"1";"0";"16";"0,75";"2097152";"73820";"3,52";"0";"3";"32";"0";"2"
"26.11.2015 13:10:00";"1";"0";"15";"0,7";"2097152";"55575";"2,65";"0";"3";"32";"0";"2"
"26.11.2015 13:15:00";"1";"0";"18";"0,83";"2097152";"72352";"3,45";"0";"3";"32";"0";"2"
"26.11.2015 13:20:00";"1";"0";"16";"0,73";"2097152";"55575";"2,65";"0";"3";"32";"0";"2"
"26.11.2015 13:25:00";"1";"0";"15";"0,7";"2097152";"52848";"2,52";"0";"3";"32";"0";"2"
"26.11.2015 13:30:00";"1";"0";"18";"0,83";"2097152";"93323";"4,45";"0";"3";"32";"0";"2"
"26.11.2015 13:35:00";"1";"0";"16";"0,75";"2097152";"100454";"4,79";"0";"3";"32";"0";"2"
"26.11.2015 13:40:00";"1";"0";"16";"0,72";"2097152";"80740";"3,85";"0";"3";"32";"0";"2"
"26.11.2015 13:45:00";"1";"0";"18";"0,83";"2097152";"73820";"3,52";"0";"3";"32";"0";"2"
"26.11.2015 13:50:00";"1";"0";"16";"0,73";"2097152";"94791";"4,52";"0";"3";"32";"0";"2"
"26.11.2015 13:55:00";"1";"0";"16";"0,72";"2097152";"80740";"3,85";"0";"3";"32";"0";"2"
"26.11.2015 14:00:00";"1";"0";"18";"0,84";"2097152";"87871";"4,19";"0";"3";"32";"0";"2"
"26.11.2015 14:05:00";"1";"0";"16";"0,75";"2097152";"89129";"4,25";"0";"3";"32";"0";"2"
"26.11.2015 14:10:00";"1";"0";"15";"0,71";"2097152";"65431";"3,12";"0";"3";"32";"0";"2"
"26.11.2015 14:15:00";"1";"0";"18";"0,83";"2097152";"58511";"2,79";"0";"3";"32";"0";"2"
"26.11.2015 14:20:00";"1";"0";"16";"0,73";"2097152";"62705";"2,99";"0";"3";"32";"0";"2"
"26.11.2015 14:25:00";"1";"0";"15";"0,69";"2097152";"62705";"2,99";"0";"3";"32";"0";"2"
"26.11.2015 14:30:00";"1";"0";"18";"0,83";"2097152";"115763";"5,52";"0";"3";"32";"0";"2"
"26.11.2015 14:35:00";"1";"0";"16";"0,74";"2097152";"76546";"3,65";"0";"3";"32";"0";"2"
"26.11.2015 14:40:00";"1";"0";"15";"0,69";"2097152";"72352";"3,45";"0";"3";"32";"0";"2"
"26.11.2015 14:45:00";"1";"0";"16";"0,73";"2097152";"97518";"4,65";"0";"3";"32";"0";"2"
"26.11.2015 14:50:00";"1";"0";"18";"0,81";"2097152";"62705";"2,99";"0";"3";"32";"0";"2"
"26.11.2015 14:55:00";"1";"0";"16";"0,76";"2097152";"55575";"2,65";"0";"3";"32";"0";"2"
"26.11.2015 15:00:00";"1";"0";"15";"0,71";"2097152";"96259";"4,59";"0";"3";"32";"0";"2"
"26.11.2015 15:05:00";"1";"0";"17";"0,79";"2097152";"69625";"3,32";"0";"3";"32";"0";"2"
"26.11.2015 15:10:00";"1";"0";"16";"0,76";"2097152";"34603";"1,65";"0";"3";"32";"0";"2"
"26.11.2015 15:15:00";"1";"0";"16";"0,72";"2097152";"89129";"4,25";"0";"3";"32";"0";"2"
"26.11.2015 15:20:00";"1";"0";"18";"0,81";"2097152";"90597";"4,32";"0";"3";"32";"0";"2"
"26.11.2015 15:25:00";"1";"0";"17";"0,76";"2097152";"115763";"5,52";"0";"3";"32";"0";"2"
"26.11.2015 15:30:00";"1";"0";"15";"0,71";"2097152";"92065";"4,39";"0";"3";"32";"0";"2"
"26.11.2015 15:35:00";"1";"0";"17";"0,79";"2097152";"75288";"3,59";"0";"3";"32";"0";"2"
"26.11.2015 15:40:00";"1";"0";"17";"0,76";"2097152";"54316";"2,59";"0";"3";"32";"0";"2"
"26.11.2015 15:45:00";"1";"0";"16";"0,73";"2097152";"71093";"3,39";"0";"3";"32";"0";"2"
"26.11.2015 15:50:00";"1";"0";"17";"0,78";"2097152";"63963";"3,05";"0";"3";"32";"0";"2"
"26.11.2015 15:55:00";"1";"0";"17";"0,76";"2097152";"96259";"4,59";"0";"3";"32";"0";"2"
"26.11.2015 16:00:00";"1";"0";"15";"0,71";"2097152";"68157";"3,25";"0";"3";"32";"0";"2"
"26.11.2015 16:05:00";"1";"0";"17";"0,8";"2097152";"78014";"3,72";"0";"3";"32";"0";"2"
"26.11.2015 16:10:00";"1";"0";"17";"0,77";"2097152";"86403";"4,12";"0";"3";"32";"0";"2"
"26.11.2015 16:15:00";"1";"0";"16";"0,72";"2097152";"83676";"3,99";"0";"3";"32";"0";"2"
"26.11.2015 16:20:00";"1";"0";"18";"0,8";"2097152";"96259";"4,59";"0";"3";"32";"0";"2"
"26.11.2015 16:25:00";"1";"0";"17";"0,77";"2097152";"62705";"2,99";"0";"3";"32";"0";"2"
"26.11.2015 16:30:00";"1";"0";"16";"0,71";"2097152";"66899";"3,19";"0";"3";"32";"0";"2"
"26.11.2015 16:35:00";"1";"0";"17";"0,79";"2097152";"78014";"3,72";"0";"3";"32";"0";"2"
"26.11.2015 16:40:00";"1";"0";"17";"0,76";"2097152";"87871";"4,19";"0";"3";"32";"0";"2"
"26.11.2015 16:45:00";"1";"0";"18";"0,84";"2097152";"54316";"2,59";"0";"4";"32";"0";"2"
"26.11.2015 16:50:00";"1";"0";"16";"0,73";"2097152";"51380";"2,45";"0";"3";"32";"0";"2"
"26.11.2015 16:55:00";"1";"0";"15";"0,7";"2097152";"62705";"2,99";"0";"3";"32";"0";"2"
"26.11.2015 17:00:00";"1";"0";"18";"0,83";"2097152";"73820";"3,52";"0";"4";"32";"0";"2"
"26.11.2015 17:05:00";"1";"0";"16";"0,75";"2097152";"76546";"3,65";"0";"4";"32";"0";"2"
"26.11.2015 17:10:00";"1";"0";"15";"0,7";"2097152";"79482";"3,79";"0";"3";"32";"0";"2"
"26.11.2015 17:15:00";"1";"0";"18";"0,83";"2097152";"84935";"4,05";"0";"3";"32";"0";"2"
"26.11.2015 17:20:00";"1";"0";"16";"0,74";"2097152";"72352";"3,45";"0";"3";"32";"0";"2"
"26.11.2015 17:25:00";"1";"0";"15";"0,69";"2097152";"63963";"3,05";"0";"3";"32";"0";"2"
"26.11.2015 17:30:00";"1";"0";"18";"0,82";"2097152";"89129";"4,25";"0";"3";"32";"0";"2"
"26.11.2015 17:35:00";"1";"0";"16";"0,74";"2097152";"75288";"3,59";"0";"3";"32";"0";"2"
"26.11.2015 17:40:00";"1";"0";"15";"0,71";"2097152";"82208";"3,92";"0";"3";"32";"0";"2"
"26.11.2015 17:45:00";"1";"0";"18";"0,85";"2097152";"84935";"4,05";"0";"4";"32";"0";"2"
"26.11.2015 17:50:00";"1";"0";"16";"0,74";"2097152";"105906";"5,05";"0";"3";"32";"0";"2"
"26.11.2015 17:55:00";"1";"0";"15";"0,69";"2097152";"71093";"3,39";"0";"3";"32";"0";"2"
"26.11.2015 18:00:00";"1";"0";"18";"0,82";"2097152";"79482";"3,79";"0";"3";"32";"0";"2"
"26.11.2015 18:05:00";"1";"0";"17";"0,77";"2097152";"52848";"2,52";"0";"4";"32";"0";"2"
"26.11.2015 18:10:00";"1";"0";"15";"0,69";"2097152";"54316";"2,59";"0";"3";"32";"0";"2"
"26.11.2015 18:15:00";"1";"0";"18";"0,82";"2097152";"72352";"3,45";"0";"3";"32";"0";"2"
"26.11.2015 18:20:00";"1";"0";"16";"0,75";"2097152";"75288";"3,59";"0";"3";"32";"0";"2"
"26.11.2015 18:25:00";"1";"0";"15";"0,69";"2097152";"87871";"4,19";"0";"3";"32";"0";"2"
"26.11.2015 18:30:00";"1";"0";"18";"0,81";"2097152";"58511";"2,79";"0";"3";"32";"0";"2"
"26.11.2015 18:35:00";"1";"0";"16";"0,74";"2097152";"78014";"3,72";"0";"4";"32";"0";"2"
"26.11.2015 18:40:00";"1";"0";"15";"0,69";"2097152";"80740";"3,85";"0";"3";"32";"0";"2"
"26.11.2015 18:45:00";"1";"0";"18";"0,83";"2097152";"65431";"3,12";"0";"3";"32";"0";"2"
"26.11.2015 18:50:00";"1";"0";"16";"0,74";"2097152";"96259";"4,59";"0";"3";"32";"0";"2"
"26.11.2015 18:55:00";"1";"0";"15";"0,71";"2097152";"50122";"2,39";"0";"3";"32";"0";"2"
"26.11.2015 19:00:00";"1";"0";"19";"0,85";"2097152";"65431";"3,12";"0";"3";"32";"0";"2"
"26.11.2015 19:05:00";"1";"0";"17";"0,76";"2097152";"68157";"3,25";"0";"4";"32";"0";"2"
"26.11.2015 19:10:00";"1";"0";"15";"0,7";"2097152";"71093";"3,39";"0";"3";"32";"0";"2"
"26.11.2015 19:15:00";"1";"0";"18";"0,83";"2097152";"51380";"2,45";"0";"3";"32";"0";"2"
"26.11.2015 19:20:00";"1";"0";"16";"0,74";"2097152";"73820";"3,52";"0";"3";"32";"0";"2"
"26.11.2015 19:25:00";"1";"0";"15";"0,69";"2097152";"92065";"4,39";"0";"3";"32";"0";"2"
"26.11.2015 19:30:00";"1";"0";"18";"0,84";"2097152";"78014";"3,72";"0";"3";"32";"0";"2"
"26.11.2015 19:35:00";"1";"0";"16";"0,74";"2097152";"80740";"3,85";"0";"9";"32";"0";"2"
"26.11.2015 19:40:00";"1";"0";"15";"0,7";"2097152";"54316";"2,59";"0";"3";"32";"0";"2"
"26.11.2015 19:45:00";"1";"0";"19";"0,86";"2097152";"58511";"2,79";"0";"3";"32";"0";"2"
"26.11.2015 19:50:00";"1";"0";"16";"0,74";"2097152";"72352";"3,45";"0";"3";"32";"0";"2"
"26.11.2015 19:55:00";"1";"0";"15";"0,7";"2097152";"37539";"1,79";"0";"3";"32";"0";"2"
"26.11.2015 20:00:00";"1";"0";"18";"0,83";"2097152";"48654";"2,32";"0";"3";"32";"0";"2"
"26.11.2015 20:05:00";"1";"0";"16";"0,75";"2097152";"57043";"2,72";"0";"4";"32";"0";"2"
"26.11.2015 20:10:00";"1";"0";"15";"0,7";"2097152";"65431";"3,12";"0";"3";"32";"0";"2"
"26.11.2015 20:15:00";"1";"0";"19";"0,87";"2097152";"69625";"3,32";"0";"3";"32";"0";"2"
"26.11.2015 20:20:00";"1";"0";"16";"0,73";"2097152";"90597";"4,32";"0";"3";"32";"0";"2"
"26.11.2015 20:25:00";"1";"0";"15";"0,7";"2097152";"76546";"3,65";"0";"3";"32";"0";"2"
"26.11.2015 20:30:00";"1";"0";"19";"0,85";"2097152";"51380";"2,45";"0";"3";"32";"0";"2"
"26.11.2015 20:35:00";"1";"0";"16";"0,75";"2097152";"71093";"3,39";"0";"3";"32";"0";"2"
"26.11.2015 20:40:00";"1";"0";"16";"0,72";"2097152";"75288";"3,59";"0";"3";"32";"0";"2"
"26.11.2015 20:45:00";"1";"0";"18";"0,83";"2097152";"78014";"3,72";"0";"3";"32";"0";"2"
"26.11.2015 20:50:00";"1";"0";"16";"0,73";"2097152";"52848";"2,52";"0";"3";"32";"0";"2"
"26.11.2015 20:55:00";"1";"0";"15";"0,69";"2097152";"59769";"2,85";"0";"3";"32";"0";"2"
"26.11.2015 21:00:00";"1";"0";"19";"0,85";"2097152";"80740";"3,85";"0";"3";"32";"0";"2"
"26.11.2015 21:05:00";"1";"0";"17";"0,77";"2097152";"149317";"7,12";"0";"3";"32";"0";"2"
"26.11.2015 21:10:00";"1";"0";"15";"0,7";"2097152";"80740";"3,85";"0";"3";"32";"0";"2"
"26.11.2015 21:15:00";"1";"0";"18";"0,83";"2097152";"82208";"3,92";"0";"3";"32";"0";"2"
"26.11.2015 21:20:00";"1";"0";"17";"0,76";"2097152";"68157";"3,25";"0";"3";"32";"0";"2"
"26.11.2015 21:25:00";"1";"0";"15";"0,68";"2097152";"58511";"2,79";"0";"3";"32";"0";"2"
"26.11.2015 21:30:00";"1";"0";"18";"0,82";"2097152";"45928";"2,19";"0";"3";"32";"0";"2"
"26.11.2015 21:35:00";"1";"0";"16";"0,74";"2097152";"61237";"2,92";"0";"3";"32";"0";"2"
"26.11.2015 21:40:00";"1";"0";"15";"0,68";"2097152";"100454";"4,79";"0";"3";"32";"0";"2"
"26.11.2015 21:45:00";"1";"0";"18";"0,83";"2097152";"124151";"5,92";"0";"3";"32";"0";"2"
"26.11.2015 21:50:00";"1";"0";"16";"0,75";"2097152";"100454";"4,79";"0";"3";"32";"0";"2"
"26.11.2015 21:55:00";"1";"0";"16";"0,72";"2097152";"96259";"4,59";"0";"3";"32";"0";"2"
"26.11.2015 22:00:00";"1";"0";"19";"0,85";"2097152";"87871";"4,19";"0";"3";"32";"0";"2"
"26.11.2015 22:05:00";"1";"0";"17";"0,79";"2097152";"92065";"4,39";"0";"4";"32";"0";"2"
"26.11.2015 22:10:00";"1";"0";"16";"0,74";"2097152";"98986";"4,72";"0";"3";"32";"0";"2"
"26.11.2015 22:15:00";"1";"0";"19";"0,86";"2097152";"89129";"4,25";"0";"3";"32";"0";"2"
"26.11.2015 22:20:00";"1";"0";"17";"0,77";"2097152";"101712";"4,85";"0";"3";"32";"0";"2"
"26.11.2015 22:25:00";"1";"0";"16";"0,76";"2097152";"87871";"4,19";"0";"3";"32";"0";"2"
"26.11.2015 22:30:00";"1";"0";"19";"0,87";"2097152";"76546";"3,65";"0";"3";"32";"0";"2"
"26.11.2015 22:35:00";"1";"0";"17";"0,78";"2097152";"44460";"2,12";"0";"4";"32";"0";"2"
"26.11.2015 22:40:00";"1";"0";"16";"0,74";"2097152";"100454";"4,79";"0";"3";"32";"0";"2"
"26.11.2015 22:45:00";"1";"0";"19";"0,86";"2097152";"98986";"4,72";"0";"3";"32";"0";"2"
"26.11.2015 22:50:00";"1";"0";"16";"0,75";"2097152";"75288";"3,59";"0";"3";"32";"0";"2"
"26.11.2015 22:55:00";"1";"0";"15";"0,7";"2097152";"97518";"4,65";"0";"3";"32";"0";"2"
"26.11.2015 23:00:00";"1";"0";"18";"0,82";"2097152";"96259";"4,59";"0";"3";"32";"0";"2"
"26.11.2015 23:05:00";"1";"0";"16";"0,75";"2097152";"78014";"3,72";"0";"4";"32";"0";"2"
"26.11.2015 23:10:00";"1";"0";"15";"0,69";"2097152";"98986";"4,72";"0";"3";"32";"0";"2"
"26.11.2015 23:15:00";"1";"0";"18";"0,83";"2097152";"86403";"4,12";"0";"3";"32";"0";"2"
"26.11.2015 23:20:00";"1";"0";"17";"0,76";"2097152";"97518";"4,65";"0";"3";"32";"0";"2"
"26.11.2015 23:25:00";"1";"0";"16";"0,72";"2097152";"90597";"4,32";"0";"3";"32";"0";"2"
"26.11.2015 23:30:00";"1";"0";"18";"0,84";"2097152";"65431";"3,12";"0";"3";"32";"0";"2"
"26.11.2015 23:35:00";"1";"0";"16";"0,74";"2097152";"63963";"3,05";"0";"4";"32";"0";"2"
"26.11.2015 23:40:00";"1";"0";"15";"0,7";"2097152";"68157";"3,25";"0";"3";"32";"0";"2"
"26.11.2015 23:45:00";"1";"0";"16";"0,72";"2097152";"94791";"4,52";"0";"3";"32";"0";"2"
"26.11.2015 23:50:00";"1";"0";"18";"0,8";"2097152";"72352";"3,45";"0";"3";"32";"0";"2"
"26.11.2015 23:55:00";"1";"0";"17";"0,79";"2097152";"96259";"4,59";"0";"4";"32";"0";"2"
"27.11.2015 00:00:00";"1";"0";"15";"0,71";"2097152";"73820";"3,52";"0";"4";"32";"0";"2"
"27.11.2015 00:05:00";"1";"0";"18";"0,83";"2097152";"61237";"2,92";"0";"4";"32";"0";"2"
"27.11.2015 00:10:00";"1";"0";"17";"0,77";"2097152";"73820";"3,52";"0";"3";"32";"0";"2"
"27.11.2015 00:15:00";"1";"0";"16";"0,73";"2097152";"72352";"3,45";"0";"3";"32";"0";"2"
"27.11.2015 00:20:00";"1";"0";"17";"0,78";"2097152";"69625";"3,32";"0";"3";"32";"0";"2"
"27.11.2015 00:25:00";"1";"0";"17";"0,76";"2097152";"93323";"4,45";"0";"3";"32";"0";"2"
"27.11.2015 00:30:00";"1";"0";"16";"0,74";"2097152";"92065";"4,39";"0";"3";"32";"0";"2"
"27.11.2015 00:35:00";"1";"0";"18";"0,81";"2097152";"80740";"3,85";"0";"3";"32";"0";"2"
"27.11.2015 00:40:00";"1";"0";"17";"0,77";"2097152";"75288";"3,59";"0";"3";"32";"0";"2"
"27.11.2015 00:45:00";"1";"0";"16";"0,73";"2097152";"66899";"3,19";"0";"3";"32";"0";"2"
"27.11.2015 00:50:00";"1";"0";"17";"0,78";"2097152";"78014";"3,72";"0";"3";"32";"0";"2"
"27.11.2015 00:55:00";"1";"0";"17";"0,77";"2097152";"52848";"2,52";"0";"3";"32";"0";"2"
"27.11.2015 01:00:00";"1";"0";"16";"0,72";"2097152";"89129";"4,25";"0";"3";"32";"0";"2"
"27.11.2015 01:05:00";"1";"0";"18";"0,8";"2097152";"71093";"3,39";"0";"4";"32";"0";"2"
"27.11.2015 01:10:00";"1";"0";"16";"0,75";"2097152";"75288";"3,59";"0";"3";"32";"0";"2"
"27.11.2015 01:15:00";"1";"0";"16";"0,71";"2097152";"87871";"4,19";"0";"3";"32";"0";"2"
"27.11.2015 01:20:00";"1";"0";"17";"0,8";"2097152";"100454";"4,79";"0";"3";"32";"0";"2"
"27.11.2015 01:25:00";"1";"0";"17";"0,79";"2097152";"38797";"1,85";"0";"3";"32";"0";"2"
"27.11.2015 01:30:00";"1";"0";"16";"0,73";"2097152";"62705";"2,99";"0";"3";"32";"0";"2"
"27.11.2015 01:35:00";"1";"0";"17";"0,79";"2097152";"68157";"3,25";"0";"4";"32";"0";"2"
"27.11.2015 01:40:00";"1";"0";"16";"0,76";"2097152";"57043";"2,72";"0";"3";"32";"0";"2"
"27.11.2015 01:45:00";"1";"0";"16";"0,73";"2097152";"97518";"4,65";"0";"3";"32";"0";"2"
"27.11.2015 01:50:00";"1";"0";"17";"0,79";"2097152";"103180";"4,92";"0";"3";"32";"0";"2"
"27.11.2015 01:55:00";"1";"0";"16";"0,75";"2097152";"66899";"3,19";"0";"3";"32";"0";"2"
"27.11.2015 02:00:00";"1";"0";"16";"0,72";"2097152";"62705";"2,99";"0";"3";"32";"0";"2"
"27.11.2015 02:05:00";"1";"0";"18";"0,8";"2097152";"58511";"2,79";"0";"4";"32";"0";"2"
"27.11.2015 02:10:00";"1";"0";"16";"0,75";"2097152";"59769";"2,85";"0";"3";"32";"0";"2"
"27.11.2015 02:15:00";"1";"0";"16";"0,75";"2097152";"78014";"3,72";"0";"3";"32";"0";"2"
"27.11.2015 02:20:00";"1";"0";"17";"0,8";"2097152";"59769";"2,85";"0";"3";"32";"0";"2"
"27.11.2015 02:25:00";"1";"0";"17";"0,78";"2097152";"97518";"4,65";"0";"3";"32";"0";"2"
"27.11.2015 02:30:00";"1";"0";"16";"0,72";"2097152";"103180";"4,92";"0";"3";"32";"0";"2"
"27.11.2015 02:35:00";"1";"0";"17";"0,8";"2097152";"89129";"4,25";"0";"4";"32";"0";"2"
"27.11.2015 02:40:00";"1";"0";"16";"0,76";"2097152";"65431";"3,12";"0";"3";"32";"0";"2"
"27.11.2015 02:45:00";"1";"0";"16";"0,73";"2097152";"52848";"2,52";"0";"3";"32";"0";"2"
"27.11.2015 02:50:00";"1";"0";"18";"0,8";"2097152";"58511";"2,79";"0";"3";"32";"0";"2"
"27.11.2015 02:55:00";"1";"0";"17";"0,77";"2097152";"62705";"2,99";"0";"3";"32";"0";"2"
"27.11.2015 03:00:00";"1";"0";"16";"0,71";"2097152";"69625";"3,32";"0";"3";"32";"0";"2"
"27.11.2015 03:05:00";"1";"0";"18";"0,81";"2097152";"90597";"4,32";"0";"4";"32";"0";"2"
"27.11.2015 03:10:00";"1";"0";"17";"0,78";"2097152";"87871";"4,19";"0";"3";"32";"0";"2"
"27.11.2015 03:15:00";"1";"0";"16";"0,72";"2097152";"61237";"2,92";"0";"3";"32";"0";"2"
"27.11.2015 03:20:00";"1";"0";"17";"0,79";"2097152";"63963";"3,05";"0";"3";"32";"0";"2"
"27.11.2015 03:25:00";"1";"0";"17";"0,79";"2097152";"79482";"3,79";"0";"3";"32";"0";"2"
"27.11.2015 03:30:00";"1";"0";"15";"0,71";"2097152";"83676";"3,99";"0";"3";"32";"0";"2"
"27.11.2015 03:35:00";"1";"0";"17";"0,79";"2097152";"59769";"2,85";"0";"3";"32";"0";"2"
"27.11.2015 03:40:00";"1";"0";"17";"0,77";"2097152";"55575";"2,65";"0";"3";"32";"0";"2"
"27.11.2015 03:45:00";"1";"0";"16";"0,73";"2097152";"58511";"2,79";"0";"3";"32";"0";"2"
"27.11.2015 03:50:00";"1";"0";"18";"0,81";"2097152";"61237";"2,92";"0";"3";"32";"0";"2"
"27.11.2015 03:55:00";"1";"0";"24";"1,11";"2097152";"138202";"6,59";"4";"35";"32";"0";"2"
"27.11.2015 04:00:00";"1";"0";"16";"0,74";"2097152";"111568";"5,32";"0";"3";"32";"0";"2"
"27.11.2015 04:05:00";"1";"0";"18";"0,81";"2097152";"72352";"3,45";"0";"3";"32";"0";"2"
"27.11.2015 04:10:00";"1";"0";"17";"0,76";"2097152";"58511";"2,79";"0";"3";"32";"0";"2"
"27.11.2015 04:15:00";"1";"0";"16";"0,72";"2097152";"100454";"4,79";"0";"3";"32";"0";"2"
"27.11.2015 04:20:00";"1";"0";"17";"0,8";"2097152";"84935";"4,05";"0";"3";"32";"0";"2"
"27.11.2015 04:25:00";"1";"0";"17";"0,78";"2097152";"82208";"3,92";"0";"3";"32";"0";"2"
"27.11.2015 04:30:00";"1";"0";"16";"0,72";"2097152";"93323";"4,45";"0";"3";"32";"0";"2"
"27.11.2015 04:35:00";"1";"0";"17";"0,79";"2097152";"90597";"4,32";"0";"3";"32";"0";"2"
"27.11.2015 04:40:00";"1";"0";"17";"0,78";"2097152";"68157";"3,25";"0";"3";"32";"0";"2"
"27.11.2015 04:45:00";"1";"0";"16";"0,72";"2097152";"82208";"3,92";"0";"3";"32";"0";"2"
"27.11.2015 04:50:00";"1";"0";"17";"0,78";"2097152";"73820";"3,52";"0";"3";"32";"0";"2"
"27.11.2015 04:55:00";"1";"0";"17";"0,76";"2097152";"72352";"3,45";"0";"3";"32";"0";"2"
"27.11.2015 05:00:00";"1";"0";"15";"0,71";"2097152";"62705";"2,99";"0";"3";"32";"0";"2"
"27.11.2015 05:05:00";"1";"0";"18";"0,81";"2097152";"82208";"3,92";"0";"3";"32";"0";"2"
"27.11.2015 05:10:00";"1";"0";"17";"0,76";"2097152";"93323";"4,45";"0";"3";"32";"0";"2"
"27.11.2015 05:15:00";"1";"0";"16";"0,72";"2097152";"76546";"3,65";"0";"3";"32";"0";"2"
"27.11.2015 05:20:00";"1";"0";"17";"0,79";"2097152";"63963";"3,05";"0";"3";"32";"0";"2"
"27.11.2015 05:25:00";"1";"0";"17";"0,76";"2097152";"84935";"4,05";"0";"3";"32";"0";"2"
"27.11.2015 05:30:00";"1";"0";"16";"0,72";"2097152";"82208";"3,92";"0";"3";"32";"0";"2"
"27.11.2015 05:35:00";"1";"0";"17";"0,79";"2097152";"68157";"3,25";"0";"3";"32";"0";"2"
"27.11.2015 05:40:00";"1";"0";"17";"0,77";"2097152";"97518";"4,65";"0";"3";"32";"0";"2"
"27.11.2015 05:45:00";"1";"0";"16";"0,73";"2097152";"86403";"4,12";"0";"3";"32";"0";"2"
"27.11.2015 05:50:00";"1";"0";"17";"0,79";"2097152";"69625";"3,32";"0";"3";"32";"0";"2"
"27.11.2015 05:55:00";"1";"0";"17";"0,76";"2097152";"76546";"3,65";"0";"3";"32";"0";"2"
"27.11.2015 06:00:00";"1";"0";"16";"0,72";"2097152";"82208";"3,92";"0";"3";"32";"0";"2"
"27.11.2015 06:05:00";"1";"0";"17";"0,8";"2097152";"80740";"3,85";"0";"3";"32";"0";"2"
"27.11.2015 06:10:00";"1";"0";"17";"0,77";"2097152";"58511";"2,79";"0";"3";"32";"0";"2"
"27.11.2015 06:15:00";"1";"0";"16";"0,73";"2097152";"71093";"3,39";"0";"3";"32";"0";"2"
"27.11.2015 06:20:00";"1";"0";"17";"0,79";"2097152";"66899";"3,19";"0";"3";"32";"0";"2"
"27.11.2015 06:25:00";"1";"0";"17";"0,79";"2097152";"59769";"2,85";"0";"3";"32";"0";"2"
"27.11.2015 06:30:00";"1";"0";"15";"0,71";"2097152";"57043";"2,72";"0";"3";"32";"0";"2"
"27.11.2015 06:35:00";"1";"0";"17";"0,8";"2097152";"52848";"2,52";"0";"3";"32";"0";"2"
"27.11.2015 06:40:00";"1";"0";"17";"0,78";"2097152";"82208";"3,92";"0";"3";"32";"0";"2"
"27.11.2015 06:45:00";"1";"0";"16";"0,73";"2097152";"58511";"2,79";"0";"3";"32";"0";"2"
"27.11.2015 06:50:00";"1";"0";"17";"0,78";"2097152";"58511";"2,79";"0";"3";"32";"0";"2"
"27.11.2015 06:55:00";"1";"0";"17";"0,77";"2097152";"73820";"3,52";"0";"3";"32";"0";"2"
"27.11.2015 07:00:00";"1";"0";"16";"0,74";"2097152";"76546";"3,65";"0";"3";"32";"0";"2"
"27.11.2015 07:05:00";"1";"0";"18";"0,8";"2097152";"62705";"2,99";"0";"3";"32";"0";"2"
"27.11.2015 07:10:00";"1";"0";"16";"0,75";"2097152";"90597";"4,32";"0";"3";"32";"0";"2"
"27.11.2015 07:15:00";"1";"0";"16";"0,73";"2097152";"105906";"5,05";"0";"3";"32";"0";"2"
"27.11.2015 07:20:00";"1";"0";"17";"0,78";"2097152";"62705";"2,99";"0";"3";"32";"0";"2"
"27.11.2015 07:25:00";"1";"0";"17";"0,76";"2097152";"51380";"2,45";"0";"3";"32";"0";"2"
"27.11.2015 07:30:00";"1";"0";"16";"0,72";"2097152";"69625";"3,32";"0";"3";"32";"0";"2"
"27.11.2015 07:35:00";"1";"0";"18";"0,82";"2097152";"59769";"2,85";"0";"3";"32";"0";"2"
"27.11.2015 07:40:00";"1";"0";"17";"0,78";"2097152";"66899";"3,19";"0";"3";"32";"0";"2"
"27.11.2015 07:45:00";"1";"0";"16";"0,72";"2097152";"79482";"3,79";"0";"3";"32";"0";"2"
"27.11.2015 07:50:00";"1";"0";"17";"0,79";"2097152";"76546";"3,65";"0";"3";"32";"0";"2"
"27.11.2015 07:55:00";"1";"0";"17";"0,77";"2097152";"87871";"4,19";"0";"4";"32";"0";"2"
"27.11.2015 08:00:00";"1";"0";"16";"0,72";"2097152";"72352";"3,45";"0";"3";"32";"0";"2"
"27.11.2015 08:05:00";"1";"0";"18";"0,81";"2097152";"87871";"4,19";"0";"4";"32";"0";"2"
"27.11.2015 08:10:00";"1";"0";"17";"0,78";"2097152";"66899";"3,19";"0";"3";"32";"0";"2"
"27.11.2015 08:15:00";"1";"0";"16";"0,74";"2097152";"90597";"4,32";"0";"3";"32";"0";"2"
"27.11.2015 08:20:00";"1";"0";"18";"0,81";"2097152";"94791";"4,52";"0";"3";"32";"0";"2"
"27.11.2015 08:25:00";"1";"0";"17";"0,75";"2097152";"65431";"3,12";"0";"3";"32";"0";"2"
"27.11.2015 08:30:00";"1";"0";"16";"0,72";"2097152";"63963";"3,05";"0";"3";"32";"0";"2"
"27.11.2015 08:35:00";"1";"0";"18";"0,8";"2097152";"104648";"4,99";"0";"3";"32";"0";"2"
"27.11.2015 08:40:00";"1";"0";"17";"0,76";"2097152";"90597";"4,32";"0";"3";"32";"0";"2"
"27.11.2015 08:45:00";"1";"0";"16";"0,72";"2097152";"104648";"4,99";"0";"3";"32";"0";"2"
"27.11.2015 08:50:00";"1";"0";"17";"0,79";"2097152";"87871";"4,19";"0";"3";"32";"0";"2"
"27.11.2015 08:55:00";"1";"0";"17";"0,76";"2097152";"66899";"3,19";"0";"3";"32";"0";"2"
"27.11.2015 09:00:00";"1";"0";"16";"0,72";"2097152";"104648";"4,99";"0";"3";"32";"0";"2"
"27.11.2015 09:05:00";"1";"0";"17";"0,79";"2097152";"79482";"3,79";"0";"3";"32";"0";"2"
"27.11.2015 09:10:00";"1";"0";"17";"0,76";"2097152";"63963";"3,05";"0";"3";"32";"0";"2"
"27.11.2015 09:15:00";"1";"0";"16";"0,72";"2097152";"54316";"2,59";"0";"4";"32";"0";"2"
"27.11.2015 09:20:00";"1";"0";"17";"0,8";"2097152";"75288";"3,59";"0";"3";"32";"0";"2"
"27.11.2015 09:25:00";"1";"0";"17";"0,79";"2097152";"113036";"5,39";"0";"3";"32";"0";"2"
"27.11.2015 09:30:00";"1";"0";"16";"0,72";"2097152";"83676";"3,99";"0";"3";"32";"0";"2"
"27.11.2015 09:35:00";"1";"0";"18";"0,81";"2097152";"72352";"3,45";"0";"3";"32";"0";"2"
"27.11.2015 09:40:00";"1";"0";"17";"0,8";"2097152";"125619";"5,99";"0";"3";"32";"0";"2"
"27.11.2015 09:45:00";"1";"0";"16";"0,73";"2097152";"175951";"8,39";"0";"3";"32";"0";"2"
"27.11.2015 09:50:00";"1";"0";"17";"0,81";"2097152";"66899";"3,19";"0";"3";"32";"0";"2"
"27.11.2015 09:55:00";"1";"0";"17";"0,76";"2097152";"55575";"2,65";"0";"3";"32";"0";"2"
"27.11.2015 10:00:00";"1";"0";"16";"0,71";"2097152";"84935";"4,05";"0";"3";"32";"0";"2"
"27.11.2015 10:05:00";"1";"0";"17";"0,79";"2097152";"87871";"4,19";"0";"3";"32";"0";"2"
"27.11.2015 10:10:00";"1";"0";"17";"0,76";"2097152";"63963";"3,05";"0";"3";"32";"0";"2"
"27.11.2015 10:15:00";"1";"0";"15";"0,71";"2097152";"87871";"4,19";"0";"3";"32";"0";"2"
"27.11.2015 10:20:00";"1";"0";"17";"0,78";"2097152";"79482";"3,79";"0";"3";"32";"0";"2"
"27.11.2015 10:25:00";"1";"0";"17";"0,76";"2097152";"48654";"2,32";"0";"3";"32";"0";"2"
"27.11.2015 10:30:00";"1";"0";"16";"0,72";"2097152";"78014";"3,72";"0";"3";"32";"0";"2"
"27.11.2015 10:35:00";"1";"0";"17";"0,79";"2097152";"87871";"4,19";"0";"3";"32";"0";"2"
"27.11.2015 10:40:00";"1";"0";"16";"0,75";"2097152";"89129";"4,25";"0";"3";"32";"0";"2"
"27.11.2015 10:45:00";"1";"0";"16";"0,73";"2097152";"96259";"4,59";"0";"3";"32";"0";"2"
"27.11.2015 10:50:00";"1";"0";"18";"0,8";"2097152";"68157";"3,25";"0";"3";"32";"0";"2"
"27.11.2015 10:55:00";"1";"0";"17";"0,76";"2097152";"63963";"3,05";"0";"3";"32";"0";"2"
"27.11.2015 11:00:00";"1";"0";"15";"0,71";"2097152";"93323";"4,45";"0";"3";"32";"0";"2"
"27.11.2015 11:05:00";"1";"0";"17";"0,79";"2097152";"97518";"4,65";"0";"3";"32";"0";"2"
"27.11.2015 11:10:00";"1";"0";"17";"0,76";"2097152";"79482";"3,79";"0";"3";"32";"0";"2"
"27.11.2015 11:15:00";"1";"0";"16";"0,72";"2097152";"71093";"3,39";"0";"3";"32";"0";"2"
"27.11.2015 11:20:00";"1";"0";"17";"0,78";"2097152";"86403";"4,12";"0";"3";"32";"0";"2"
"27.11.2015 11:25:00";"1";"0";"17";"0,76";"2097152";"79482";"3,79";"0";"3";"32";"0";"2"
"27.11.2015 11:30:00";"1";"0";"16";"0,71";"2097152";"37539";"1,79";"0";"3";"32";"0";"2"
"27.11.2015 11:35:00";"1";"0";"17";"0,8";"2097152";"50122";"2,39";"0";"3";"32";"0";"2"
"27.11.2015 11:40:00";"1";"0";"17";"0,78";"2097152";"48654";"2,32";"0";"3";"32";"0";"2"
"27.11.2015 11:45:00";"1";"0";"15";"0,71";"2097152";"83676";"3,99";"0";"3";"32";"0";"2"
"27.11.2015 11:50:00";"1";"0";"17";"0,79";"2097152";"86403";"4,12";"0";"3";"32";"0";"2"
"27.11.2015 11:55:00";"1";"0";"17";"0,78";"2097152";"66899";"3,19";"0";"3";"32";"0";"2"
"27.11.2015 12:00:00";"1";"0";"16";"0,72";"2097152";"54316";"2,59";"0";"3";"32";"0";"2"
"27.11.2015 12:05:00";"1";"0";"17";"0,79";"2097152";"73820";"3,52";"0";"3";"32";"0";"2"
"27.11.2015 12:10:00";"1";"0";"17";"0,75";"2097152";"41733";"1,99";"0";"3";"32";"0";"2"
"27.11.2015 12:15:00";"1";"0";"15";"0,71";"2097152";"55575";"2,65";"0";"3";"32";"0";"2"
"27.11.2015 12:20:00";"1";"0";"17";"0,79";"2097152";"66899";"3,19";"0";"3";"32";"0";"2"
"27.11.2015 12:25:00";"1";"0";"17";"0,77";"2097152";"55575";"2,65";"0";"3";"32";"0";"2"
"27.11.2015 12:30:00";"1";"0";"16";"0,72";"2097152";"41733";"1,99";"0";"3";"32";"0";"2"
"27.11.2015 12:35:00";"1";"0";"17";"0,78";"2097152";"51380";"2,45";"0";"3";"32";"0";"2"
"27.11.2015 12:40:00";"1";"0";"17";"0,76";"2097152";"57043";"2,72";"0";"3";"32";"0";"2"
"27.11.2015 12:45:00";"1";"0";"16";"0,72";"2097152";"54316";"2,59";"0";"3";"32";"0";"2"
"27.11.2015 12:50:00";"1";"0";"17";"0,78";"2097152";"75288";"3,59";"0";"3";"32";"0";"2"
"27.11.2015 12:55:00";"1";"0";"17";"0,77";"2097152";"80740";"3,85";"0";"3";"32";"0";"2"
"27.11.2015 13:00:00";"1";"0";"16";"0,73";"2097152";"92065";"4,39";"0";"3";"32";"0";"2"
"27.11.2015 13:05:00";"1";"0";"18";"0,8";"2097152";"92065";"4,39";"0";"3";"32";"0";"2"
"27.11.2015 13:10:00";"1";"0";"17";"0,77";"2097152";"75288";"3,59";"0";"3";"32";"0";"2"
"27.11.2015 13:15:00";"1";"0";"16";"0,72";"2097152";"58511";"2,79";"0";"3";"32";"0";"2"
"27.11.2015 13:20:00";"1";"0";"17";"0,78";"2097152";"51380";"2,45";"0";"3";"32";"0";"2"
"27.11.2015 13:25:00";"1";"0";"17";"0,76";"2097152";"69625";"3,32";"0";"3";"32";"0";"2"
"27.11.2015 13:30:00";"1";"0";"15";"0,71";"2097152";"87871";"4,19";"0";"3";"32";"0";"2"
"27.11.2015 13:35:00";"1";"0";"17";"0,79";"2097152";"63963";"3,05";"0";"3";"32";"0";"2"
"27.11.2015 13:40:00";"1";"0";"16";"0,75";"2097152";"54316";"2,59";"0";"3";"32";"0";"2"
"27.11.2015 13:45:00";"1";"0";"15";"0,71";"2097152";"71093";"3,39";"0";"3";"32";"0";"2"
"27.11.2015 13:50:00";"1";"0";"17";"0,79";"2097152";"63963";"3,05";"0";"3";"32";"0";"2"
"27.11.2015 13:55:00";"1";"0";"17";"0,77";"2097152";"63963";"3,05";"0";"3";"32";"0";"2"
"27.11.2015 14:00:00";"1";"0";"16";"0,74";"2097152";"54316";"2,59";"0";"3";"32";"0";"2"
"27.11.2015 14:05:00";"1";"0";"18";"0,81";"2097152";"65431";"3,12";"0";"3";"32";"0";"2"
"27.11.2015 14:10:00";"1";"0";"16";"0,76";"2097152";"89129";"4,25";"0";"3";"32";"0";"2"
"27.11.2015 14:15:00";"1";"0";"15";"0,71";"2097152";"79482";"3,79";"0";"3";"32";"0";"2"
"27.11.2015 14:20:00";"1";"0";"17";"0,79";"2097152";"66899";"3,19";"0";"3";"32";"0";"2"
"27.11.2015 14:25:00";"1";"0";"17";"0,78";"2097152";"105906";"5,05";"0";"3";"32";"0";"2"
"27.11.2015 14:30:00";"1";"0";"15";"0,7";"2097152";"83676";"3,99";"0";"3";"32";"0";"2"
"27.11.2015 14:35:00";"1";"0";"18";"0,8";"2097152";"92065";"4,39";"0";"3";"32";"0";"2"
"27.11.2015 14:40:00";"1";"0";"17";"0,77";"2097152";"84935";"4,05";"0";"3";"32";"0";"2"
"27.11.2015 14:45:00";"1";"0";"16";"0,71";"2097152";"62705";"2,99";"0";"3";"32";"0";"2"
"27.11.2015 14:50:00";"1";"0";"17";"0,79";"2097152";"68157";"3,25";"0";"3";"32";"0";"2"
"27.11.2015 14:55:00";"1";"0";"17";"0,76";"2097152";"104648";"4,99";"0";"3";"32";"0";"2"
"27.11.2015 15:00:00";"1";"0";"16";"0,72";"2097152";"48654";"2,32";"0";"3";"32";"0";"2"
"27.11.2015 15:05:00";"1";"0";"17";"0,79";"2097152";"103180";"4,92";"0";"3";"32";"0";"2"
"27.11.2015 15:10:00";"1";"0";"17";"0,76";"2097152";"73820";"3,52";"0";"3";"32";"0";"2"
"27.11.2015 15:15:00";"1";"0";"16";"0,72";"2097152";"61237";"2,92";"0";"3";"32";"0";"2"
"27.11.2015 15:20:00";"1";"0";"17";"0,79";"2097152";"62705";"2,99";"0";"3";"32";"0";"2"
"27.11.2015 15:25:00";"1";"0";"17";"0,78";"2097152";"44460";"2,12";"0";"3";"32";"0";"2"
"27.11.2015 15:30:00";"1";"0";"16";"0,74";"2097152";"65431";"3,12";"0";"3";"32";"0";"2"
"27.11.2015 15:35:00";"1";"0";"17";"0,79";"2097152";"82208";"3,92";"0";"3";"32";"0";"2"
"27.11.2015 15:40:00";"1";"0";"17";"0,77";"2097152";"96259";"4,59";"0";"3";"32";"0";"2"
"27.11.2015 15:45:00";"1";"0";"16";"0,73";"2097152";"79482";"3,79";"0";"3";"32";"0";"2"
"27.11.2015 15:50:00";"1";"0";"17";"0,79";"2097152";"63963";"3,05";"0";"3";"32";"0";"2"
"27.11.2015 15:55:00";"1";"0";"17";"0,76";"2097152";"52848";"2,52";"0";"3";"32";"0";"2"
"27.11.2015 16:00:00";"1";"0";"16";"0,71";"2097152";"57043";"2,72";"0";"3";"32";"0";"2"
"27.11.2015 16:05:00";"1";"0";"17";"0,8";"2097152";"89129";"4,25";"0";"4";"32";"0";"2"
"27.11.2015 16:10:00";"1";"0";"16";"0,75";"2097152";"82208";"3,92";"0";"3";"32";"0";"2"
"27.11.2015 16:15:00";"1";"0";"15";"0,71";"2097152";"59769";"2,85";"0";"3";"32";"0";"2"
"27.11.2015 16:20:00";"1";"0";"17";"0,79";"2097152";"75288";"3,59";"0";"3";"32";"0";"2"
"27.11.2015 16:25:00";"1";"0";"17";"0,77";"2097152";"68157";"3,25";"0";"3";"32";"0";"2"
"27.11.2015 16:30:00";"1";"0";"15";"0,71";"2097152";"54316";"2,59";"0";"3";"32";"0";"2"
"27.11.2015 16:35:00";"1";"0";"17";"0,78";"2097152";"78014";"3,72";"0";"3";"32";"0";"2"
"27.11.2015 16:40:00";"1";"0";"17";"0,76";"2097152";"69625";"3,32";"0";"3";"32";"0";"2"
"27.11.2015 16:45:00";"1";"0";"16";"0,72";"2097152";"66899";"3,19";"0";"3";"32";"0";"2"
"27.11.2015 16:50:00";"1";"0";"17";"0,78";"2097152";"94791";"4,52";"0";"3";"32";"0";"2"
"27.11.2015 16:55:00";"1";"0";"17";"0,76";"2097152";"61237";"2,92";"0";"3";"32";"0";"2"
"27.11.2015 17:00:00";"1";"0";"15";"0,71";"2097152";"48654";"2,32";"0";"3";"32";"0";"2"
"27.11.2015 17:05:00";"1";"0";"17";"0,79";"2097152";"68157";"3,25";"0";"3";"32";"0";"2"
"27.11.2015 17:10:00";"1";"0";"16";"0,76";"2097152";"73820";"3,52";"0";"3";"32";"0";"2"
"27.11.2015 17:15:00";"1";"0";"15";"0,71";"2097152";"80740";"3,85";"0";"3";"32";"0";"2"
"27.11.2015 17:20:00";"1";"0";"17";"0,78";"2097152";"90597";"4,32";"0";"3";"32";"0";"2"
"27.11.2015 17:25:00";"1";"0";"17";"0,78";"2097152";"76546";"3,65";"0";"3";"32";"0";"2"
"27.11.2015 17:30:00";"1";"0";"15";"0,71";"2097152";"75288";"3,59";"0";"3";"32";"0";"2"
"27.11.2015 17:35:00";"1";"0";"17";"0,79";"2097152";"72352";"3,45";"0";"3";"32";"0";"2"
"27.11.2015 17:40:00";"1";"0";"17";"0,77";"2097152";"78014";"3,72";"0";"3";"32";"0";"2"
"27.11.2015 17:45:00";"1";"0";"16";"0,74";"2097152";"76546";"3,65";"0";"3";"32";"0";"2"
"27.11.2015 17:50:00";"1";"0";"17";"0,78";"2097152";"55575";"2,65";"0";"3";"32";"0";"2"
"27.11.2015 17:55:00";"1";"0";"17";"0,76";"2097152";"47186";"2,25";"0";"3";"32";"0";"2"
"27.11.2015 18:00:00";"1";"0";"15";"0,71";"2097152";"83676";"3,99";"0";"3";"32";"0";"2"
"27.11.2015 18:05:00";"1";"0";"17";"0,79";"2097152";"76546";"3,65";"0";"4";"32";"0";"2"
"27.11.2015 18:10:00";"1";"0";"17";"0,78";"2097152";"69625";"3,32";"0";"3";"32";"0";"2"
"27.11.2015 18:15:00";"1";"0";"16";"0,74";"2097152";"68157";"3,25";"0";"3";"32";"0";"2"
"27.11.2015 18:20:00";"1";"0";"17";"0,78";"2097152";"55575";"2,65";"0";"3";"32";"0";"2"
"27.11.2015 18:25:00";"1";"0";"17";"0,76";"2097152";"55575";"2,65";"0";"3";"32";"0";"2"
"27.11.2015 18:30:00";"1";"0";"15";"0,71";"2097152";"59769";"2,85";"0";"3";"32";"0";"2"
"27.11.2015 18:35:00";"1";"0";"17";"0,79";"2097152";"87871";"4,19";"0";"3";"32";"0";"2"
"27.11.2015 18:40:00";"1";"0";"17";"0,77";"2097152";"87871";"4,19";"0";"3";"32";"0";"2"
"27.11.2015 18:45:00";"1";"0";"16";"0,74";"2097152";"73820";"3,52";"0";"3";"32";"0";"2"
"27.11.2015 18:50:00";"1";"0";"17";"0,78";"2097152";"83676";"3,99";"0";"3";"32";"0";"2"
"27.11.2015 18:55:00";"1";"0";"17";"0,76";"2097152";"98986";"4,72";"0";"3";"32";"0";"2"
"27.11.2015 19:00:00";"1";"0";"16";"0,72";"2097152";"57043";"2,72";"0";"3";"32";"0";"2"
"27.11.2015 19:05:00";"1";"0";"17";"0,8";"2097152";"69625";"3,32";"0";"4";"32";"0";"2"
"27.11.2015 19:10:00";"1";"0";"17";"0,78";"2097152";"83676";"3,99";"0";"3";"32";"0";"2"
"27.11.2015 19:15:00";"1";"0";"16";"0,72";"2097152";"66899";"3,19";"0";"3";"32";"0";"2"
"27.11.2015 19:20:00";"1";"0";"17";"0,79";"2097152";"79482";"3,79";"0";"3";"32";"0";"2"
"27.11.2015 19:25:00";"1";"0";"17";"0,77";"2097152";"68157";"3,25";"0";"3";"32";"0";"2"
"27.11.2015 19:30:00";"1";"0";"15";"0,71";"2097152";"78014";"3,72";"0";"3";"32";"0";"2"
"27.11.2015 19:35:00";"1";"0";"17";"0,79";"2097152";"86403";"4,12";"0";"3";"32";"0";"2"
"27.11.2015 19:40:00";"1";"0";"16";"0,76";"2097152";"69625";"3,32";"0";"3";"32";"0";"2"
"27.11.2015 19:45:00";"1";"0";"15";"0,71";"2097152";"73820";"3,52";"0";"3";"32";"0";"2"
"27.11.2015 19:50:00";"1";"0";"17";"0,79";"2097152";"84935";"4,05";"0";"3";"32";"0";"2"
"27.11.2015 19:55:00";"1";"0";"17";"0,76";"2097152";"83676";"3,99";"0";"3";"32";"0";"2"
"27.11.2015 20:00:00";"1";"0";"16";"0,73";"2097152";"62705";"2,99";"0";"3";"32";"0";"2"
"27.11.2015 20:05:00";"1";"0";"18";"0,8";"2097152";"63963";"3,05";"0";"3";"32";"0";"2"
"27.11.2015 20:10:00";"1";"0";"17";"0,77";"2097152";"69625";"3,32";"0";"3";"32";"0";"2"
"27.11.2015 20:15:00";"1";"0";"16";"0,73";"2097152";"63963";"3,05";"0";"3";"32";"0";"2"
"27.11.2015 20:20:00";"1";"0";"17";"0,79";"2097152";"66899";"3,19";"0";"3";"32";"0";"2"
"27.11.2015 20:25:00";"1";"0";"17";"0,76";"2097152";"76546";"3,65";"0";"3";"32";"0";"2"
"27.11.2015 20:30:00";"1";"0";"15";"0,71";"2097152";"82208";"3,92";"0";"3";"32";"0";"2"
"27.11.2015 20:35:00";"1";"0";"17";"0,79";"2097152";"62705";"2,99";"0";"3";"32";"0";"2"
"27.11.2015 20:40:00";"1";"0";"17";"0,76";"2097152";"65431";"3,12";"0";"3";"32";"0";"2"
"27.11.2015 20:45:00";"1";"0";"16";"0,72";"2097152";"63963";"3,05";"0";"3";"32";"0";"2"
"27.11.2015 20:50:00";"1";"0";"17";"0,78";"2097152";"68157";"3,25";"0";"3";"32";"0";"2"
"27.11.2015 20:55:00";"1";"0";"16";"0,75";"2097152";"68157";"3,25";"0";"3";"32";"0";"2"
"27.11.2015 21:00:00";"1";"0";"16";"0,73";"2097152";"73820";"3,52";"0";"3";"32";"0";"2"
"27.11.2015 21:05:00";"1";"0";"18";"0,8";"2097152";"73820";"3,52";"0";"3";"32";"0";"2"
"27.11.2015 21:10:00";"1";"0";"17";"0,77";"2097152";"44460";"2,12";"0";"3";"32";"0";"2"
"27.11.2015 21:15:00";"1";"0";"16";"0,72";"2097152";"90597";"4,32";"0";"3";"32";"0";"2"
"27.11.2015 21:20:00";"1";"0";"17";"0,79";"2097152";"72352";"3,45";"0";"3";"32";"0";"2"
"27.11.2015 21:25:00";"1";"0";"17";"0,78";"2097152";"66899";"3,19";"0";"3";"32";"0";"2"
"27.11.2015 21:30:00";"1";"0";"16";"0,73";"2097152";"96259";"4,59";"0";"3";"32";"0";"2"
"27.11.2015 21:35:00";"1";"0";"18";"0,81";"2097152";"71093";"3,39";"0";"3";"32";"0";"2"
"27.11.2015 21:40:00";"1";"0";"17";"0,77";"2097152";"63963";"3,05";"0";"3";"32";"0";"2"
"27.11.2015 21:45:00";"1";"0";"16";"0,71";"2097152";"58511";"2,79";"0";"3";"32";"0";"2"
"27.11.2015 21:50:00";"1";"0";"17";"0,8";"2097152";"58511";"2,79";"0";"3";"32";"0";"2"
"27.11.2015 21:55:00";"1";"0";"17";"0,78";"2097152";"104648";"4,99";"0";"3";"32";"0";"2"
"27.11.2015 22:00:00";"1";"0";"15";"0,71";"2097152";"97518";"4,65";"0";"3";"32";"0";"2"
"27.11.2015 22:05:00";"1";"0";"18";"0,83";"2097152";"87871";"4,19";"0";"3";"32";"0";"2"
"27.11.2015 22:10:00";"1";"0";"17";"0,8";"2097152";"55575";"2,65";"0";"3";"32";"0";"2"
"27.11.2015 22:15:00";"1";"0";"17";"0,76";"2097152";"66899";"3,19";"0";"3";"32";"0";"2"
"27.11.2015 22:20:00";"1";"0";"18";"0,81";"2097152";"83676";"3,99";"0";"3";"32";"0";"2"
"27.11.2015 22:25:00";"1";"0";"18";"0,81";"2097152";"66899";"3,19";"0";"3";"32";"0";"2"
"27.11.2015 22:30:00";"1";"0";"17";"0,8";"2097152";"157706";"7,52";"0";"3";"32";"0";"2"
"27.11.2015 22:35:00";"1";"0";"19";"0,85";"2097152";"83676";"3,99";"0";"3";"32";"0";"2"
"27.11.2015 22:40:00";"1";"0";"17";"0,8";"2097152";"87871";"4,19";"0";"3";"32";"0";"2"
"27.11.2015 22:45:00";"1";"0";"16";"0,75";"2097152";"66899";"3,19";"0";"3";"32";"0";"2"
"27.11.2015 22:50:00";"1";"0";"17";"0,78";"2097152";"89129";"4,25";"0";"3";"32";"0";"2"
"27.11.2015 22:55:00";"1";"0";"17";"0,76";"2097152";"73820";"3,52";"0";"3";"32";"0";"2"
"27.11.2015 23:00:00";"1";"0";"16";"0,73";"2097152";"84935";"4,05";"0";"3";"32";"0";"2"
"27.11.2015 23:05:00";"1";"0";"18";"0,81";"2097152";"71093";"3,39";"0";"4";"32";"0";"2"
"27.11.2015 23:10:00";"1";"0";"17";"0,78";"2097152";"69625";"3,32";"0";"3";"32";"0";"2"
"27.11.2015 23:15:00";"1";"0";"15";"0,71";"2097152";"73820";"3,52";"0";"3";"32";"0";"2"
"27.11.2015 23:20:00";"1";"0";"17";"0,79";"2097152";"78014";"3,72";"0";"3";"32";"0";"2"
"27.11.2015 23:25:00";"1";"0";"17";"0,77";"2097152";"71093";"3,39";"0";"3";"32";"0";"2"
"27.11.2015 23:30:00";"1";"0";"16";"0,72";"2097152";"98986";"4,72";"0";"3";"32";"0";"2"
"27.11.2015 23:35:00";"1";"0";"17";"0,79";"2097152";"75288";"3,59";"0";"3";"32";"0";"2"
"27.11.2015 23:40:00";"1";"0";"17";"0,76";"2097152";"76546";"3,65";"0";"3";"32";"0";"2"
"27.11.2015 23:45:00";"1";"0";"16";"0,72";"2097152";"69625";"3,32";"0";"3";"32";"0";"2"
"27.11.2015 23:50:00";"1";"0";"17";"0,78";"2097152";"72352";"3,45";"0";"3";"32";"0";"2"
"27.11.2015 23:55:00";"1";"0";"17";"0,78";"2097152";"55575";"2,65";"0";"3";"32";"0";"2"
"28.11.2015 00:00:00";"1";"0";"16";"0,72";"2097152";"66899";"3,19";"0";"4";"32";"0";"2"
"28.11.2015 00:05:00";"1";"0";"18";"0,81";"2097152";"71093";"3,39";"0";"4";"32";"0";"2"
"28.11.2015 00:10:00";"1";"0";"17";"0,77";"2097152";"79482";"3,79";"0";"3";"32";"0";"2"
"28.11.2015 00:15:00";"1";"0";"16";"0,74";"2097152";"71093";"3,39";"0";"3";"32";"0";"2"
"28.11.2015 00:20:00";"1";"0";"17";"0,8";"2097152";"89129";"4,25";"0";"3";"32";"0";"2"
"28.11.2015 00:25:00";"1";"0";"17";"0,76";"2097152";"79482";"3,79";"0";"3";"32";"0";"2"
"28.11.2015 00:30:00";"1";"0";"16";"0,72";"2097152";"69625";"3,32";"0";"3";"32";"0";"2"
"28.11.2015 00:35:00";"1";"0";"18";"0,81";"2097152";"73820";"3,52";"0";"3";"32";"0";"2"
"28.11.2015 00:40:00";"1";"0";"17";"0,76";"2097152";"65431";"3,12";"0";"3";"32";"0";"2"
"28.11.2015 00:45:00";"1";"0";"16";"0,72";"2097152";"63963";"3,05";"0";"3";"32";"0";"2"
"28.11.2015 00:50:00";"1";"0";"18";"0,8";"2097152";"69625";"3,32";"0";"3";"32";"0";"2"
"28.11.2015 00:55:00";"1";"0";"17";"0,78";"2097152";"90597";"4,32";"0";"3";"32";"0";"2"
"28.11.2015 01:00:00";"1";"0";"16";"0,73";"2097152";"84935";"4,05";"0";"3";"32";"0";"2"
"28.11.2015 01:05:00";"1";"0";"19";"0,85";"2097152";"66899";"3,19";"0";"4";"32";"0";"2"
"28.11.2015 01:10:00";"1";"0";"17";"0,76";"2097152";"73820";"3,52";"0";"3";"32";"0";"2"
"28.11.2015 01:15:00";"1";"0";"16";"0,74";"2097152";"58511";"2,79";"0";"3";"32";"0";"2"
"28.11.2015 01:20:00";"1";"0";"17";"0,79";"2097152";"42992";"2,05";"0";"3";"32";"0";"2"
"28.11.2015 01:25:00";"1";"0";"17";"0,77";"2097152";"58511";"2,79";"0";"3";"32";"0";"2"
"28.11.2015 01:30:00";"1";"0";"16";"0,72";"2097152";"50122";"2,39";"0";"3";"32";"0";"2"
"28.11.2015 01:35:00";"1";"0";"17";"0,79";"2097152";"71093";"3,39";"0";"3";"32";"0";"2"
"28.11.2015 01:40:00";"1";"0";"17";"0,77";"2097152";"80740";"3,85";"0";"3";"32";"0";"2"
"28.11.2015 01:45:00";"1";"0";"16";"0,73";"2097152";"51380";"2,45";"0";"3";"32";"0";"2"
"28.11.2015 01:50:00";"1";"0";"17";"0,79";"2097152";"76546";"3,65";"0";"3";"32";"0";"2"
"28.11.2015 01:55:00";"1";"0";"17";"0,78";"2097152";"66899";"3,19";"0";"3";"32";"0";"2"
"28.11.2015 02:00:00";"1";"0";"16";"0,74";"2097152";"87871";"4,19";"0";"3";"32";"0";"2"
"28.11.2015 02:05:00";"1";"0";"18";"0,82";"2097152";"73820";"3,52";"0";"4";"32";"0";"2"
"28.11.2015 02:10:00";"1";"0";"17";"0,76";"2097152";"82208";"3,92";"0";"3";"32";"0";"2"
"28.11.2015 02:15:00";"1";"0";"16";"0,74";"2097152";"80740";"3,85";"0";"3";"32";"0";"2"
"28.11.2015 02:20:00";"1";"0";"18";"0,8";"2097152";"50122";"2,39";"0";"3";"32";"0";"2"
"28.11.2015 02:25:00";"1";"0";"17";"0,76";"2097152";"72352";"3,45";"0";"3";"32";"0";"2"
"28.11.2015 02:30:00";"1";"0";"16";"0,74";"2097152";"65431";"3,12";"0";"3";"32";"0";"2"
"28.11.2015 02:35:00";"1";"0";"18";"0,81";"2097152";"54316";"2,59";"0";"3";"32";"0";"2"
"28.11.2015 02:40:00";"1";"0";"17";"0,78";"2097152";"65431";"3,12";"0";"3";"32";"0";"2"
"28.11.2015 02:45:00";"1";"0";"16";"0,75";"2097152";"72352";"3,45";"0";"3";"32";"0";"2"
"28.11.2015 02:50:00";"1";"0";"18";"0,82";"2097152";"69625";"3,32";"0";"3";"32";"0";"2"
"28.11.2015 02:55:00";"1";"0";"17";"0,77";"2097152";"55575";"2,65";"0";"3";"32";"0";"2"
"28.11.2015 03:00:00";"1";"0";"16";"0,72";"2097152";"73820";"3,52";"0";"3";"32";"0";"2"
"28.11.2015 03:05:00";"1";"0";"18";"0,82";"2097152";"82208";"3,92";"0";"4";"32";"0";"2"
"28.11.2015 03:10:00";"1";"0";"17";"0,78";"2097152";"72352";"3,45";"0";"3";"32";"0";"2"
"28.11.2015 03:15:00";"1";"0";"16";"0,73";"2097152";"68157";"3,25";"0";"3";"32";"0";"2"
"28.11.2015 03:20:00";"1";"0";"18";"0,81";"2097152";"105906";"5,05";"0";"3";"32";"0";"2"
"28.11.2015 03:25:00";"1";"0";"17";"0,77";"2097152";"80740";"3,85";"0";"3";"32";"0";"2"
"28.11.2015 03:30:00";"1";"0";"16";"0,73";"2097152";"66899";"3,19";"0";"3";"32";"0";"2"
"28.11.2015 03:35:00";"1";"0";"18";"0,81";"2097152";"89129";"4,25";"0";"3";"32";"0";"2"
"28.11.2015 03:40:00";"1";"0";"17";"0,77";"2097152";"87871";"4,19";"0";"3";"32";"0";"2"
"28.11.2015 03:45:00";"1";"0";"18";"0,84";"2097152";"111568";"5,32";"0";"17";"32";"0";"2"
"28.11.2015 03:50:00";"1";"0";"18";"0,82";"2097152";"92065";"4,39";"0";"3";"32";"0";"2"
"28.11.2015 03:55:00";"1";"0";"17";"0,79";"2097152";"71093";"3,39";"0";"3";"32";"0";"2"
"28.11.2015 04:00:00";"1";"0";"16";"0,73";"2097152";"79482";"3,79";"0";"3";"32";"0";"2"
"28.11.2015 04:05:00";"1";"0";"17";"0,8";"2097152";"89129";"4,25";"0";"4";"32";"0";"2"
"28.11.2015 04:10:00";"1";"0";"17";"0,8";"2097152";"84935";"4,05";"0";"3";"32";"0";"2"
"28.11.2015 04:15:00";"1";"0";"16";"0,72";"2097152";"66899";"3,19";"0";"3";"32";"0";"2"
"28.11.2015 04:20:00";"1";"0";"17";"0,8";"2097152";"61237";"2,92";"0";"3";"32";"0";"2"
"28.11.2015 04:25:00";"1";"0";"17";"0,77";"2097152";"83676";"3,99";"0";"3";"32";"0";"2"
"28.11.2015 04:30:00";"1";"0";"16";"0,72";"2097152";"48654";"2,32";"0";"3";"32";"0";"2"
"28.11.2015 04:35:00";"1";"0";"18";"0,82";"2097152";"54316";"2,59";"0";"3";"32";"0";"2"
"28.11.2015 04:40:00";"1";"0";"17";"0,76";"2097152";"61237";"2,92";"0";"3";"32";"0";"2"
"28.11.2015 04:45:00";"1";"0";"16";"0,72";"2097152";"79482";"3,79";"0";"3";"32";"0";"2"
"28.11.2015 04:50:00";"1";"0";"17";"0,8";"2097152";"61237";"2,92";"0";"3";"32";"0";"2"
"28.11.2015 04:55:00";"1";"0";"17";"0,77";"2097152";"61237";"2,92";"0";"3";"32";"0";"2"
"28.11.2015 05:00:00";"1";"0";"16";"0,73";"2097152";"89129";"4,25";"0";"3";"32";"0";"2"
"28.11.2015 05:05:00";"1";"0";"18";"0,84";"2097152";"100454";"4,79";"0";"3";"32";"0";"2"
"28.11.2015 05:10:00";"1";"0";"17";"0,78";"2097152";"76546";"3,65";"0";"3";"32";"0";"2"
"28.11.2015 05:15:00";"1";"0";"16";"0,73";"2097152";"96259";"4,59";"0";"3";"32";"0";"2"
"28.11.2015 05:20:00";"1";"0";"17";"0,8";"2097152";"72352";"3,45";"0";"3";"32";"0";"2"
"28.11.2015 05:25:00";"1";"0";"17";"0,78";"2097152";"50122";"2,39";"0";"3";"32";"0";"2"
"28.11.2015 05:30:00";"1";"0";"16";"0,76";"2097152";"71093";"3,39";"0";"3";"32";"0";"2"
"28.11.2015 05:35:00";"1";"0";"18";"0,82";"2097152";"100454";"4,79";"0";"3";"32";"0";"2"
"28.11.2015 05:40:00";"1";"0";"17";"0,8";"2097152";"92065";"4,39";"0";"3";"32";"0";"2"
"28.11.2015 05:45:00";"1";"0";"16";"0,73";"2097152";"66899";"3,19";"0";"3";"32";"0";"2"
"28.11.2015 05:50:00";"1";"0";"17";"0,79";"2097152";"58511";"2,79";"0";"3";"32";"0";"2"
"28.11.2015 05:55:00";"1";"0";"17";"0,76";"2097152";"100454";"4,79";"0";"3";"32";"0";"2"
"28.11.2015 06:00:00";"1";"0";"16";"0,73";"2097152";"68157";"3,25";"0";"3";"32";"0";"2"
"28.11.2015 06:05:00";"1";"0";"17";"0,8";"2097152";"80740";"3,85";"0";"4";"32";"0";"2"
"28.11.2015 06:10:00";"1";"0";"17";"0,77";"2097152";"79482";"3,79";"0";"3";"32";"0";"2"
"28.11.2015 06:15:00";"1";"0";"16";"0,73";"2097152";"79482";"3,79";"0";"3";"32";"0";"2"
"28.11.2015 06:20:00";"1";"0";"17";"0,79";"2097152";"54316";"2,59";"0";"3";"32";"0";"2"
"28.11.2015 06:25:00";"1";"0";"17";"0,78";"2097152";"58511";"2,79";"0";"3";"32";"0";"2"
"28.11.2015 06:30:00";"1";"0";"16";"0,75";"2097152";"72352";"3,45";"0";"3";"32";"0";"2"
"28.11.2015 06:35:00";"1";"0";"18";"0,81";"2097152";"54316";"2,59";"0";"3";"32";"0";"2"
"28.11.2015 06:40:00";"1";"0";"17";"0,76";"2097152";"76546";"3,65";"0";"3";"32";"0";"2"
"28.11.2015 06:45:00";"1";"0";"16";"0,74";"2097152";"93323";"4,45";"0";"3";"32";"0";"2"
"28.11.2015 06:50:00";"1";"0";"18";"0,8";"2097152";"66899";"3,19";"0";"3";"32";"0";"2"
"28.11.2015 06:55:00";"1";"0";"17";"0,79";"2097152";"58511";"2,79";"0";"3";"32";"0";"2"
"28.11.2015 07:00:00";"1";"0";"16";"0,73";"2097152";"80740";"3,85";"0";"3";"32";"0";"2"
"28.11.2015 07:05:00";"1";"0";"18";"0,82";"2097152";"96259";"4,59";"0";"3";"32";"0";"2"
"28.11.2015 07:10:00";"1";"0";"17";"0,79";"2097152";"89129";"4,25";"0";"3";"32";"0";"2"
"28.11.2015 07:15:00";"1";"0";"16";"0,72";"2097152";"71093";"3,39";"0";"3";"32";"0";"2"
"28.11.2015 07:20:00";"1";"0";"18";"0,82";"2097152";"58511";"2,79";"0";"3";"32";"0";"2"
"28.11.2015 07:25:00";"1";"0";"17";"0,78";"2097152";"71093";"3,39";"0";"3";"32";"0";"2"
"28.11.2015 07:30:00";"1";"0";"16";"0,72";"2097152";"83676";"3,99";"0";"3";"32";"0";"2"
"28.11.2015 07:35:00";"1";"0";"17";"0,8";"2097152";"50122";"2,39";"0";"3";"32";"0";"2"
"28.11.2015 07:40:00";"1";"0";"17";"0,78";"2097152";"75288";"3,59";"0";"3";"32";"0";"2"
"28.11.2015 07:45:00";"1";"0";"16";"0,73";"2097152";"87871";"4,19";"0";"3";"32";"0";"2"
"28.11.2015 07:50:00";"1";"0";"18";"0,81";"2097152";"87871";"4,19";"0";"3";"32";"0";"2"
"28.11.2015 07:55:00";"1";"0";"17";"0,77";"2097152";"71093";"3,39";"0";"3";"32";"0";"2"
"28.11.2015 08:00:00";"1";"0";"16";"0,73";"2097152";"78014";"3,72";"0";"3";"32";"0";"2"
"28.11.2015 08:05:00";"1";"0";"18";"0,81";"2097152";"79482";"3,79";"0";"4";"32";"0";"2"
"28.11.2015 08:10:00";"1";"0";"17";"0,76";"2097152";"68157";"3,25";"0";"3";"32";"0";"2"
"28.11.2015 08:15:00";"1";"0";"16";"0,73";"2097152";"68157";"3,25";"0";"3";"32";"0";"2"
"28.11.2015 08:20:00";"1";"0";"17";"0,8";"2097152";"54316";"2,59";"0";"3";"32";"0";"2"
"28.11.2015 08:25:00";"1";"0";"17";"0,77";"2097152";"62705";"2,99";"0";"3";"32";"0";"2"
"28.11.2015 08:30:00";"1";"0";"16";"0,73";"2097152";"50122";"2,39";"0";"3";"32";"0";"2"
"28.11.2015 08:35:00";"1";"0";"18";"0,81";"2097152";"66899";"3,19";"0";"3";"32";"0";"2"
"28.11.2015 08:40:00";"1";"0";"17";"0,77";"2097152";"58511";"2,79";"0";"3";"32";"0";"2"
"28.11.2015 08:45:00";"1";"0";"16";"0,72";"2097152";"71093";"3,39";"0";"3";"32";"0";"2"
"28.11.2015 08:50:00";"1";"0";"17";"0,8";"2097152";"45928";"2,19";"0";"3";"32";"0";"2"
"28.11.2015 08:55:00";"1";"0";"17";"0,77";"2097152";"62705";"2,99";"0";"3";"32";"0";"2"
"28.11.2015 09:00:00";"1";"0";"16";"0,72";"2097152";"89129";"4,25";"0";"3";"32";"0";"2"
"28.11.2015 09:05:00";"1";"0";"18";"0,81";"2097152";"92065";"4,39";"0";"4";"32";"0";"2"
"28.11.2015 09:10:00";"1";"0";"17";"0,77";"2097152";"146591";"6,99";"0";"3";"32";"0";"2"
"28.11.2015 09:15:00";"1";"0";"16";"0,74";"2097152";"75288";"3,59";"0";"3";"32";"0";"2"
"28.11.2015 09:20:00";"1";"0";"17";"0,8";"2097152";"41733";"1,99";"0";"3";"32";"0";"2"
"28.11.2015 09:25:00";"1";"0";"17";"0,77";"2097152";"50122";"2,39";"0";"3";"32";"0";"2"
"28.11.2015 09:30:00";"1";"0";"16";"0,72";"2097152";"96259";"4,59";"0";"3";"32";"0";"2"
"28.11.2015 09:35:00";"1";"0";"17";"0,79";"2097152";"51380";"2,45";"0";"3";"32";"0";"2"
"28.11.2015 09:40:00";"1";"0";"16";"0,75";"2097152";"66899";"3,19";"0";"3";"32";"0";"2"
"28.11.2015 09:45:00";"1";"0";"16";"0,73";"2097152";"100454";"4,79";"0";"3";"32";"0";"2"
"28.11.2015 09:50:00";"1";"0";"17";"0,79";"2097152";"75288";"3,59";"0";"3";"32";"0";"2"
"28.11.2015 09:55:00";"1";"0";"17";"0,77";"2097152";"83676";"3,99";"0";"3";"32";"0";"2"
"28.11.2015 10:00:00";"1";"0";"16";"0,73";"2097152";"58511";"2,79";"0";"3";"32";"0";"2"
"28.11.2015 10:05:00";"1";"0";"17";"0,8";"2097152";"61237";"2,92";"0";"4";"32";"0";"2"
"28.11.2015 10:10:00";"1";"0";"17";"0,77";"2097152";"71093";"3,39";"0";"3";"32";"0";"2"
"28.11.2015 10:15:00";"1";"0";"16";"0,73";"2097152";"59769";"2,85";"0";"3";"32";"0";"2"
"28.11.2015 10:20:00";"1";"0";"18";"0,81";"2097152";"71093";"3,39";"0";"3";"32";"0";"2"
"28.11.2015 10:25:00";"1";"0";"17";"0,77";"2097152";"72352";"3,45";"0";"3";"32";"0";"2"
"28.11.2015 10:30:00";"1";"0";"16";"0,73";"2097152";"66899";"3,19";"0";"3";"32";"0";"2"
"28.11.2015 10:35:00";"1";"0";"18";"0,82";"2097152";"69625";"3,32";"0";"3";"32";"0";"2"
"28.11.2015 10:40:00";"1";"0";"17";"0,77";"2097152";"87871";"4,19";"0";"3";"32";"0";"2"
"28.11.2015 10:45:00";"1";"0";"16";"0,73";"2097152";"75288";"3,59";"0";"3";"32";"0";"2"
"28.11.2015 10:50:00";"1";"0";"17";"0,8";"2097152";"62705";"2,99";"0";"3";"32";"0";"2"
"28.11.2015 10:55:00";"1";"0";"17";"0,77";"2097152";"63963";"3,05";"0";"3";"32";"0";"2"
"28.11.2015 11:00:00";"1";"0";"16";"0,73";"2097152";"86403";"4,12";"0";"3";"32";"0";"2"
"28.11.2015 11:05:00";"1";"0";"18";"0,84";"2097152";"79482";"3,79";"0";"3";"32";"0";"2"
"28.11.2015 11:10:00";"1";"0";"17";"0,77";"2097152";"78014";"3,72";"0";"3";"32";"0";"2"
"28.11.2015 11:15:00";"1";"0";"16";"0,75";"2097152";"139461";"6,65";"0";"3";"32";"0";"2"
"28.11.2015 11:20:00";"1";"0";"18";"0,81";"2097152";"213700";"10,19";"0";"3";"32";"0";"2"
"28.11.2015 11:25:00";"1";"0";"17";"0,78";"2097152";"107374";"5,12";"0";"3";"32";"0";"2"
"28.11.2015 11:30:00";"1";"0";"16";"0,74";"2097152";"94791";"4,52";"0";"3";"32";"0";"2"
"28.11.2015 11:35:00";"1";"0";"18";"0,8";"2097152";"89129";"4,25";"0";"3";"32";"0";"2"
"28.11.2015 11:40:00";"1";"0";"17";"0,78";"2097152";"62705";"2,99";"0";"3";"32";"0";"2"
"28.11.2015 11:45:00";"1";"0";"16";"0,72";"2097152";"62705";"2,99";"0";"3";"32";"0";"2"
"28.11.2015 11:50:00";"1";"0";"17";"0,79";"2097152";"59769";"2,85";"0";"3";"32";"0";"2"
"28.11.2015 11:55:00";"1";"0";"17";"0,79";"2097152";"98986";"4,72";"0";"3";"32";"0";"2"
"28.11.2015 12:00:00";"1";"0";"16";"0,74";"2097152";"66899";"3,19";"0";"3";"32";"0";"2"
"28.11.2015 12:05:00";"1";"0";"18";"0,81";"2097152";"83676";"3,99";"0";"3";"32";"0";"2"
"28.11.2015 12:10:00";"1";"0";"17";"0,78";"2097152";"90597";"4,32";"0";"3";"32";"0";"2"
"28.11.2015 12:15:00";"1";"0";"16";"0,73";"2097152";"61237";"2,92";"0";"3";"32";"0";"2"
"28.11.2015 12:20:00";"1";"0";"18";"0,81";"2097152";"78014";"3,72";"0";"3";"32";"0";"2"
"28.11.2015 12:25:00";"1";"0";"17";"0,79";"2097152";"57043";"2,72";"0";"3";"32";"0";"2"
"28.11.2015 12:30:00";"1";"0";"16";"0,72";"2097152";"68157";"3,25";"0";"3";"32";"0";"2"
"28.11.2015 12:35:00";"1";"0";"18";"0,84";"2097152";"69625";"3,32";"0";"3";"32";"0";"2"
"28.11.2015 12:40:00";"1";"0";"17";"0,76";"2097152";"73820";"3,52";"0";"3";"32";"0";"2"
"28.11.2015 12:45:00";"1";"0";"16";"0,73";"2097152";"82208";"3,92";"0";"3";"32";"0";"2"
"28.11.2015 12:50:00";"1";"0";"17";"0,79";"2097152";"73820";"3,52";"0";"3";"32";"0";"2"
"28.11.2015 12:55:00";"1";"0";"17";"0,78";"2097152";"58511";"2,79";"0";"3";"32";"0";"2"
"28.11.2015 13:00:00";"1";"0";"16";"0,71";"2097152";"65431";"3,12";"0";"3";"32";"0";"2"
"28.11.2015 13:05:00";"1";"0";"18";"0,81";"2097152";"96259";"4,59";"0";"3";"32";"0";"2"
"28.11.2015 13:10:00";"1";"0";"17";"0,78";"2097152";"68157";"3,25";"0";"3";"32";"0";"2"
"28.11.2015 13:15:00";"1";"0";"16";"0,73";"2097152";"47186";"2,25";"0";"3";"32";"0";"2"
"28.11.2015 13:20:00";"1";"0";"17";"0,79";"2097152";"78014";"3,72";"0";"3";"32";"0";"2"
"28.11.2015 13:25:00";"1";"0";"17";"0,78";"2097152";"71093";"3,39";"0";"3";"32";"0";"2"
"28.11.2015 13:30:00";"1";"0";"16";"0,72";"2097152";"72352";"3,45";"0";"3";"32";"0";"2"
"28.11.2015 13:35:00";"1";"0";"17";"0,79";"2097152";"87871";"4,19";"0";"3";"32";"0";"2"
"28.11.2015 13:40:00";"1";"0";"17";"0,79";"2097152";"50122";"2,39";"0";"3";"32";"0";"2"
"28.11.2015 13:45:00";"1";"0";"16";"0,73";"2097152";"90597";"4,32";"0";"3";"32";"0";"2"
"28.11.2015 13:50:00";"1";"0";"17";"0,8";"2097152";"83676";"3,99";"0";"3";"32";"0";"2"
"28.11.2015 13:55:00";"1";"0";"17";"0,78";"2097152";"78014";"3,72";"0";"3";"32";"0";"2"
"28.11.2015 14:00:00";"1";"0";"16";"0,72";"2097152";"72352";"3,45";"0";"3";"32";"0";"2"
"28.11.2015 14:05:00";"1";"0";"18";"0,81";"2097152";"118489";"5,65";"0";"3";"32";"0";"2"
"28.11.2015 14:10:00";"1";"0";"17";"0,78";"2097152";"93323";"4,45";"0";"3";"32";"0";"2"
"28.11.2015 14:15:00";"1";"0";"16";"0,75";"2097152";"58511";"2,79";"0";"3";"32";"0";"2"
"28.11.2015 14:20:00";"1";"0";"18";"0,81";"2097152";"51380";"2,45";"0";"3";"32";"0";"2"
"28.11.2015 14:25:00";"1";"0";"17";"0,77";"2097152";"61237";"2,92";"0";"3";"32";"0";"2"
"28.11.2015 14:30:00";"1";"0";"16";"0,72";"2097152";"69625";"3,32";"0";"3";"32";"0";"2"
"28.11.2015 14:35:00";"1";"0";"18";"0,8";"2097152";"66899";"3,19";"0";"3";"32";"0";"2"
"28.11.2015 14:40:00";"1";"0";"17";"0,76";"2097152";"58511";"2,79";"0";"3";"32";"0";"2"
"28.11.2015 14:45:00";"1";"0";"16";"0,73";"2097152";"98986";"4,72";"0";"3";"32";"0";"2"
"28.11.2015 14:50:00";"1";"0";"18";"0,81";"2097152";"71093";"3,39";"0";"3";"32";"0";"2"
"28.11.2015 14:55:00";"1";"0";"17";"0,8";"2097152";"98986";"4,72";"0";"3";"32";"0";"2"
"28.11.2015 15:00:00";"1";"0";"16";"0,74";"2097152";"80740";"3,85";"0";"3";"32";"0";"2"
"28.11.2015 15:05:00";"1";"0";"18";"0,81";"2097152";"73820";"3,52";"0";"3";"32";"0";"2"
"28.11.2015 15:10:00";"1";"0";"17";"0,77";"2097152";"76546";"3,65";"0";"3";"32";"0";"2"
"28.11.2015 15:15:00";"1";"0";"16";"0,72";"2097152";"89129";"4,25";"0";"3";"32";"0";"2"
"28.11.2015 15:20:00";"1";"0";"18";"0,82";"2097152";"58511";"2,79";"0";"3";"32";"0";"2"
"28.11.2015 15:25:00";"1";"0";"17";"0,77";"2097152";"66899";"3,19";"0";"3";"32";"0";"2"
"28.11.2015 15:30:00";"1";"0";"16";"0,72";"2097152";"86403";"4,12";"0";"3";"32";"0";"2"
"28.11.2015 15:35:00";"1";"0";"18";"0,81";"2097152";"79482";"3,79";"0";"4";"32";"0";"2"
"28.11.2015 15:40:00";"1";"0";"17";"0,76";"2097152";"87871";"4,19";"0";"3";"32";"0";"2"
"28.11.2015 15:45:00";"1";"0";"16";"0,72";"2097152";"87871";"4,19";"0";"3";"32";"0";"2"
"28.11.2015 15:50:00";"1";"0";"17";"0,79";"2097152";"65431";"3,12";"0";"3";"32";"0";"2"
"28.11.2015 15:55:00";"1";"0";"17";"0,77";"2097152";"63963";"3,05";"0";"3";"32";"0";"2"
"28.11.2015 16:00:00";"1";"0";"16";"0,72";"2097152";"78014";"3,72";"0";"3";"32";"0";"2"
"28.11.2015 16:05:00";"1";"0";"18";"0,8";"2097152";"76546";"3,65";"0";"3";"32";"0";"2"
"28.11.2015 16:10:00";"1";"0";"17";"0,79";"2097152";"68157";"3,25";"0";"3";"32";"0";"2"
"28.11.2015 16:15:00";"1";"0";"16";"0,75";"2097152";"54316";"2,59";"0";"3";"32";"0";"2"
"28.11.2015 16:20:00";"1";"0";"18";"0,8";"2097152";"54316";"2,59";"0";"3";"32";"0";"2"
"28.11.2015 16:25:00";"1";"0";"17";"0,77";"2097152";"72352";"3,45";"0";"3";"32";"0";"2"
"28.11.2015 16:30:00";"1";"0";"16";"0,72";"2097152";"86403";"4,12";"0";"3";"32";"0";"2"
"28.11.2015 16:35:00";"1";"0";"17";"0,8";"2097152";"71093";"3,39";"0";"3";"32";"0";"2"
"28.11.2015 16:40:00";"1";"0";"17";"0,76";"2097152";"68157";"3,25";"0";"3";"32";"0";"2"
"28.11.2015 16:45:00";"1";"0";"16";"0,73";"2097152";"59769";"2,85";"0";"3";"32";"0";"2"
"28.11.2015 16:50:00";"1";"0";"17";"0,8";"2097152";"68157";"3,25";"0";"3";"32";"0";"2"
"28.11.2015 16:55:00";"1";"0";"17";"0,77";"2097152";"71093";"3,39";"0";"3";"32";"0";"2"
"28.11.2015 17:00:00";"1";"0";"16";"0,73";"2097152";"68157";"3,25";"0";"3";"32";"0";"2"
"28.11.2015 17:05:00";"1";"0";"18";"0,82";"2097152";"73820";"3,52";"0";"3";"32";"0";"2"
"28.11.2015 17:10:00";"1";"0";"17";"0,77";"2097152";"47186";"2,25";"0";"3";"32";"0";"2"
"28.11.2015 17:15:00";"1";"0";"16";"0,73";"2097152";"42992";"2,05";"0";"3";"32";"0";"2"
"28.11.2015 17:20:00";"1";"0";"17";"0,8";"2097152";"57043";"2,72";"0";"3";"32";"0";"2"
"28.11.2015 17:25:00";"1";"0";"17";"0,8";"2097152";"86403";"4,12";"0";"3";"32";"0";"2"
"28.11.2015 17:30:00";"1";"0";"16";"0,72";"2097152";"107374";"5,12";"0";"3";"32";"0";"2"
"28.11.2015 17:35:00";"1";"0";"18";"0,8";"2097152";"136734";"6,52";"0";"3";"32";"0";"2"
"28.11.2015 17:40:00";"1";"0";"17";"0,78";"2097152";"87871";"4,19";"0";"3";"32";"0";"2"
"28.11.2015 17:45:00";"1";"0";"16";"0,73";"2097152";"105906";"5,05";"0";"3";"32";"0";"2"
"28.11.2015 17:50:00";"1";"0";"17";"0,79";"2097152";"90597";"4,32";"0";"3";"32";"0";"2"
"28.11.2015 17:55:00";"1";"0";"17";"0,77";"2097152";"80740";"3,85";"0";"3";"32";"0";"2"
"28.11.2015 18:00:00";"1";"0";"16";"0,72";"2097152";"62705";"2,99";"0";"3";"32";"0";"2"
"28.11.2015 18:05:00";"1";"0";"18";"0,81";"2097152";"58511";"2,79";"0";"3";"32";"0";"2"
"28.11.2015 18:10:00";"1";"0";"17";"0,76";"2097152";"78014";"3,72";"0";"3";"32";"0";"2"
"28.11.2015 18:15:00";"1";"0";"17";"0,76";"2097152";"113036";"5,39";"0";"3";"32";"0";"2"
"28.11.2015 18:20:00";"1";"0";"18";"0,81";"2097152";"90597";"4,32";"0";"3";"32";"0";"2"
"28.11.2015 18:25:00";"1";"0";"17";"0,77";"2097152";"55575";"2,65";"0";"3";"32";"0";"2"
"28.11.2015 18:30:00";"1";"0";"16";"0,74";"2097152";"61237";"2,92";"0";"3";"32";"0";"2"
"28.11.2015 18:35:00";"1";"0";"18";"0,81";"2097152";"72352";"3,45";"0";"3";"32";"0";"2"
"28.11.2015 18:40:00";"1";"0";"17";"0,76";"2097152";"63963";"3,05";"0";"3";"32";"0";"2"
"28.11.2015 18:45:00";"1";"0";"16";"0,72";"2097152";"72352";"3,45";"0";"3";"32";"0";"2"
"28.11.2015 18:50:00";"1";"0";"18";"0,81";"2097152";"66899";"3,19";"0";"3";"32";"0";"2"
"28.11.2015 18:55:00";"1";"0";"17";"0,78";"2097152";"84935";"4,05";"0";"3";"32";"0";"2"
"28.11.2015 19:00:00";"1";"0";"16";"0,73";"2097152";"83676";"3,99";"0";"3";"32";"0";"2"
"28.11.2015 19:05:00";"1";"0";"18";"0,81";"2097152";"71093";"3,39";"0";"4";"32";"0";"2"
"28.11.2015 19:10:00";"1";"0";"17";"0,76";"2097152";"80740";"3,85";"0";"3";"32";"0";"2"
"28.11.2015 19:15:00";"1";"0";"16";"0,74";"2097152";"86403";"4,12";"0";"3";"32";"0";"2"
"28.11.2015 19:20:00";"1";"0";"18";"0,82";"2097152";"79482";"3,79";"0";"3";"32";"0";"2"
"28.11.2015 19:25:00";"1";"0";"17";"0,79";"2097152";"84935";"4,05";"0";"3";"32";"0";"2"
"28.11.2015 19:30:00";"1";"0";"16";"0,73";"2097152";"63963";"3,05";"0";"3";"32";"0";"2"
"28.11.2015 19:35:00";"1";"0";"18";"0,81";"2097152";"59769";"2,85";"0";"3";"32";"0";"2"
"28.11.2015 19:40:00";"1";"0";"17";"0,79";"2097152";"71093";"3,39";"0";"3";"32";"0";"2"
"28.11.2015 19:45:00";"1";"0";"16";"0,73";"2097152";"61237";"2,92";"0";"3";"32";"0";"2"
"28.11.2015 19:50:00";"1";"0";"17";"0,8";"2097152";"71093";"3,39";"0";"3";"32";"0";"2"
"28.11.2015 19:55:00";"1";"0";"17";"0,79";"2097152";"101712";"4,85";"0";"4";"32";"0";"2"
"28.11.2015 20:00:00";"1";"0";"16";"0,73";"2097152";"76546";"3,65";"0";"3";"32";"0";"2"
"28.11.2015 20:05:00";"1";"0";"18";"0,83";"2097152";"61237";"2,92";"0";"3";"32";"0";"2"
"28.11.2015 20:10:00";"1";"0";"17";"0,77";"2097152";"68157";"3,25";"0";"3";"32";"0";"2"
"28.11.2015 20:15:00";"1";"0";"16";"0,72";"2097152";"89129";"4,25";"0";"3";"32";"0";"2"
"28.11.2015 20:20:00";"1";"0";"17";"0,8";"2097152";"59769";"2,85";"0";"3";"32";"0";"2"
"28.11.2015 20:25:00";"1";"0";"17";"0,77";"2097152";"69625";"3,32";"0";"3";"32";"0";"2"
"28.11.2015 20:30:00";"1";"0";"16";"0,72";"2097152";"63963";"3,05";"0";"3";"32";"0";"2"
"28.11.2015 20:35:00";"1";"0";"18";"0,8";"2097152";"59769";"2,85";"0";"3";"32";"0";"2"
"28.11.2015 20:40:00";"1";"0";"17";"0,78";"2097152";"66899";"3,19";"0";"3";"32";"0";"2"
"28.11.2015 20:45:00";"1";"0";"16";"0,73";"2097152";"69625";"3,32";"0";"3";"32";"0";"2"
"28.11.2015 20:50:00";"1";"0";"17";"0,8";"2097152";"71093";"3,39";"0";"3";"32";"0";"2"
"28.11.2015 20:55:00";"1";"0";"17";"0,77";"2097152";"82208";"3,92";"0";"3";"32";"0";"2"
"28.11.2015 21:00:00";"1";"0";"16";"0,76";"2097152";"68157";"3,25";"0";"3";"32";"0";"2"
"28.11.2015 21:05:00";"1";"0";"18";"0,81";"2097152";"76546";"3,65";"0";"3";"32";"0";"2"
"28.11.2015 21:10:00";"1";"0";"17";"0,79";"2097152";"62705";"2,99";"0";"3";"32";"0";"2"
"28.11.2015 21:15:00";"1";"0";"16";"0,74";"2097152";"52848";"2,52";"0";"3";"32";"0";"2"
"28.11.2015 21:20:00";"1";"0";"17";"0,8";"2097152";"84935";"4,05";"0";"3";"32";"0";"2"
"28.11.2015 21:25:00";"1";"0";"17";"0,78";"2097152";"86403";"4,12";"0";"3";"32";"0";"2"
"28.11.2015 21:30:00";"1";"0";"16";"0,73";"2097152";"79482";"3,79";"0";"3";"32";"0";"2"
"28.11.2015 21:35:00";"1";"0";"18";"0,83";"2097152";"84935";"4,05";"0";"3";"32";"0";"2"
"28.11.2015 21:40:00";"1";"0";"17";"0,79";"2097152";"76546";"3,65";"0";"3";"32";"0";"2"
"28.11.2015 21:45:00";"1";"0";"16";"0,75";"2097152";"108842";"5,19";"0";"3";"32";"0";"2"
"28.11.2015 21:50:00";"1";"0";"18";"0,81";"2097152";"83676";"3,99";"0";"3";"32";"0";"2"
"28.11.2015 21:55:00";"1";"0";"17";"0,79";"2097152";"68157";"3,25";"0";"3";"32";"0";"2"
"28.11.2015 22:00:00";"1";"0";"16";"0,74";"2097152";"93323";"4,45";"0";"3";"32";"0";"2"
"28.11.2015 22:05:00";"1";"0";"18";"0,83";"2097152";"76546";"3,65";"0";"3";"32";"0";"2"
"28.11.2015 22:10:00";"1";"0";"17";"0,8";"2097152";"51380";"2,45";"0";"3";"32";"0";"2"
"28.11.2015 22:15:00";"1";"0";"17";"0,79";"2097152";"44460";"2,12";"0";"3";"32";"0";"2"
"28.11.2015 22:20:00";"1";"0";"18";"0,83";"2097152";"96259";"4,59";"0";"3";"32";"0";"2"
"28.11.2015 22:25:00";"1";"0";"18";"0,82";"2097152";"82208";"3,92";"0";"3";"32";"0";"2"
"28.11.2015 22:30:00";"1";"0";"17";"0,77";"2097152";"75288";"3,59";"0";"3";"32";"0";"2"
"28.11.2015 22:35:00";"1";"0";"19";"0,85";"2097152";"82208";"3,92";"0";"4";"32";"0";"2"
"28.11.2015 22:40:00";"1";"0";"18";"0,83";"2097152";"93323";"4,45";"0";"3";"32";"0";"2"
"28.11.2015 22:45:00";"1";"0";"16";"0,74";"2097152";"97518";"4,65";"0";"3";"32";"0";"2"
"28.11.2015 22:50:00";"1";"0";"17";"0,79";"2097152";"80740";"3,85";"0";"3";"32";"0";"2"
"28.11.2015 22:55:00";"1";"0";"17";"0,79";"2097152";"82208";"3,92";"0";"3";"32";"0";"2"
"28.11.2015 23:00:00";"1";"0";"16";"0,74";"2097152";"89129";"4,25";"0";"3";"32";"0";"2"
"28.11.2015 23:05:00";"1";"0";"18";"0,83";"2097152";"83676";"3,99";"0";"4";"32";"0";"2"
"28.11.2015 23:10:00";"1";"0";"17";"0,8";"2097152";"59769";"2,85";"0";"3";"32";"0";"2"
"28.11.2015 23:15:00";"1";"0";"16";"0,73";"2097152";"58511";"2,79";"0";"3";"32";"0";"2"
"28.11.2015 23:20:00";"1";"0";"18";"0,81";"2097152";"80740";"3,85";"0";"3";"32";"0";"2"
"28.11.2015 23:25:00";"1";"0";"17";"0,78";"2097152";"104648";"4,99";"0";"3";"32";"0";"2"
"28.11.2015 23:30:00";"1";"0";"16";"0,72";"2097152";"86403";"4,12";"0";"3";"32";"0";"2"
"28.11.2015 23:35:00";"1";"0";"17";"0,81";"2097152";"62705";"2,99";"0";"3";"32";"0";"2"
"28.11.2015 23:40:00";"1";"0";"17";"0,77";"2097152";"66899";"3,19";"0";"3";"32";"0";"2"
"28.11.2015 23:45:00";"1";"0";"16";"0,74";"2097152";"80740";"3,85";"0";"3";"32";"0";"2"
"28.11.2015 23:50:00";"1";"0";"18";"0,83";"2097152";"94791";"4,52";"0";"3";"32";"0";"2"
"28.11.2015 23:55:00";"1";"0";"17";"0,8";"2097152";"75288";"3,59";"0";"4";"32";"0";"2"
"29.11.2015 00:00:00";"1";"0";"16";"0,73";"2097152";"108842";"5,19";"0";"4";"32";"0";"2"
"29.11.2015 00:05:00";"1";"0";"19";"0,87";"2097152";"124151";"5,92";"0";"4";"32";"0";"2"
"29.11.2015 00:10:00";"1";"0";"17";"0,78";"2097152";"170289";"8,12";"0";"3";"32";"0";"2"
"29.11.2015 00:15:00";"1";"0";"16";"0,73";"2097152";"80740";"3,85";"0";"3";"32";"0";"2"
"29.11.2015 00:20:00";"1";"0";"17";"0,81";"2097152";"80740";"3,85";"0";"3";"32";"0";"2"
"29.11.2015 00:25:00";"1";"0";"17";"0,77";"2097152";"101712";"4,85";"0";"3";"32";"0";"2"
"29.11.2015 00:30:00";"1";"0";"16";"0,72";"2097152";"82208";"3,92";"0";"3";"32";"0";"2"
"29.11.2015 00:35:00";"1";"0";"18";"0,82";"2097152";"75288";"3,59";"0";"3";"32";"0";"2"
"29.11.2015 00:40:00";"1";"0";"17";"0,79";"2097152";"55575";"2,65";"0";"3";"32";"0";"2"
"29.11.2015 00:45:00";"1";"0";"16";"0,74";"2097152";"90597";"4,32";"0";"3";"32";"0";"2"
"29.11.2015 00:50:00";"1";"0";"17";"0,79";"2097152";"68157";"3,25";"0";"3";"32";"0";"2"
"29.11.2015 00:55:00";"1";"0";"17";"0,78";"2097152";"94791";"4,52";"0";"3";"32";"0";"2"
"29.11.2015 01:00:00";"1";"0";"16";"0,74";"2097152";"72352";"3,45";"0";"3";"32";"0";"2"
"29.11.2015 01:05:00";"1";"0";"18";"0,82";"2097152";"57043";"2,72";"0";"4";"32";"0";"2"
"29.11.2015 01:10:00";"1";"0";"17";"0,78";"2097152";"82208";"3,92";"0";"3";"32";"0";"2"
"29.11.2015 01:15:00";"1";"0";"16";"0,73";"2097152";"65431";"3,12";"0";"3";"32";"0";"2"
"29.11.2015 01:20:00";"1";"0";"18";"0,81";"2097152";"71093";"3,39";"0";"3";"32";"0";"2"
"29.11.2015 01:25:00";"1";"0";"17";"0,77";"2097152";"41733";"1,99";"0";"3";"32";"0";"2"
"29.11.2015 01:30:00";"1";"0";"16";"0,73";"2097152";"65431";"3,12";"0";"3";"32";"0";"2"
"29.11.2015 01:35:00";"1";"0";"18";"0,82";"2097152";"82208";"3,92";"0";"3";"32";"0";"2"
"29.11.2015 01:40:00";"1";"0";"17";"0,78";"2097152";"86403";"4,12";"0";"3";"32";"0";"2"
"29.11.2015 01:45:00";"1";"0";"16";"0,73";"2097152";"114295";"5,45";"0";"3";"32";"0";"2"
"29.11.2015 01:50:00";"1";"0";"17";"0,79";"2097152";"63963";"3,05";"0";"3";"32";"0";"2"
"29.11.2015 01:55:00";"1";"0";"17";"0,79";"2097152";"57043";"2,72";"0";"3";"32";"0";"2"
"29.11.2015 02:00:00";"1";"0";"16";"0,73";"2097152";"86403";"4,12";"0";"3";"32";"0";"2"
"29.11.2015 02:05:00";"1";"0";"18";"0,81";"2097152";"87871";"4,19";"0";"4";"32";"0";"2"
"29.11.2015 02:10:00";"1";"0";"17";"0,77";"2097152";"73820";"3,52";"0";"3";"32";"0";"2"
"29.11.2015 02:15:00";"1";"0";"16";"0,73";"2097152";"69625";"3,32";"0";"3";"32";"0";"2"
"29.11.2015 02:20:00";"1";"0";"17";"0,8";"2097152";"80740";"3,85";"0";"3";"32";"0";"2"
"29.11.2015 02:25:00";"1";"0";"17";"0,79";"2097152";"61237";"2,92";"0";"4";"32";"0";"2"
"29.11.2015 02:30:00";"1";"0";"16";"0,72";"2097152";"72352";"3,45";"0";"3";"32";"0";"2"
"29.11.2015 02:35:00";"1";"0";"17";"0,79";"2097152";"50122";"2,39";"0";"3";"32";"0";"2"
"29.11.2015 02:40:00";"1";"0";"17";"0,77";"2097152";"79482";"3,79";"0";"3";"32";"0";"2"
"29.11.2015 02:45:00";"1";"0";"16";"0,73";"2097152";"89129";"4,25";"0";"3";"32";"0";"2"
"29.11.2015 02:50:00";"1";"0";"17";"0,8";"2097152";"41733";"1,99";"0";"3";"32";"0";"2"
"29.11.2015 02:55:00";"1";"0";"17";"0,78";"2097152";"58511";"2,79";"0";"4";"32";"0";"2"
"29.11.2015 03:00:00";"1";"0";"16";"0,75";"2097152";"58511";"2,79";"0";"3";"32";"0";"2"
"29.11.2015 03:05:00";"1";"0";"18";"0,84";"2097152";"45928";"2,19";"0";"4";"32";"0";"2"
"29.11.2015 03:10:00";"1";"0";"17";"0,77";"2097152";"83676";"3,99";"0";"3";"32";"0";"2"
"29.11.2015 03:15:00";"1";"0";"16";"0,73";"2097152";"108842";"5,19";"0";"3";"32";"0";"2"
"29.11.2015 03:20:00";"1";"0";"18";"0,81";"2097152";"75288";"3,59";"0";"3";"32";"0";"2"
"29.11.2015 03:25:00";"1";"0";"17";"0,77";"2097152";"76546";"3,65";"0";"3";"32";"0";"2"
"29.11.2015 03:30:00";"1";"0";"16";"0,73";"2097152";"104648";"4,99";"0";"3";"32";"0";"2"
"29.11.2015 03:35:00";"1";"0";"17";"0,8";"2097152";"100454";"4,79";"0";"3";"32";"0";"2"
"29.11.2015 03:40:00";"1";"0";"20";"0,92";"2097152";"104648";"4,99";"0";"15";"32";"0";"2"
"29.11.2015 03:45:00";"1";"0";"16";"0,72";"2097152";"92065";"4,39";"0";"3";"32";"0";"2"
"29.11.2015 03:50:00";"1";"0";"18";"0,8";"2097152";"65431";"3,12";"0";"3";"32";"0";"2"
"29.11.2015 03:55:00";"1";"0";"17";"0,78";"2097152";"66899";"3,19";"0";"3";"32";"0";"2"
"29.11.2015 04:00:00";"1";"0";"16";"0,74";"2097152";"63963";"3,05";"0";"3";"32";"0";"2"
"29.11.2015 04:05:00";"1";"0";"18";"0,81";"2097152";"108842";"5,19";"0";"4";"32";"0";"2"
"29.11.2015 04:10:00";"1";"0";"17";"0,76";"2097152";"113036";"5,39";"0";"3";"32";"0";"2"
"29.11.2015 04:15:00";"1";"0";"16";"0,74";"2097152";"82208";"3,92";"0";"3";"32";"0";"2"
"29.11.2015 04:20:00";"1";"0";"17";"0,8";"2097152";"68157";"3,25";"0";"3";"32";"0";"2"
"29.11.2015 04:25:00";"1";"0";"18";"0,82";"2097152";"79482";"3,79";"0";"4";"32";"0";"2"
"29.11.2015 04:30:00";"1";"0";"16";"0,73";"2097152";"72352";"3,45";"0";"4";"32";"0";"2"
"29.11.2015 04:35:00";"1";"0";"18";"0,81";"2097152";"63963";"3,05";"0";"4";"32";"0";"2"
"29.11.2015 04:40:00";"1";"0";"17";"0,77";"2097152";"62705";"2,99";"0";"3";"32";"0";"2"
"29.11.2015 04:45:00";"1";"0";"16";"0,74";"2097152";"63963";"3,05";"0";"3";"32";"0";"2"
"29.11.2015 04:50:00";"1";"0";"17";"0,79";"2097152";"61237";"2,92";"0";"3";"32";"0";"2"
"29.11.2015 04:55:00";"1";"0";"17";"0,78";"2097152";"76546";"3,65";"0";"3";"32";"0";"2"
"29.11.2015 05:00:00";"1";"0";"16";"0,72";"2097152";"58511";"2,79";"0";"3";"32";"0";"2"
"29.11.2015 05:05:00";"1";"0";"18";"0,81";"2097152";"98986";"4,72";"0";"3";"32";"0";"2"
"29.11.2015 05:10:00";"1";"0";"17";"0,76";"2097152";"104648";"4,99";"0";"3";"32";"0";"2"
"29.11.2015 05:15:00";"1";"0";"16";"0,74";"2097152";"75288";"3,59";"0";"3";"32";"0";"2"
"29.11.2015 05:20:00";"1";"0";"18";"0,81";"2097152";"71093";"3,39";"0";"3";"32";"0";"2"
"29.11.2015 05:25:00";"1";"0";"17";"0,78";"2097152";"45928";"2,19";"0";"3";"32";"0";"2"
"29.11.2015 05:30:00";"1";"0";"16";"0,72";"2097152";"79482";"3,79";"0";"3";"32";"0";"2"
"29.11.2015 05:35:00";"1";"0";"18";"0,81";"2097152";"84935";"4,05";"0";"3";"32";"0";"2"
"29.11.2015 05:40:00";"1";"0";"17";"0,77";"2097152";"69625";"3,32";"0";"3";"32";"0";"2"
"29.11.2015 05:45:00";"1";"0";"16";"0,73";"2097152";"71093";"3,39";"0";"3";"32";"0";"2"
"29.11.2015 05:50:00";"1";"0";"18";"0,81";"2097152";"59769";"2,85";"0";"3";"32";"0";"2"
"29.11.2015 05:55:00";"1";"0";"17";"0,77";"2097152";"54316";"2,59";"0";"3";"32";"0";"2"
"29.11.2015 06:00:00";"1";"0";"16";"0,75";"2097152";"71093";"3,39";"0";"3";"32";"0";"2"
"29.11.2015 06:05:00";"1";"0";"18";"0,8";"2097152";"75288";"3,59";"0";"4";"32";"0";"2"
"29.11.2015 06:10:00";"1";"0";"17";"0,77";"2097152";"66899";"3,19";"0";"3";"32";"0";"2"
"29.11.2015 06:15:00";"1";"0";"16";"0,74";"2097152";"63963";"3,05";"0";"3";"32";"0";"2"
"29.11.2015 06:20:00";"1";"0";"17";"0,79";"2097152";"59769";"2,85";"0";"3";"32";"0";"2"
"29.11.2015 06:25:00";"1";"0";"17";"0,79";"2097152";"50122";"2,39";"0";"3";"32";"0";"2"
"29.11.2015 06:30:00";"1";"0";"16";"0,72";"2097152";"50122";"2,39";"0";"3";"32";"0";"2"
"29.11.2015 06:35:00";"1";"0";"18";"0,8";"2097152";"66899";"3,19";"0";"3";"32";"0";"2"
"29.11.2015 06:40:00";"1";"0";"17";"0,76";"2097152";"71093";"3,39";"0";"3";"32";"0";"2"
"29.11.2015 06:45:00";"1";"0";"16";"0,76";"2097152";"62705";"2,99";"0";"3";"32";"0";"2"
"29.11.2015 06:50:00";"1";"0";"18";"0,81";"2097152";"54316";"2,59";"0";"3";"32";"0";"2"
"29.11.2015 06:55:00";"1";"0";"17";"0,77";"2097152";"62705";"2,99";"0";"3";"32";"0";"2"
"29.11.2015 07:00:00";"1";"0";"16";"0,74";"2097152";"45928";"2,19";"0";"3";"32";"0";"2"
"29.11.2015 07:05:00";"1";"0";"18";"0,81";"2097152";"76546";"3,65";"0";"4";"32";"0";"2"
"29.11.2015 07:10:00";"1";"0";"17";"0,78";"2097152";"104648";"4,99";"0";"3";"32";"0";"2"
"29.11.2015 07:15:00";"1";"0";"16";"0,73";"2097152";"89129";"4,25";"0";"3";"32";"0";"2"
"29.11.2015 07:20:00";"1";"0";"17";"0,79";"2097152";"62705";"2,99";"0";"3";"32";"0";"2"
"29.11.2015 07:25:00";"1";"0";"17";"0,77";"2097152";"72352";"3,45";"0";"3";"32";"0";"2"
"29.11.2015 07:30:00";"1";"0";"16";"0,73";"2097152";"62705";"2,99";"0";"3";"32";"0";"2"
"29.11.2015 07:35:00";"1";"0";"18";"0,81";"2097152";"45928";"2,19";"0";"4";"32";"0";"2"
"29.11.2015 07:40:00";"1";"0";"17";"0,77";"2097152";"47186";"2,25";"0";"3";"32";"0";"2"
"29.11.2015 07:45:00";"1";"0";"16";"0,73";"2097152";"58511";"2,79";"0";"3";"32";"0";"2"
"29.11.2015 07:50:00";"1";"0";"17";"0,8";"2097152";"71093";"3,39";"0";"3";"32";"0";"2"
"29.11.2015 07:55:00";"1";"0";"17";"0,77";"2097152";"84935";"4,05";"0";"3";"32";"0";"2"
"29.11.2015 08:00:00";"1";"0";"16";"0,73";"2097152";"69625";"3,32";"0";"3";"32";"0";"2"
"29.11.2015 08:05:00";"1";"0";"18";"0,82";"2097152";"103180";"4,92";"0";"4";"32";"0";"2"
"29.11.2015 08:10:00";"1";"0";"17";"0,78";"2097152";"129814";"6,19";"0";"3";"32";"0";"2"
"29.11.2015 08:15:00";"1";"0";"15";"0,72";"2097152";"100454";"4,79";"0";"3";"32";"0";"2"
"29.11.2015 08:20:00";"1";"0";"18";"0,82";"2097152";"111568";"5,32";"0";"3";"32";"0";"2"
"29.11.2015 08:25:00";"1";"0";"17";"0,79";"2097152";"75288";"3,59";"0";"3";"32";"0";"2"
"29.11.2015 08:30:00";"1";"0";"16";"0,73";"2097152";"65431";"3,12";"0";"3";"32";"0";"2"
"29.11.2015 08:35:00";"1";"0";"18";"0,82";"2097152";"96259";"4,59";"0";"3";"32";"0";"2"
"29.11.2015 08:40:00";"1";"0";"17";"0,77";"2097152";"96259";"4,59";"0";"3";"32";"0";"2"
"29.11.2015 08:45:00";"1";"0";"16";"0,73";"2097152";"78014";"3,72";"0";"3";"32";"0";"2"
"29.11.2015 08:50:00";"1";"0";"18";"0,8";"2097152";"57043";"2,72";"0";"3";"32";"0";"2"
"29.11.2015 08:55:00";"1";"0";"17";"0,78";"2097152";"54316";"2,59";"0";"3";"32";"0";"2"
"29.11.2015 09:00:00";"1";"0";"16";"0,73";"2097152";"86403";"4,12";"0";"3";"32";"0";"2"
"29.11.2015 09:05:00";"1";"0";"18";"0,81";"2097152";"54316";"2,59";"0";"4";"32";"0";"2"
"29.11.2015 09:10:00";"1";"0";"17";"0,78";"2097152";"79482";"3,79";"0";"3";"32";"0";"2"
"29.11.2015 09:15:00";"1";"0";"16";"0,73";"2097152";"84935";"4,05";"0";"3";"32";"0";"2"
"29.11.2015 09:20:00";"1";"0";"18";"0,81";"2097152";"55575";"2,65";"0";"3";"32";"0";"2"
"29.11.2015 09:25:00";"1";"0";"18";"0,8";"2097152";"62705";"2,99";"0";"4";"32";"0";"2"
"29.11.2015 09:30:00";"1";"0";"16";"0,72";"2097152";"50122";"2,39";"0";"3";"32";"0";"2"
"29.11.2015 09:35:00";"1";"0";"18";"0,81";"2097152";"79482";"3,79";"0";"3";"32";"0";"2"
"29.11.2015 09:40:00";"1";"0";"17";"0,77";"2097152";"71093";"3,39";"0";"3";"32";"0";"2"
"29.11.2015 09:45:00";"1";"0";"16";"0,74";"2097152";"62705";"2,99";"0";"3";"32";"0";"2"
"29.11.2015 09:50:00";"1";"0";"17";"0,79";"2097152";"66899";"3,19";"0";"3";"32";"0";"2"
"29.11.2015 09:55:00";"1";"0";"17";"0,77";"2097152";"92065";"4,39";"0";"3";"32";"0";"2"
"29.11.2015 10:00:00";"1";"0";"16";"0,73";"2097152";"71093";"3,39";"0";"3";"32";"0";"2"
"29.11.2015 10:05:00";"1";"0";"18";"0,8";"2097152";"71093";"3,39";"0";"4";"32";"0";"2"
"29.11.2015 10:10:00";"1";"0";"17";"0,79";"2097152";"55575";"2,65";"0";"3";"32";"0";"2"
"29.11.2015 10:15:00";"1";"0";"16";"0,75";"2097152";"92065";"4,39";"0";"3";"32";"0";"2"
"29.11.2015 10:20:00";"1";"0";"18";"0,81";"2097152";"75288";"3,59";"0";"3";"32";"0";"2"
"29.11.2015 10:25:00";"1";"0";"17";"0,79";"2097152";"66899";"3,19";"0";"3";"32";"0";"2"
"29.11.2015 10:30:00";"1";"0";"16";"0,73";"2097152";"37539";"1,79";"0";"3";"32";"0";"2"
"29.11.2015 10:35:00";"1";"0";"18";"0,81";"2097152";"76546";"3,65";"0";"3";"32";"0";"2"
"29.11.2015 10:40:00";"1";"0";"17";"0,79";"2097152";"83676";"3,99";"0";"3";"32";"0";"2"
"29.11.2015 10:45:00";"1";"0";"16";"0,73";"2097152";"66899";"3,19";"0";"4";"32";"0";"2"
"29.11.2015 10:50:00";"1";"0";"17";"0,8";"2097152";"115763";"5,52";"0";"3";"32";"0";"2"
"29.11.2015 10:55:00";"1";"0";"17";"0,77";"2097152";"103180";"4,92";"0";"5";"32";"0";"2"
"29.11.2015 11:00:00";"1";"0";"16";"0,73";"2097152";"73820";"3,52";"0";"3";"32";"0";"2"
"29.11.2015 11:05:00";"1";"0";"18";"0,81";"2097152";"41733";"1,99";"0";"4";"32";"0";"2"
"29.11.2015 11:10:00";"1";"0";"17";"0,77";"2097152";"62705";"2,99";"0";"3";"32";"0";"2"
"29.11.2015 11:15:00";"1";"0";"16";"0,73";"2097152";"93323";"4,45";"0";"3";"32";"0";"2"
"29.11.2015 11:20:00";"1";"0";"18";"0,81";"2097152";"84935";"4,05";"0";"3";"32";"0";"2"
"29.11.2015 11:25:00";"1";"0";"17";"0,79";"2097152";"52848";"2,52";"0";"3";"32";"0";"2"
"29.11.2015 11:30:00";"1";"0";"16";"0,73";"2097152";"59769";"2,85";"0";"3";"32";"0";"2"
"29.11.2015 11:35:00";"1";"0";"18";"0,81";"2097152";"66899";"3,19";"0";"3";"32";"0";"2"
"29.11.2015 11:40:00";"1";"0";"17";"0,77";"2097152";"51380";"2,45";"0";"3";"32";"0";"2"
"29.11.2015 11:45:00";"1";"0";"16";"0,73";"2097152";"101712";"4,85";"0";"3";"32";"0";"2"
"29.11.2015 11:50:00";"1";"0";"18";"0,82";"2097152";"96259";"4,59";"0";"3";"32";"0";"2"
"29.11.2015 11:55:00";"1";"0";"18";"0,8";"2097152";"96259";"4,59";"0";"3";"32";"0";"2"
"29.11.2015 12:00:00";"1";"0";"16";"0,75";"2097152";"100454";"4,79";"0";"3";"32";"0";"2"
"29.11.2015 12:05:00";"1";"0";"18";"0,81";"2097152";"94791";"4,52";"0";"3";"32";"0";"2"
"29.11.2015 12:10:00";"1";"0";"17";"0,77";"2097152";"62705";"2,99";"0";"3";"32";"0";"2"
"29.11.2015 12:15:00";"1";"0";"16";"0,74";"2097152";"78014";"3,72";"0";"3";"32";"0";"2"
"29.11.2015 12:20:00";"1";"0";"18";"0,8";"2097152";"72352";"3,45";"0";"3";"32";"0";"2"
"29.11.2015 12:25:00";"1";"0";"17";"0,8";"2097152";"76546";"3,65";"0";"3";"32";"0";"2"
"29.11.2015 12:30:00";"1";"0";"16";"0,74";"2097152";"63963";"3,05";"0";"3";"32";"0";"2"
"29.11.2015 12:35:00";"1";"0";"18";"0,81";"2097152";"80740";"3,85";"0";"3";"32";"0";"2"
"29.11.2015 12:40:00";"1";"0";"17";"0,8";"2097152";"75288";"3,59";"0";"3";"32";"0";"2"
"29.11.2015 12:45:00";"1";"0";"16";"0,75";"2097152";"96259";"4,59";"0";"3";"32";"0";"2"
"29.11.2015 12:50:00";"1";"0";"18";"0,81";"2097152";"68157";"3,25";"0";"3";"32";"0";"2"
"29.11.2015 12:55:00";"1";"0";"18";"0,81";"2097152";"82208";"3,92";"0";"3";"32";"0";"2"
"29.11.2015 13:00:00";"1";"0";"16";"0,73";"2097152";"173015";"8,25";"0";"3";"32";"0";"2"
"29.11.2015 13:05:00";"1";"0";"18";"0,81";"2097152";"101712";"4,85";"0";"4";"32";"0";"2"
"29.11.2015 13:10:00";"1";"0";"17";"0,78";"2097152";"89129";"4,25";"0";"3";"32";"0";"2"
"29.11.2015 13:15:00";"1";"0";"16";"0,74";"2097152";"78014";"3,72";"0";"3";"32";"0";"2"
"29.11.2015 13:20:00";"1";"0";"18";"0,81";"2097152";"40265";"1,92";"0";"3";"32";"0";"2"
"29.11.2015 13:25:00";"1";"0";"17";"0,77";"2097152";"76546";"3,65";"0";"3";"32";"0";"2"
"29.11.2015 13:30:00";"1";"0";"16";"0,73";"2097152";"76546";"3,65";"0";"3";"32";"0";"2"
"29.11.2015 13:35:00";"1";"0";"17";"0,8";"2097152";"75288";"3,59";"0";"3";"32";"0";"2"
"29.11.2015 13:40:00";"1";"0";"17";"0,77";"2097152";"51380";"2,45";"0";"3";"32";"0";"2"
"29.11.2015 13:45:00";"1";"0";"16";"0,73";"2097152";"63963";"3,05";"0";"3";"32";"0";"2"
"29.11.2015 13:50:00";"1";"0";"17";"0,8";"2097152";"57043";"2,72";"0";"3";"32";"0";"2"
"29.11.2015 13:55:00";"1";"0";"17";"0,77";"2097152";"47186";"2,25";"0";"3";"32";"0";"2"
"29.11.2015 14:00:00";"1";"0";"16";"0,72";"2097152";"103180";"4,92";"0";"3";"32";"0";"2"
"29.11.2015 14:05:00";"1";"0";"18";"0,81";"2097152";"105906";"5,05";"0";"3";"32";"0";"2"
"29.11.2015 14:10:00";"1";"0";"17";"0,77";"2097152";"79482";"3,79";"0";"3";"32";"0";"2"
"29.11.2015 14:15:00";"1";"0";"16";"0,73";"2097152";"59769";"2,85";"0";"3";"32";"0";"2"
"29.11.2015 14:20:00";"1";"0";"18";"0,82";"2097152";"65431";"3,12";"0";"3";"32";"0";"2"
"29.11.2015 14:25:00";"1";"0";"17";"0,79";"2097152";"62705";"2,99";"0";"3";"32";"0";"2"
"29.11.2015 14:30:00";"1";"0";"16";"0,72";"2097152";"65431";"3,12";"0";"3";"32";"0";"2"
"29.11.2015 14:35:00";"1";"0";"18";"0,8";"2097152";"68157";"3,25";"0";"3";"32";"0";"2"
"29.11.2015 14:40:00";"1";"0";"17";"0,78";"2097152";"100454";"4,79";"0";"3";"32";"0";"2"
"29.11.2015 14:45:00";"1";"0";"16";"0,76";"2097152";"124151";"5,92";"0";"3";"32";"0";"2"
"29.11.2015 14:50:00";"1";"0";"17";"0,8";"2097152";"87871";"4,19";"0";"3";"32";"0";"2"
"29.11.2015 14:55:00";"1";"0";"17";"0,77";"2097152";"71093";"3,39";"0";"3";"32";"0";"2"
"29.11.2015 15:00:00";"1";"0";"16";"0,73";"2097152";"93323";"4,45";"0";"3";"32";"0";"2"
"29.11.2015 15:05:00";"1";"0";"18";"0,83";"2097152";"72352";"3,45";"0";"3";"32";"0";"2"
"29.11.2015 15:10:00";"1";"0";"17";"0,8";"2097152";"92065";"4,39";"0";"3";"32";"0";"2"
"29.11.2015 15:15:00";"1";"0";"16";"0,73";"2097152";"79482";"3,79";"0";"3";"32";"0";"2"
"29.11.2015 15:20:00";"1";"0";"18";"0,8";"2097152";"38797";"1,85";"0";"3";"32";"0";"2"
"29.11.2015 15:25:00";"1";"0";"17";"0,78";"2097152";"72352";"3,45";"0";"3";"32";"0";"2"
"29.11.2015 15:30:00";"1";"0";"16";"0,75";"2097152";"107374";"5,12";"0";"3";"32";"0";"2"
"29.11.2015 15:35:00";"1";"0";"18";"0,81";"2097152";"61237";"2,92";"0";"3";"32";"0";"2"
"29.11.2015 15:40:00";"1";"0";"17";"0,78";"2097152";"65431";"3,12";"0";"3";"32";"0";"2"
"29.11.2015 15:45:00";"1";"0";"16";"0,76";"2097152";"62705";"2,99";"0";"3";"32";"0";"2"
"29.11.2015 15:50:00";"1";"0";"18";"0,83";"2097152";"119957";"5,72";"0";"3";"32";"0";"2"
"29.11.2015 15:55:00";"1";"0";"17";"0,76";"2097152";"72352";"3,45";"0";"3";"32";"0";"2"
"29.11.2015 16:00:00";"1";"0";"15";"0,72";"2097152";"76546";"3,65";"0";"3";"32";"0";"2"
"29.11.2015 16:05:00";"1";"0";"18";"0,81";"2097152";"101712";"4,85";"0";"3";"32";"0";"2"
"29.11.2015 16:10:00";"1";"0";"17";"0,76";"2097152";"86403";"4,12";"0";"3";"32";"0";"2"
"29.11.2015 16:15:00";"1";"0";"16";"0,72";"2097152";"71093";"3,39";"0";"3";"32";"0";"2"
"29.11.2015 16:20:00";"1";"0";"18";"0,81";"2097152";"84935";"4,05";"0";"3";"32";"0";"2"
"29.11.2015 16:25:00";"1";"0";"17";"0,77";"2097152";"68157";"3,25";"0";"3";"32";"0";"2"
"29.11.2015 16:30:00";"1";"0";"16";"0,73";"2097152";"62705";"2,99";"0";"3";"32";"0";"2"
"29.11.2015 16:35:00";"1";"0";"17";"0,8";"2097152";"50122";"2,39";"0";"3";"32";"0";"2"
"29.11.2015 16:40:00";"1";"0";"17";"0,76";"2097152";"73820";"3,52";"0";"3";"32";"0";"2"
"29.11.2015 16:45:00";"1";"0";"16";"0,75";"2097152";"72352";"3,45";"0";"3";"32";"0";"2"
"29.11.2015 16:50:00";"1";"0";"18";"0,81";"2097152";"79482";"3,79";"0";"3";"32";"0";"2"
"29.11.2015 16:55:00";"1";"0";"17";"0,79";"2097152";"54316";"2,59";"0";"3";"32";"0";"2"
"29.11.2015 17:00:00";"1";"0";"16";"0,74";"2097152";"63963";"3,05";"0";"3";"32";"0";"2"
"29.11.2015 17:05:00";"1";"0";"18";"0,82";"2097152";"57043";"2,72";"0";"3";"32";"0";"2"
"29.11.2015 17:10:00";"1";"0";"17";"0,78";"2097152";"48654";"2,32";"0";"3";"32";"0";"2"
"29.11.2015 17:15:00";"1";"0";"16";"0,73";"2097152";"69625";"3,32";"0";"3";"32";"0";"2"
"29.11.2015 17:20:00";"1";"0";"17";"0,8";"2097152";"75288";"3,59";"0";"3";"32";"0";"2"
"29.11.2015 17:25:00";"1";"0";"17";"0,77";"2097152";"83676";"3,99";"0";"3";"32";"0";"2"
"29.11.2015 17:30:00";"1";"0";"16";"0,73";"2097152";"90597";"4,32";"0";"3";"32";"0";"2"
"29.11.2015 17:35:00";"1";"0";"18";"0,81";"2097152";"63963";"3,05";"0";"4";"32";"0";"2"
"29.11.2015 17:40:00";"1";"0";"17";"0,77";"2097152";"84935";"4,05";"0";"3";"32";"0";"2"
"29.11.2015 17:45:00";"1";"0";"16";"0,74";"2097152";"82208";"3,92";"0";"3";"32";"0";"2"
"29.11.2015 17:50:00";"1";"0";"17";"0,8";"2097152";"96259";"4,59";"0";"3";"32";"0";"2"
"29.11.2015 17:55:00";"1";"0";"17";"0,78";"2097152";"87871";"4,19";"0";"3";"32";"0";"2"
"29.11.2015 18:00:00";"1";"0";"16";"0,74";"2097152";"61237";"2,92";"0";"3";"32";"0";"2"
"29.11.2015 18:05:00";"1";"0";"18";"0,82";"2097152";"68157";"3,25";"0";"3";"32";"0";"2"
"29.11.2015 18:10:00";"1";"0";"17";"0,78";"2097152";"75288";"3,59";"0";"3";"32";"0";"2"
"29.11.2015 18:15:00";"1";"0";"16";"0,73";"2097152";"71093";"3,39";"0";"3";"32";"0";"2"
"29.11.2015 18:20:00";"1";"0";"17";"0,8";"2097152";"59769";"2,85";"0";"3";"32";"0";"2"
"29.11.2015 18:25:00";"1";"0";"17";"0,77";"2097152";"52848";"2,52";"0";"3";"32";"0";"2"
"29.11.2015 18:30:00";"1";"0";"16";"0,72";"2097152";"58511";"2,79";"0";"3";"32";"0";"2"
"29.11.2015 18:35:00";"1";"0";"18";"0,8";"2097152";"62705";"2,99";"0";"3";"32";"0";"2"
"29.11.2015 18:40:00";"1";"0";"17";"0,78";"2097152";"65431";"3,12";"0";"3";"32";"0";"2"
"29.11.2015 18:45:00";"1";"0";"16";"0,73";"2097152";"52848";"2,52";"0";"3";"32";"0";"2"
"29.11.2015 18:50:00";"1";"0";"18";"0,81";"2097152";"65431";"3,12";"0";"3";"32";"0";"2"
"29.11.2015 18:55:00";"1";"0";"17";"0,78";"2097152";"72352";"3,45";"0";"3";"32";"0";"2"
"29.11.2015 19:00:00";"1";"0";"16";"0,74";"2097152";"63963";"3,05";"0";"3";"32";"0";"2"
"29.11.2015 19:05:00";"1";"0";"18";"0,81";"2097152";"48654";"2,32";"0";"3";"32";"0";"2"
"29.11.2015 19:10:00";"1";"0";"16";"0,76";"2097152";"79482";"3,79";"0";"3";"32";"0";"2"
"29.11.2015 19:15:00";"1";"0";"16";"0,72";"2097152";"65431";"3,12";"0";"3";"32";"0";"2"
"29.11.2015 19:20:00";"1";"0";"18";"0,81";"2097152";"63963";"3,05";"0";"3";"32";"0";"2"
"29.11.2015 19:25:00";"1";"0";"17";"0,78";"2097152";"87871";"4,19";"0";"3";"32";"0";"2"
"29.11.2015 19:30:00";"1";"0";"16";"0,72";"2097152";"72352";"3,45";"0";"3";"32";"0";"2"
"29.11.2015 19:35:00";"1";"0";"18";"0,81";"2097152";"72352";"3,45";"0";"3";"32";"0";"2"
"29.11.2015 19:40:00";"1";"0";"17";"0,76";"2097152";"57043";"2,72";"0";"3";"32";"0";"2"
"29.11.2015 19:45:00";"1";"0";"16";"0,72";"2097152";"83676";"3,99";"0";"3";"32";"0";"2"
"29.11.2015 19:50:00";"1";"0";"17";"0,8";"2097152";"86403";"4,12";"0";"3";"32";"0";"2"
"29.11.2015 19:55:00";"1";"0";"17";"0,77";"2097152";"92065";"4,39";"0";"4";"32";"0";"2"
"29.11.2015 20:00:00";"1";"0";"16";"0,74";"2097152";"50122";"2,39";"0";"3";"32";"0";"2"
"29.11.2015 20:05:00";"1";"0";"18";"0,83";"2097152";"72352";"3,45";"0";"3";"32";"0";"2"
"29.11.2015 20:10:00";"1";"0";"17";"0,77";"2097152";"76546";"3,65";"0";"3";"32";"0";"2"
"29.11.2015 20:15:00";"1";"0";"16";"0,73";"2097152";"54316";"2,59";"0";"3";"32";"0";"2"
"29.11.2015 20:20:00";"1";"0";"18";"0,81";"2097152";"38797";"1,85";"0";"3";"32";"0";"2"
"29.11.2015 20:25:00";"1";"0";"17";"0,77";"2097152";"61237";"2,92";"0";"3";"32";"0";"2"
"29.11.2015 20:30:00";"1";"0";"16";"0,72";"2097152";"40265";"1,92";"0";"3";"32";"0";"2"
"29.11.2015 20:35:00";"1";"0";"18";"0,8";"2097152";"66899";"3,19";"0";"3";"32";"0";"2"
"29.11.2015 20:40:00";"1";"0";"17";"0,77";"2097152";"108842";"5,19";"0";"3";"32";"0";"2"
"29.11.2015 20:45:00";"1";"0";"16";"0,73";"2097152";"84935";"4,05";"0";"3";"32";"0";"2"
"29.11.2015 20:50:00";"1";"0";"18";"0,81";"2097152";"92065";"4,39";"0";"3";"32";"0";"2"
"29.11.2015 20:55:00";"1";"0";"17";"0,77";"2097152";"61237";"2,92";"0";"3";"32";"0";"2"
"29.11.2015 21:00:00";"1";"0";"16";"0,73";"2097152";"89129";"4,25";"0";"3";"32";"0";"2"
"29.11.2015 21:05:00";"1";"0";"18";"0,83";"2097152";"62705";"2,99";"0";"3";"32";"0";"2"
"29.11.2015 21:10:00";"1";"0";"17";"0,79";"2097152";"83676";"3,99";"0";"3";"32";"0";"2"
"29.11.2015 21:15:00";"1";"0";"16";"0,73";"2097152";"68157";"3,25";"0";"3";"32";"0";"2"
"29.11.2015 21:20:00";"1";"0";"18";"0,82";"2097152";"83676";"3,99";"0";"3";"32";"0";"2"
"29.11.2015 21:25:00";"1";"0";"17";"0,77";"2097152";"73820";"3,52";"0";"3";"32";"0";"2"
"29.11.2015 21:30:00";"1";"0";"16";"0,75";"2097152";"54316";"2,59";"0";"3";"32";"0";"2"
"29.11.2015 21:35:00";"1";"0";"18";"0,81";"2097152";"61237";"2,92";"0";"3";"32";"0";"2"
"29.11.2015 21:40:00";"1";"0";"17";"0,77";"2097152";"63963";"3,05";"0";"3";"32";"0";"2"
"29.11.2015 21:45:00";"1";"0";"16";"0,75";"2097152";"66899";"3,19";"0";"3";"32";"0";"2"
"29.11.2015 21:50:00";"1";"0";"18";"0,82";"2097152";"50122";"2,39";"0";"3";"32";"0";"2"
"29.11.2015 21:55:00";"1";"0";"17";"0,77";"2097152";"65431";"3,12";"0";"3";"32";"0";"2"
"29.11.2015 22:00:00";"1";"0";"16";"0,73";"2097152";"75288";"3,59";"0";"3";"32";"0";"2"
"29.11.2015 22:05:00";"1";"0";"18";"0,83";"2097152";"63963";"3,05";"0";"3";"32";"0";"2"
"29.11.2015 22:10:00";"1";"0";"17";"0,79";"2097152";"80740";"3,85";"0";"3";"32";"0";"2"
"29.11.2015 22:15:00";"1";"0";"17";"0,76";"2097152";"71093";"3,39";"0";"3";"32";"0";"2"
"29.11.2015 22:20:00";"1";"0";"18";"0,83";"2097152";"82208";"3,92";"0";"3";"32";"0";"2"
"29.11.2015 22:25:00";"1";"0";"18";"0,83";"2097152";"65431";"3,12";"0";"3";"32";"0";"2"
"29.11.2015 22:30:00";"1";"0";"17";"0,77";"2097152";"90597";"4,32";"0";"3";"32";"0";"2"
"29.11.2015 22:35:00";"1";"0";"19";"0,87";"2097152";"103180";"4,92";"0";"3";"32";"0";"2"
"29.11.2015 22:40:00";"1";"0";"18";"0,82";"2097152";"71093";"3,39";"0";"3";"32";"0";"2"
"29.11.2015 22:45:00";"1";"0";"16";"0,73";"2097152";"72352";"3,45";"0";"3";"32";"0";"2"
"29.11.2015 22:50:00";"1";"0";"18";"0,82";"2097152";"66899";"3,19";"0";"3";"32";"0";"2"
"29.11.2015 22:55:00";"1";"0";"17";"0,79";"2097152";"92065";"4,39";"0";"3";"32";"0";"2"
"29.11.2015 23:00:00";"1";"0";"15";"0,71";"2097152";"101712";"4,85";"0";"3";"32";"0";"2"
"29.11.2015 23:05:00";"1";"0";"18";"0,8";"2097152";"73820";"3,52";"0";"3";"32";"0";"2"
"29.11.2015 23:10:00";"1";"0";"17";"0,79";"2097152";"58511";"2,79";"0";"3";"32";"0";"2"
"29.11.2015 23:15:00";"1";"0";"16";"0,73";"2097152";"79482";"3,79";"0";"4";"32";"0";"2"
"29.11.2015 23:20:00";"1";"0";"17";"0,79";"2097152";"71093";"3,39";"0";"3";"32";"0";"2"
"29.11.2015 23:25:00";"1";"0";"17";"0,79";"2097152";"75288";"3,59";"0";"3";"32";"0";"2"
"29.11.2015 23:30:00";"1";"0";"16";"0,73";"2097152";"92065";"4,39";"0";"3";"32";"0";"2"
"29.11.2015 23:35:00";"1";"0";"17";"0,8";"2097152";"63963";"3,05";"0";"3";"32";"0";"2"
"29.11.2015 23:40:00";"1";"0";"17";"0,8";"2097152";"79482";"3,79";"0";"3";"32";"0";"2"
"29.11.2015 23:45:00";"1";"0";"16";"0,74";"2097152";"87871";"4,19";"0";"3";"32";"0";"2"
"29.11.2015 23:50:00";"1";"0";"17";"0,79";"2097152";"52848";"2,52";"0";"3";"32";"0";"2"
"29.11.2015 23:55:00";"1";"0";"17";"0,8";"2097152";"66899";"3,19";"0";"3";"32";"0";"2"
"30.11.2015 00:00:00";"1";"0";"16";"0,73";"2097152";"78014";"3,72";"0";"4";"32";"0";"2"
"30.11.2015 00:05:00";"1";"0";"17";"0,81";"2097152";"92065";"4,39";"0";"5";"32";"0";"2"
"30.11.2015 00:10:00";"1";"0";"17";"0,77";"2097152";"82208";"3,92";"0";"3";"32";"0";"2"
"30.11.2015 00:15:00";"1";"0";"16";"0,74";"2097152";"82208";"3,92";"0";"3";"32";"0";"2"
"30.11.2015 00:20:00";"1";"0";"18";"0,81";"2097152";"73820";"3,52";"0";"3";"32";"0";"2"
"30.11.2015 00:25:00";"1";"0";"18";"0,8";"2097152";"61237";"2,92";"0";"3";"32";"0";"2"
"30.11.2015 00:30:00";"1";"0";"16";"0,74";"2097152";"65431";"3,12";"0";"3";"32";"0";"2"
"30.11.2015 00:35:00";"1";"0";"18";"0,82";"2097152";"75288";"3,59";"0";"3";"32";"0";"2"
"30.11.2015 00:40:00";"1";"0";"17";"0,77";"2097152";"47186";"2,25";"0";"3";"32";"0";"2"
"30.11.2015 00:45:00";"1";"0";"16";"0,74";"2097152";"65431";"3,12";"0";"3";"32";"0";"2"
"30.11.2015 00:50:00";"1";"0";"18";"0,82";"2097152";"73820";"3,52";"0";"3";"32";"0";"2"
"30.11.2015 00:55:00";"1";"0";"18";"0,82";"2097152";"75288";"3,59";"0";"3";"32";"0";"2"
"30.11.2015 01:00:00";"1";"0";"16";"0,73";"2097152";"89129";"4,25";"0";"3";"32";"0";"2"
"30.11.2015 01:05:00";"1";"0";"18";"0,83";"2097152";"89129";"4,25";"0";"3";"32";"0";"2"
"30.11.2015 01:10:00";"1";"0";"18";"0,8";"2097152";"84935";"4,05";"0";"3";"32";"0";"2"
"30.11.2015 01:15:00";"1";"0";"16";"0,73";"2097152";"75288";"3,59";"0";"3";"32";"0";"2"
"30.11.2015 01:20:00";"1";"0";"18";"0,81";"2097152";"89129";"4,25";"0";"3";"32";"0";"2"
"30.11.2015 01:25:00";"1";"0";"17";"0,78";"2097152";"73820";"3,52";"0";"3";"32";"0";"2"
"30.11.2015 01:30:00";"1";"0";"16";"0,74";"2097152";"90597";"4,32";"0";"3";"32";"0";"2"
"30.11.2015 01:35:00";"1";"0";"18";"0,83";"2097152";"62705";"2,99";"0";"3";"32";"0";"2"
"30.11.2015 01:40:00";"1";"0";"18";"0,82";"2097152";"55575";"2,65";"0";"3";"32";"0";"2"
"30.11.2015 01:45:00";"1";"0";"16";"0,76";"2097152";"108842";"5,19";"0";"3";"32";"0";"2"
"30.11.2015 01:50:00";"1";"0";"18";"0,81";"2097152";"58511";"2,79";"0";"3";"32";"0";"2"
"30.11.2015 01:55:00";"1";"0";"18";"0,81";"2097152";"80740";"3,85";"0";"3";"32";"0";"2"
"30.11.2015 02:00:00";"1";"0";"17";"0,76";"2097152";"83676";"3,99";"0";"3";"32";"0";"2"
"30.11.2015 02:05:00";"1";"0";"18";"0,84";"2097152";"79482";"3,79";"0";"4";"32";"0";"2"
"30.11.2015 02:10:00";"1";"0";"17";"0,78";"2097152";"58511";"2,79";"0";"3";"32";"0";"2"
"30.11.2015 02:15:00";"1";"0";"16";"0,75";"2097152";"110100";"5,25";"0";"3";"32";"0";"2"
"30.11.2015 02:20:00";"1";"0";"18";"0,84";"2097152";"62705";"2,99";"0";"3";"32";"0";"2"
"30.11.2015 02:25:00";"1";"0";"17";"0,78";"2097152";"71093";"3,39";"0";"3";"32";"0";"2"
"30.11.2015 02:30:00";"1";"0";"16";"0,75";"2097152";"92065";"4,39";"0";"3";"32";"0";"2"
"30.11.2015 02:35:00";"1";"0";"18";"0,84";"2097152";"87871";"4,19";"0";"3";"32";"0";"2"
"30.11.2015 02:40:00";"1";"0";"17";"0,78";"2097152";"58511";"2,79";"0";"3";"32";"0";"2"
"30.11.2015 02:45:00";"1";"0";"16";"0,74";"2097152";"55575";"2,65";"0";"4";"32";"0";"2"
"30.11.2015 02:50:00";"1";"0";"18";"0,81";"2097152";"54316";"2,59";"0";"3";"32";"0";"2"
"30.11.2015 02:55:00";"1";"0";"17";"0,78";"2097152";"66899";"3,19";"0";"3";"32";"0";"2"
"30.11.2015 03:00:00";"1";"0";"16";"0,74";"2097152";"96259";"4,59";"0";"3";"32";"0";"2"
"30.11.2015 03:05:00";"1";"0";"18";"0,84";"2097152";"68157";"3,25";"0";"4";"32";"0";"2"
"30.11.2015 03:10:00";"1";"0";"17";"0,79";"2097152";"62705";"2,99";"0";"3";"32";"0";"2"
"30.11.2015 03:15:00";"1";"0";"16";"0,73";"2097152";"66899";"3,19";"0";"3";"32";"0";"2"
"30.11.2015 03:20:00";"1";"0";"18";"0,81";"2097152";"66899";"3,19";"0";"3";"32";"0";"2"
"30.11.2015 03:25:00";"1";"0";"17";"0,78";"2097152";"89129";"4,25";"0";"4";"32";"0";"2"
"30.11.2015 03:30:00";"1";"0";"16";"0,76";"2097152";"100454";"4,79";"0";"3";"32";"0";"2"
"30.11.2015 03:35:00";"1";"0";"18";"0,83";"2097152";"87871";"4,19";"0";"3";"32";"0";"2"
"30.11.2015 03:40:00";"1";"0";"17";"0,78";"2097152";"58511";"2,79";"0";"3";"32";"0";"2"
"30.11.2015 03:45:00";"1";"0";"16";"0,73";"2097152";"71093";"3,39";"0";"3";"32";"0";"2"
"30.11.2015 03:50:00";"1";"0";"18";"0,81";"2097152";"71093";"3,39";"0";"3";"32";"0";"2"
"30.11.2015 03:55:00";"1";"0";"17";"0,79";"2097152";"63963";"3,05";"0";"3";"32";"0";"2"
"30.11.2015 04:00:00";"1";"0";"16";"0,73";"2097152";"71093";"3,39";"0";"3";"32";"0";"2"
"30.11.2015 04:05:00";"1";"0";"18";"0,82";"2097152";"58511";"2,79";"0";"4";"32";"0";"2"
"30.11.2015 04:10:00";"1";"0";"17";"0,79";"2097152";"54316";"2,59";"0";"3";"32";"0";"2"
"30.11.2015 04:15:00";"1";"0";"16";"0,74";"2097152";"61237";"2,92";"0";"3";"32";"0";"2"
"30.11.2015 04:20:00";"1";"0";"18";"0,81";"2097152";"58511";"2,79";"0";"3";"32";"0";"2"
"30.11.2015 04:25:00";"1";"0";"18";"0,81";"2097152";"66899";"3,19";"0";"3";"32";"0";"2"
"30.11.2015 04:30:00";"1";"0";"16";"0,74";"2097152";"83676";"3,99";"0";"3";"32";"0";"2"
"30.11.2015 04:35:00";"1";"0";"18";"0,84";"2097152";"45928";"2,19";"0";"3";"32";"0";"2"
"30.11.2015 04:40:00";"1";"0";"20";"0,9";"2097152";"73820";"3,52";"0";"17";"32";"0";"2"
"30.11.2015 04:45:00";"1";"0";"16";"0,74";"2097152";"87871";"4,19";"0";"3";"32";"0";"2"
"30.11.2015 04:50:00";"1";"0";"18";"0,8";"2097152";"62705";"2,99";"0";"3";"32";"0";"2"
"30.11.2015 04:55:00";"1";"0";"17";"0,79";"2097152";"65431";"3,12";"0";"3";"32";"0";"2"
"30.11.2015 05:00:00";"1";"0";"16";"0,75";"2097152";"71093";"3,39";"0";"3";"32";"0";"2"
"30.11.2015 05:05:00";"1";"0";"18";"0,82";"2097152";"41733";"1,99";"0";"3";"32";"0";"2"
"30.11.2015 05:10:00";"1";"0";"17";"0,79";"2097152";"50122";"2,39";"0";"3";"32";"0";"2"
"30.11.2015 05:15:00";"1";"0";"16";"0,74";"2097152";"80740";"3,85";"0";"3";"32";"0";"2"
"30.11.2015 05:20:00";"1";"0";"18";"0,8";"2097152";"80740";"3,85";"0";"3";"32";"0";"2"
"30.11.2015 05:25:00";"1";"0";"17";"0,78";"2097152";"79482";"3,79";"0";"3";"32";"0";"2"
"30.11.2015 05:30:00";"1";"0";"16";"0,75";"2097152";"63963";"3,05";"0";"3";"32";"0";"2"
"30.11.2015 05:35:00";"1";"0";"18";"0,82";"2097152";"58511";"2,79";"0";"3";"32";"0";"2"
"30.11.2015 05:40:00";"1";"0";"17";"0,78";"2097152";"68157";"3,25";"0";"3";"32";"0";"2"
"30.11.2015 05:45:00";"1";"0";"16";"0,73";"2097152";"66899";"3,19";"0";"3";"32";"0";"2"
"30.11.2015 05:50:00";"1";"0";"18";"0,81";"2097152";"83676";"3,99";"0";"3";"32";"0";"2"
"30.11.2015 05:55:00";"1";"0";"17";"0,79";"2097152";"92065";"4,39";"0";"3";"32";"0";"2"
"30.11.2015 06:00:00";"1";"0";"16";"0,74";"2097152";"83676";"3,99";"0";"3";"32";"0";"2"
"30.11.2015 06:05:00";"1";"0";"18";"0,84";"2097152";"69625";"3,32";"0";"3";"32";"0";"2"
"30.11.2015 06:10:00";"1";"0";"17";"0,79";"2097152";"83676";"3,99";"0";"3";"32";"0";"2"
"30.11.2015 06:15:00";"1";"0";"16";"0,73";"2097152";"68157";"3,25";"0";"3";"32";"0";"2"
"30.11.2015 06:20:00";"1";"0";"18";"0,81";"2097152";"58511";"2,79";"0";"3";"32";"0";"2"
"30.11.2015 06:25:00";"1";"0";"17";"0,78";"2097152";"87871";"4,19";"0";"3";"32";"0";"2"
"30.11.2015 06:30:00";"1";"0";"16";"0,74";"2097152";"87871";"4,19";"0";"3";"32";"0";"2"
"30.11.2015 06:35:00";"1";"0";"18";"0,82";"2097152";"92065";"4,39";"0";"3";"32";"0";"2"
"30.11.2015 06:40:00";"1";"0";"17";"0,78";"2097152";"71093";"3,39";"0";"3";"32";"0";"2"
"30.11.2015 06:45:00";"1";"0";"16";"0,73";"2097152";"65431";"3,12";"0";"3";"32";"0";"2"
"30.11.2015 06:50:00";"1";"0";"18";"0,82";"2097152";"66899";"3,19";"0";"3";"32";"0";"2"
"30.11.2015 06:55:00";"1";"0";"17";"0,77";"2097152";"66899";"3,19";"0";"4";"32";"0";"2"
"30.11.2015 07:00:00";"1";"0";"16";"0,74";"2097152";"47186";"2,25";"0";"3";"32";"0";"2"
"30.11.2015 07:05:00";"1";"0";"18";"0,83";"2097152";"82208";"3,92";"0";"4";"32";"0";"2"
"30.11.2015 07:10:00";"1";"0";"18";"0,81";"2097152";"75288";"3,59";"0";"3";"32";"0";"2"
"30.11.2015 07:15:00";"1";"0";"19";"0,86";"2097152";"72352";"3,45";"0";"4";"32";"0";"2"
"30.11.2015 07:20:00";"1";"0";"17";"0,76";"2097152";"86403";"4,12";"0";"3";"32";"0";"2"
"30.11.2015 07:25:00";"1";"0";"16";"0,72";"2097152";"63963";"3,05";"0";"3";"32";"0";"2"
"30.11.2015 07:30:00";"1";"0";"19";"0,86";"2097152";"63963";"3,05";"0";"3";"32";"0";"2"
"30.11.2015 07:35:00";"1";"0";"18";"0,8";"2097152";"73820";"3,52";"0";"3";"32";"0";"2"
"30.11.2015 07:40:00";"1";"0";"16";"0,72";"2097152";"51380";"2,45";"0";"3";"32";"0";"2"
"30.11.2015 07:45:00";"1";"0";"19";"0,85";"2097152";"58511";"2,79";"0";"3";"32";"0";"2"
"30.11.2015 07:50:00";"1";"0";"17";"0,76";"2097152";"62705";"2,99";"0";"3";"32";"0";"2"
"30.11.2015 07:55:00";"1";"0";"16";"0,73";"2097152";"69625";"3,32";"0";"3";"32";"0";"2"
"30.11.2015 08:00:00";"1";"0";"19";"0,85";"2097152";"52848";"2,52";"0";"3";"32";"0";"2"
"30.11.2015 08:05:00";"1";"0";"18";"0,81";"2097152";"44460";"2,12";"0";"4";"32";"0";"2"
"30.11.2015 08:10:00";"1";"0";"16";"0,75";"2097152";"50122";"2,39";"0";"3";"32";"0";"2"
"30.11.2015 08:15:00";"1";"0";"19";"0,85";"2097152";"54316";"2,59";"0";"3";"32";"0";"2"
"30.11.2015 08:20:00";"1";"0";"17";"0,77";"2097152";"82208";"3,92";"0";"3";"32";"0";"2"
"30.11.2015 08:25:00";"1";"0";"16";"0,73";"2097152";"61237";"2,92";"0";"3";"32";"0";"2"
"30.11.2015 08:30:00";"1";"0";"19";"0,85";"2097152";"80740";"3,85";"0";"3";"32";"0";"2"
"30.11.2015 08:35:00";"1";"0";"17";"0,79";"2097152";"52848";"2,52";"0";"3";"32";"0";"2"
"30.11.2015 08:40:00";"1";"0";"16";"0,72";"2097152";"87871";"4,19";"0";"3";"32";"0";"2"
"30.11.2015 08:45:00";"1";"0";"19";"0,86";"2097152";"76546";"3,65";"0";"3";"32";"0";"2"
"30.11.2015 08:50:00";"1";"0";"17";"0,77";"2097152";"80740";"3,85";"0";"3";"32";"0";"2"
"30.11.2015 08:55:00";"1";"0";"16";"0,74";"2097152";"86403";"4,12";"0";"3";"32";"0";"2"
"30.11.2015 09:00:00";"1";"0";"19";"0,89";"2097152";"94791";"4,52";"0";"3";"32";"0";"2"
"30.11.2015 09:05:00";"1";"0";"18";"0,8";"2097152";"61237";"2,92";"0";"4";"32";"0";"2"
"30.11.2015 09:10:00";"1";"0";"16";"0,73";"2097152";"82208";"3,92";"0";"3";"32";"0";"2"
"30.11.2015 09:15:00";"1";"0";"16";"0,75";"2097152";"71093";"3,39";"0";"3";"32";"0";"2"
"30.11.2015 09:20:00";"1";"0";"18";"0,84";"2097152";"34603";"1,65";"0";"3";"32";"0";"2"
"30.11.2015 09:25:00";"1";"0";"18";"0,81";"2097152";"71093";"3,39";"0";"3";"32";"0";"2"
"30.11.2015 09:30:00";"1";"0";"17";"0,78";"2097152";"65431";"3,12";"0";"3";"32";"0";"2"
"30.11.2015 09:35:00";"1";"0";"18";"0,82";"2097152";"104648";"4,99";"0";"3";"32";"0";"2"
"30.11.2015 09:40:00";"1";"0";"17";"0,79";"2097152";"75288";"3,59";"0";"3";"32";"0";"2"
"30.11.2015 09:45:00";"1";"0";"17";"0,76";"2097152";"96259";"4,59";"0";"3";"32";"0";"2"
"30.11.2015 09:50:00";"1";"0";"19";"0,86";"2097152";"80740";"3,85";"0";"3";"32";"0";"2"
"30.11.2015 09:55:00";"1";"0";"17";"0,8";"2097152";"100454";"4,79";"0";"3";"32";"0";"2"
"30.11.2015 10:00:00";"1";"0";"17";"0,77";"2097152";"80740";"3,85";"0";"3";"32";"0";"2"
"30.11.2015 10:05:00";"1";"0";"18";"0,84";"2097152";"86403";"4,12";"0";"3";"32";"0";"2"
"30.11.2015 10:10:00";"1";"0";"17";"0,79";"2097152";"48654";"2,32";"0";"3";"32";"0";"2"
"30.11.2015 10:15:00";"1";"0";"17";"0,76";"2097152";"79482";"3,79";"0";"3";"32";"0";"2"
"30.11.2015 10:20:00";"1";"0";"18";"0,83";"2097152";"65431";"3,12";"0";"3";"32";"0";"2"
"30.11.2015 10:25:00";"1";"0";"17";"0,79";"2097152";"50122";"2,39";"0";"3";"32";"0";"2"
"30.11.2015 10:30:00";"1";"0";"17";"0,77";"2097152";"55575";"2,65";"0";"3";"32";"0";"2"
"30.11.2015 10:35:00";"1";"0";"18";"0,82";"2097152";"80740";"3,85";"0";"3";"32";"0";"2"
"30.11.2015 10:40:00";"1";"0";"17";"0,79";"2097152";"51380";"2,45";"0";"3";"32";"0";"2"
"30.11.2015 10:45:00";"1";"0";"16";"0,75";"2097152";"65431";"3,12";"0";"3";"32";"0";"2"
"30.11.2015 10:50:00";"1";"0";"18";"0,83";"2097152";"71093";"3,39";"0";"3";"32";"0";"2"
"30.11.2015 10:55:00";"1";"0";"18";"0,82";"2097152";"63963";"3,05";"0";"3";"32";"0";"2"
"30.11.2015 11:00:00";"1";"0";"17";"0,78";"2097152";"86403";"4,12";"0";"3";"32";"0";"2"
"30.11.2015 11:05:00";"1";"0";"18";"0,84";"2097152";"82208";"3,92";"0";"4";"32";"0";"2"
"30.11.2015 11:10:00";"1";"0";"17";"0,79";"2097152";"89129";"4,25";"0";"3";"32";"0";"2"
"30.11.2015 11:15:00";"1";"0";"19";"0,89";"2097152";"83676";"3,99";"0";"4";"32";"0";"2"
"30.11.2015 11:20:00";"1";"0";"18";"0,8";"2097152";"71093";"3,39";"0";"3";"32";"0";"2"
"30.11.2015 11:25:00";"1";"0";"16";"0,73";"2097152";"93323";"4,45";"0";"3";"32";"0";"2"
"30.11.2015 11:30:00";"1";"0";"19";"0,85";"2097152";"66899";"3,19";"0";"3";"32";"0";"2"
"30.11.2015 11:35:00";"1";"0";"17";"0,78";"2097152";"66899";"3,19";"0";"3";"32";"0";"2"
"30.11.2015 11:40:00";"1";"0";"16";"0,72";"2097152";"79482";"3,79";"0";"3";"32";"0";"2"
"30.11.2015 11:45:00";"1";"0";"19";"0,87";"2097152";"72352";"3,45";"0";"4";"32";"0";"2"
"30.11.2015 11:50:00";"1";"0";"17";"0,78";"2097152";"58511";"2,79";"0";"3";"32";"0";"2"
"30.11.2015 11:55:00";"1";"0";"16";"0,74";"2097152";"68157";"3,25";"0";"3";"32";"0";"2"
"30.11.2015 12:00:00";"1";"0";"19";"0,86";"2097152";"57043";"2,72";"0";"3";"32";"0";"2"
"30.11.2015 12:05:00";"1";"0";"17";"0,79";"2097152";"62705";"2,99";"0";"4";"32";"0";"2"
"30.11.2015 12:10:00";"1";"0";"16";"0,73";"2097152";"69625";"3,32";"0";"3";"32";"0";"2"
"30.11.2015 12:15:00";"1";"0";"19";"0,86";"2097152";"76546";"3,65";"0";"4";"32";"0";"2"
"30.11.2015 12:20:00";"1";"0";"17";"0,77";"2097152";"73820";"3,52";"0";"3";"32";"0";"2"
"30.11.2015 12:25:00";"1";"0";"16";"0,72";"2097152";"72352";"3,45";"0";"3";"32";"0";"2"
"30.11.2015 12:30:00";"1";"0";"19";"0,88";"2097152";"105906";"5,05";"0";"3";"32";"0";"2"
"30.11.2015 12:35:00";"1";"0";"17";"0,76";"2097152";"98986";"4,72";"0";"3";"32";"0";"2"
"30.11.2015 12:40:00";"1";"0";"16";"0,73";"2097152";"86403";"4,12";"0";"3";"32";"0";"2"
"30.11.2015 12:45:00";"1";"0";"19";"0,88";"2097152";"68157";"3,25";"0";"3";"32";"0";"2"
"30.11.2015 12:50:00";"1";"0";"17";"0,8";"2097152";"57043";"2,72";"0";"4";"32";"0";"2"
"30.11.2015 12:55:00";"1";"0";"16";"0,73";"2097152";"63963";"3,05";"0";"3";"32";"0";"2"
"30.11.2015 13:00:00";"1";"0";"19";"0,87";"2097152";"73820";"3,52";"0";"3";"32";"0";"2"
"30.11.2015 13:05:00";"1";"0";"18";"0,81";"2097152";"75288";"3,59";"0";"3";"32";"0";"2"
"30.11.2015 13:10:00";"1";"0";"16";"0,72";"2097152";"76546";"3,65";"0";"3";"32";"0";"2"
"30.11.2015 13:15:00";"1";"0";"19";"0,86";"2097152";"75288";"3,59";"0";"3";"32";"0";"2"
"30.11.2015 13:20:00";"1";"0";"17";"0,77";"2097152";"57043";"2,72";"0";"3";"32";"0";"2"
"30.11.2015 13:25:00";"1";"0";"16";"0,72";"2097152";"73820";"3,52";"0";"3";"32";"0";"2"
"30.11.2015 13:30:00";"1";"0";"19";"0,87";"2097152";"75288";"3,59";"0";"3";"32";"0";"2"
"30.11.2015 13:35:00";"1";"0";"18";"0,8";"2097152";"79482";"3,79";"0";"3";"32";"0";"2"
"30.11.2015 13:40:00";"1";"0";"16";"0,72";"2097152";"84935";"4,05";"0";"2";"32";"0";"2"
"30.11.2015 13:45:00";"1";"0";"16";"0,73";"2097152";"94791";"4,52";"0";"3";"32";"0";"2"
"30.11.2015 13:50:00";"1";"0";"18";"0,82";"2097152";"100454";"4,79";"0";"3";"32";"0";"1"
"30.11.2015 13:55:00";"1";"0";"17";"0,78";"2097152";"59769";"2,85";"0";"3";"32";"0";"2"
"30.11.2015 14:00:00";"1";"0";"16";"0,73";"2097152";"58511";"2,79";"0";"3";"32";"0";"2"
"30.11.2015 14:05:00";"1";"0";"18";"0,83";"2097152";"54316";"2,59";"0";"3";"32";"0";"1"
"30.11.2015 14:10:00";"1";"0";"17";"0,78";"2097152";"75288";"3,59";"0";"3";"32";"0";"2"
"30.11.2015 14:15:00";"1";"0";"16";"0,76";"2097152";"84935";"4,05";"0";"3";"32";"0";"2"
"30.11.2015 14:20:00";"1";"0";"18";"0,82";"2097152";"68157";"3,25";"0";"3";"32";"0";"1"
"30.11.2015 14:25:00";"1";"0";"17";"0,79";"2097152";"65431";"3,12";"0";"4";"32";"0";"2"
"30.11.2015 14:30:00";"1";"0";"17";"0,77";"2097152";"149317";"7,12";"0";"3";"32";"0";"2"
"30.11.2015 14:35:00";"1";"0";"18";"0,83";"2097152";"122683";"5,85";"0";"3";"32";"0";"1"
"30.11.2015 14:40:00";"1";"0";"17";"0,8";"2097152";"89129";"4,25";"0";"3";"32";"0";"2"
"30.11.2015 14:45:00";"1";"0";"16";"0,76";"2097152";"52848";"2,52";"0";"3";"32";"0";"2"
"30.11.2015 14:50:00";"1";"0";"18";"0,82";"2097152";"47186";"2,25";"0";"3";"32";"0";"1"
"30.11.2015 14:55:00";"1";"0";"17";"0,8";"2097152";"59769";"2,85";"0";"3";"32";"0";"2"
"30.11.2015 15:00:00";"1";"0";"16";"0,75";"2097152";"47186";"2,25";"0";"3";"32";"0";"2"
"30.11.2015 15:05:00";"1";"0";"18";"0,84";"2097152";"87871";"4,19";"0";"3";"32";"0";"1"
"30.11.2015 15:10:00";"1";"0";"18";"0,8";"2097152";"80740";"3,85";"0";"3";"32";"0";"2"
"30.11.2015 15:15:00";"1";"0";"16";"0,74";"2097152";"58511";"2,79";"0";"3";"32";"0";"2"
"30.11.2015 15:20:00";"1";"0";"18";"0,84";"2097152";"59769";"2,85";"0";"3";"32";"0";"1"
"30.11.2015 15:25:00";"1";"0";"17";"0,79";"2097152";"73820";"3,52";"0";"3";"32";"0";"2"
"30.11.2015 15:30:00";"1";"0";"16";"0,74";"2097152";"68157";"3,25";"0";"3";"32";"0";"2"
"30.11.2015 15:35:00";"1";"0";"18";"0,82";"2097152";"68157";"3,25";"0";"3";"32";"0";"1"
"30.11.2015 15:40:00";"1";"0";"17";"0,79";"2097152";"86403";"4,12";"0";"3";"32";"0";"2"
"30.11.2015 15:45:00";"1";"0";"17";"0,76";"2097152";"68157";"3,25";"0";"3";"32";"0";"2"
"30.11.2015 15:50:00";"1";"0";"19";"0,84";"2097152";"76546";"3,65";"0";"3";"32";"0";"1"
"30.11.2015 15:55:00";"1";"0";"18";"0,81";"2097152";"68157";"3,25";"0";"3";"32";"0";"2"
"30.11.2015 16:00:00";"1";"0";"16";"0,75";"2097152";"63963";"3,05";"0";"3";"32";"0";"2"
"30.11.2015 16:05:00";"1";"0";"18";"0,84";"2097152";"71093";"3,39";"0";"4";"32";"0";"1"
"30.11.2015 16:10:00";"1";"0";"18";"0,81";"2097152";"62705";"2,99";"0";"3";"32";"0";"2"
"30.11.2015 16:15:00";"1";"0";"17";"0,79";"2097152";"75288";"3,59";"0";"3";"32";"0";"2"
"30.11.2015 16:20:00";"1";"0";"18";"0,83";"2097152";"84935";"4,05";"0";"3";"32";"0";"1"
"30.11.2015 16:25:00";"1";"0";"18";"0,8";"2097152";"83676";"3,99";"0";"3";"32";"0";"2"
"30.11.2015 16:30:00";"1";"0";"16";"0,74";"2097152";"50122";"2,39";"0";"3";"32";"0";"2"
"30.11.2015 16:35:00";"1";"0";"18";"0,82";"2097152";"59769";"2,85";"0";"4";"32";"0";"1"
"30.11.2015 16:40:00";"1";"0";"17";"0,78";"2097152";"75288";"3,59";"0";"3";"32";"0";"2"
"30.11.2015 16:45:00";"1";"0";"17";"0,77";"2097152";"59769";"2,85";"0";"3";"32";"0";"2"
"30.11.2015 16:50:00";"1";"0";"18";"0,82";"2097152";"65431";"3,12";"0";"3";"32";"0";"1"
"30.11.2015 16:55:00";"1";"0";"17";"0,79";"2097152";"76546";"3,65";"0";"3";"32";"0";"2"
"30.11.2015 17:00:00";"1";"0";"16";"0,75";"2097152";"76546";"3,65";"0";"3";"32";"0";"2"
"30.11.2015 17:05:00";"1";"0";"18";"0,82";"2097152";"51380";"2,45";"0";"4";"32";"0";"1"
"30.11.2015 17:10:00";"1";"0";"17";"0,78";"2097152";"52848";"2,52";"0";"3";"32";"0";"2"
"30.11.2015 17:15:00";"1";"0";"16";"0,74";"2097152";"44460";"2,12";"0";"3";"32";"0";"2"
"30.11.2015 17:20:00";"1";"0";"18";"0,84";"2097152";"52848";"2,52";"0";"3";"32";"0";"1"
"30.11.2015 17:25:00";"1";"0";"18";"0,81";"2097152";"63963";"3,05";"0";"3";"32";"0";"2"
"30.11.2015 17:30:00";"1";"0";"16";"0,74";"2097152";"76546";"3,65";"0";"3";"32";"0";"2"
"30.11.2015 17:35:00";"1";"0";"18";"0,83";"2097152";"69625";"3,32";"0";"3";"32";"0";"1"
"30.11.2015 17:40:00";"1";"0";"17";"0,78";"2097152";"80740";"3,85";"0";"3";"32";"0";"2"
"30.11.2015 17:45:00";"1";"0";"16";"0,74";"2097152";"54316";"2,59";"0";"3";"32";"0";"2"
"30.11.2015 17:50:00";"1";"0";"18";"0,81";"2097152";"54316";"2,59";"0";"3";"32";"0";"1"
"30.11.2015 17:55:00";"1";"0";"17";"0,78";"2097152";"65431";"3,12";"0";"3";"32";"0";"2"
"30.11.2015 18:00:00";"1";"0";"16";"0,75";"2097152";"59769";"2,85";"0";"3";"32";"0";"2"
"30.11.2015 18:05:00";"1";"0";"18";"0,83";"2097152";"55575";"2,65";"0";"4";"32";"0";"1"
"30.11.2015 18:10:00";"1";"0";"17";"0,78";"2097152";"68157";"3,25";"0";"3";"32";"0";"2"
"30.11.2015 18:15:00";"1";"0";"16";"0,74";"2097152";"61237";"2,92";"0";"3";"32";"0";"2"
"30.11.2015 18:20:00";"1";"0";"18";"0,81";"2097152";"52848";"2,52";"0";"3";"32";"0";"1"
"30.11.2015 18:25:00";"1";"0";"18";"0,8";"2097152";"52848";"2,52";"0";"3";"32";"0";"2"
"30.11.2015 18:30:00";"1";"0";"16";"0,72";"2097152";"51380";"2,45";"0";"3";"32";"0";"2"
"30.11.2015 18:35:00";"1";"0";"18";"0,81";"2097152";"92065";"4,39";"0";"3";"32";"0";"1"
"30.11.2015 18:40:00";"1";"0";"17";"0,79";"2097152";"71093";"3,39";"0";"3";"32";"0";"2"
"30.11.2015 18:45:00";"1";"0";"16";"0,73";"2097152";"59769";"2,85";"0";"3";"32";"0";"2"
"30.11.2015 18:50:00";"1";"0";"18";"0,8";"2097152";"71093";"3,39";"0";"3";"32";"0";"1"
"30.11.2015 18:55:00";"1";"0";"17";"0,78";"2097152";"61237";"2,92";"0";"3";"32";"0";"2"
"30.11.2015 19:00:00";"1";"0";"16";"0,74";"2097152";"54316";"2,59";"0";"3";"32";"0";"2"
"30.11.2015 19:05:00";"1";"0";"18";"0,83";"2097152";"71093";"3,39";"0";"4";"32";"0";"1"
"30.11.2015 19:10:00";"1";"0";"17";"0,77";"2097152";"101712";"4,85";"0";"3";"32";"0";"2"
"30.11.2015 19:15:00";"1";"0";"16";"0,73";"2097152";"62705";"2,99";"0";"3";"32";"0";"2"
"30.11.2015 19:20:00";"1";"0";"18";"0,82";"2097152";"68157";"3,25";"0";"3";"32";"0";"1"
"30.11.2015 19:25:00";"1";"0";"18";"0,81";"2097152";"83676";"3,99";"0";"3";"32";"0";"2"
"30.11.2015 19:30:00";"1";"0";"16";"0,74";"2097152";"94791";"4,52";"0";"3";"32";"0";"2"
"30.11.2015 19:35:00";"1";"0";"18";"0,82";"2097152";"63963";"3,05";"0";"3";"32";"0";"1"
"30.11.2015 19:40:00";"1";"0";"17";"0,78";"2097152";"69625";"3,32";"0";"3";"32";"0";"2"
"30.11.2015 19:45:00";"1";"0";"16";"0,73";"2097152";"71093";"3,39";"0";"3";"32";"0";"2"
"30.11.2015 19:50:00";"1";"0";"18";"0,81";"2097152";"63963";"3,05";"0";"3";"32";"0";"1"
"30.11.2015 19:55:00";"1";"0";"17";"0,79";"2097152";"61237";"2,92";"0";"3";"32";"0";"2"
"30.11.2015 20:00:00";"1";"0";"16";"0,74";"2097152";"62705";"2,99";"0";"3";"32";"0";"2"
"30.11.2015 20:05:00";"1";"0";"18";"0,82";"2097152";"71093";"3,39";"0";"3";"32";"0";"1"
"30.11.2015 20:10:00";"1";"0";"17";"0,78";"2097152";"44460";"2,12";"0";"3";"32";"0";"2"
"30.11.2015 20:15:00";"1";"0";"17";"0,77";"2097152";"66899";"3,19";"0";"3";"32";"0";"2"
"30.11.2015 20:20:00";"1";"0";"18";"0,81";"2097152";"87871";"4,19";"0";"3";"32";"0";"1"
"30.11.2015 20:25:00";"1";"0";"17";"0,79";"2097152";"68157";"3,25";"0";"3";"32";"0";"2"
"30.11.2015 20:30:00";"1";"0";"16";"0,75";"2097152";"57043";"2,72";"0";"3";"32";"0";"2"
"30.11.2015 20:35:00";"1";"0";"17";"0,8";"2097152";"73820";"3,52";"0";"3";"32";"0";"1"
"30.11.2015 20:40:00";"1";"0";"17";"0,78";"2097152";"96259";"4,59";"0";"3";"32";"0";"2"
"30.11.2015 20:45:00";"1";"0";"16";"0,74";"2097152";"72352";"3,45";"0";"3";"32";"0";"2"
"30.11.2015 20:50:00";"1";"0";"18";"0,8";"2097152";"71093";"3,39";"0";"3";"32";"0";"1"
"30.11.2015 20:55:00";"1";"0";"17";"0,79";"2097152";"61237";"2,92";"0";"3";"32";"0";"2"
"30.11.2015 21:00:00";"1";"0";"16";"0,74";"2097152";"76546";"3,65";"0";"3";"32";"0";"2"
"30.11.2015 21:05:00";"1";"0";"18";"0,83";"2097152";"62705";"2,99";"0";"4";"32";"0";"1"
"30.11.2015 21:10:00";"1";"0";"17";"0,79";"2097152";"55575";"2,65";"0";"3";"32";"0";"2"
"30.11.2015 21:15:00";"1";"0";"16";"0,74";"2097152";"79482";"3,79";"0";"3";"32";"0";"2"
"30.11.2015 21:20:00";"1";"0";"18";"0,82";"2097152";"76546";"3,65";"0";"3";"32";"0";"1"
"30.11.2015 21:25:00";"1";"0";"17";"0,79";"2097152";"79482";"3,79";"0";"3";"32";"0";"2"
"30.11.2015 21:30:00";"1";"0";"16";"0,76";"2097152";"103180";"4,92";"0";"3";"32";"0";"2"
"30.11.2015 21:35:00";"1";"0";"18";"0,83";"2097152";"59769";"2,85";"0";"3";"32";"0";"1"
"30.11.2015 21:40:00";"1";"0";"17";"0,77";"2097152";"51380";"2,45";"0";"3";"32";"0";"2"
"30.11.2015 21:45:00";"1";"0";"16";"0,74";"2097152";"59769";"2,85";"0";"3";"32";"0";"2"
"30.11.2015 21:50:00";"1";"0";"18";"0,81";"2097152";"61237";"2,92";"0";"3";"32";"0";"1"
"30.11.2015 21:55:00";"1";"0";"17";"0,78";"2097152";"62705";"2,99";"0";"3";"32";"0";"2"
"30.11.2015 22:00:00";"1";"0";"16";"0,73";"2097152";"69625";"3,32";"0";"3";"32";"0";"2"
"30.11.2015 22:05:00";"1";"0";"19";"0,85";"2097152";"76546";"3,65";"0";"4";"32";"0";"1"
"30.11.2015 22:10:00";"1";"0";"18";"0,8";"2097152";"48654";"2,32";"0";"3";"32";"0";"2"
"30.11.2015 22:15:00";"1";"0";"16";"0,74";"2097152";"58511";"2,79";"0";"3";"32";"0";"2"
"30.11.2015 22:20:00";"1";"0";"18";"0,81";"2097152";"87871";"4,19";"0";"3";"32";"0";"1"
"30.11.2015 22:25:00";"1";"0";"17";"0,8";"2097152";"108842";"5,19";"0";"3";"32";"0";"2"
"30.11.2015 22:30:00";"1";"0";"17";"0,78";"2097152";"66899";"3,19";"0";"3";"32";"0";"2"
"30.11.2015 22:35:00";"1";"0";"18";"0,81";"2097152";"63963";"3,05";"0";"3";"32";"0";"1"
"30.11.2015 22:40:00";"1";"0";"17";"0,79";"2097152";"89129";"4,25";"0";"3";"32";"0";"2"
"30.11.2015 22:45:00";"1";"0";"17";"0,76";"2097152";"72352";"3,45";"0";"3";"32";"0";"2"
"30.11.2015 22:50:00";"1";"0";"18";"0,82";"2097152";"63963";"3,05";"0";"3";"32";"0";"1"
"30.11.2015 22:55:00";"1";"0";"18";"0,82";"2097152";"78014";"3,72";"0";"3";"32";"0";"2"
"30.11.2015 23:00:00";"1";"0";"17";"0,78";"2097152";"105906";"5,05";"0";"3";"32";"0";"2"
"30.11.2015 23:05:00";"1";"0";"19";"0,85";"2097152";"78014";"3,72";"0";"3";"32";"0";"1"
"30.11.2015 23:10:00";"1";"0";"18";"0,8";"2097152";"63963";"3,05";"0";"3";"32";"0";"2"
"30.11.2015 23:15:00";"1";"0";"16";"0,75";"2097152";"61237";"2,92";"0";"3";"32";"0";"2"
"30.11.2015 23:20:00";"1";"0";"18";"0,81";"2097152";"58511";"2,79";"0";"3";"32";"0";"1"
"30.11.2015 23:25:00";"1";"0";"18";"0,81";"2097152";"58511";"2,79";"0";"3";"32";"0";"2"
"30.11.2015 23:30:00";"1";"0";"16";"0,74";"2097152";"62705";"2,99";"0";"3";"32";"0";"2"
"30.11.2015 23:35:00";"1";"0";"18";"0,82";"2097152";"79482";"3,79";"0";"3";"32";"0";"1"
"30.11.2015 23:40:00";"1";"0";"17";"0,79";"2097152";"72352";"3,45";"0";"3";"32";"0";"2"
"30.11.2015 23:45:00";"1";"0";"16";"0,74";"2097152";"71093";"3,39";"0";"3";"32";"0";"2"
"30.11.2015 23:50:00";"1";"0";"18";"0,83";"2097152";"78014";"3,72";"0";"3";"32";"0";"1"
"30.11.2015 23:55:00";"1";"0";"18";"0,82";"2097152";"72352";"3,45";"0";"4";"32";"0";"2"
"01.12.2015 00:00:00";"1";"0";"16";"0,73";"2097152";"68157";"3,25";"0";"4";"32";"0";"2"
"01.12.2015 00:05:00";"1";"0";"19";"0,88";"2097152";"119957";"5,72";"0";"4";"32";"0";"1"
"01.12.2015 00:10:00";"1";"0";"18";"0,82";"2097152";"79482";"3,79";"0";"3";"32";"0";"2"
"01.12.2015 00:15:00";"1";"0";"16";"0,75";"2097152";"66899";"3,19";"0";"3";"32";"0";"2"
"01.12.2015 00:20:00";"1";"0";"18";"0,81";"2097152";"50122";"2,39";"0";"3";"32";"0";"1"
"01.12.2015 00:25:00";"1";"0";"17";"0,8";"2097152";"58511";"2,79";"0";"3";"32";"0";"2"
"01.12.2015 00:30:00";"1";"0";"16";"0,73";"2097152";"62705";"2,99";"0";"3";"32";"0";"2"
"01.12.2015 00:35:00";"1";"0";"18";"0,81";"2097152";"94791";"4,52";"0";"3";"32";"0";"1"
"01.12.2015 00:40:00";"1";"0";"17";"0,78";"2097152";"92065";"4,39";"0";"3";"32";"0";"2"
"01.12.2015 00:45:00";"1";"0";"17";"0,78";"2097152";"72352";"3,45";"0";"3";"32";"0";"2"
"01.12.2015 00:50:00";"1";"0";"18";"0,85";"2097152";"94791";"4,52";"0";"4";"32";"0";"1"
"01.12.2015 00:55:00";"1";"0";"17";"0,78";"2097152";"71093";"3,39";"0";"3";"32";"0";"2"
"01.12.2015 01:00:00";"1";"0";"16";"0,75";"2097152";"62705";"2,99";"0";"3";"32";"0";"2"
"01.12.2015 01:05:00";"1";"0";"18";"0,84";"2097152";"54316";"2,59";"0";"4";"32";"0";"1"
"01.12.2015 01:10:00";"1";"0";"17";"0,78";"2097152";"50122";"2,39";"0";"3";"32";"0";"2"
"01.12.2015 01:15:00";"1";"0";"16";"0,74";"2097152";"76546";"3,65";"0";"3";"32";"0";"2"
"01.12.2015 01:20:00";"1";"0";"18";"0,81";"2097152";"84935";"4,05";"0";"3";"32";"0";"1"
"01.12.2015 01:25:00";"1";"0";"17";"0,78";"2097152";"68157";"3,25";"0";"3";"32";"0";"2"
"01.12.2015 01:30:00";"1";"0";"16";"0,73";"2097152";"55575";"2,65";"0";"3";"32";"0";"2"
"01.12.2015 01:35:00";"1";"0";"18";"0,81";"2097152";"69625";"3,32";"0";"3";"32";"0";"1"
"01.12.2015 01:40:00";"1";"0";"17";"0,8";"2097152";"84935";"4,05";"0";"3";"32";"0";"2"
"01.12.2015 01:45:00";"1";"0";"16";"0,74";"2097152";"83676";"3,99";"0";"3";"32";"0";"2"
"01.12.2015 01:50:00";"1";"0";"18";"0,81";"2097152";"92065";"4,39";"0";"3";"32";"0";"1"
"01.12.2015 01:55:00";"1";"0";"17";"0,78";"2097152";"55575";"2,65";"0";"3";"32";"0";"2"
"01.12.2015 02:00:00";"1";"0";"16";"0,75";"2097152";"71093";"3,39";"0";"3";"32";"0";"2"
"01.12.2015 02:05:00";"1";"0";"18";"0,83";"2097152";"75288";"3,59";"0";"4";"32";"0";"1"
"01.12.2015 02:10:00";"1";"0";"17";"0,8";"2097152";"86403";"4,12";"0";"3";"32";"0";"2"
"01.12.2015 02:15:00";"1";"0";"17";"0,76";"2097152";"108842";"5,19";"0";"3";"32";"0";"2"
"01.12.2015 02:20:00";"1";"0";"18";"0,81";"2097152";"62705";"2,99";"0";"3";"32";"0";"1"
"01.12.2015 02:25:00";"1";"0";"18";"0,8";"2097152";"75288";"3,59";"0";"3";"32";"0";"2"
"01.12.2015 02:30:00";"1";"0";"16";"0,73";"2097152";"80740";"3,85";"0";"3";"32";"0";"2"
"01.12.2015 02:35:00";"1";"0";"18";"0,82";"2097152";"75288";"3,59";"0";"4";"32";"0";"1"
"01.12.2015 02:40:00";"1";"0";"17";"0,78";"2097152";"62705";"2,99";"0";"3";"32";"0";"2"
"01.12.2015 02:45:00";"1";"0";"16";"0,74";"2097152";"113036";"5,39";"0";"3";"32";"0";"2"
"01.12.2015 02:50:00";"1";"0";"18";"0,82";"2097152";"87871";"4,19";"0";"3";"32";"0";"1"
"01.12.2015 02:55:00";"1";"0";"18";"0,8";"2097152";"84935";"4,05";"0";"3";"32";"0";"2"
"01.12.2015 03:00:00";"1";"0";"16";"0,76";"2097152";"100454";"4,79";"0";"3";"32";"0";"2"
"01.12.2015 03:05:00";"1";"0";"18";"0,82";"2097152";"90597";"4,32";"0";"4";"32";"0";"1"
"01.12.2015 03:10:00";"1";"0";"17";"0,78";"2097152";"92065";"4,39";"0";"3";"32";"0";"2"
"01.12.2015 03:15:00";"1";"0";"16";"0,75";"2097152";"71093";"3,39";"0";"3";"32";"0";"2"
"01.12.2015 03:20:00";"1";"0";"18";"0,84";"2097152";"108842";"5,19";"0";"3";"32";"0";"1"
"01.12.2015 03:25:00";"1";"0";"17";"0,77";"2097152";"146591";"6,99";"0";"3";"32";"0";"2"
"01.12.2015 03:30:00";"1";"0";"16";"0,74";"2097152";"45928";"2,19";"0";"3";"32";"0";"2"
"01.12.2015 03:35:00";"1";"0";"18";"0,82";"2097152";"75288";"3,59";"0";"3";"32";"0";"1"
"01.12.2015 03:40:00";"1";"0";"17";"0,77";"2097152";"65431";"3,12";"0";"3";"32";"0";"2"
"01.12.2015 03:45:00";"1";"0";"16";"0,73";"2097152";"92065";"4,39";"0";"3";"32";"0";"2"
"01.12.2015 03:50:00";"1";"0";"18";"0,81";"2097152";"86403";"4,12";"0";"3";"32";"0";"1"
"01.12.2015 03:55:00";"1";"0";"20";"0,9";"2097152";"96259";"4,59";"0";"15";"32";"0";"2"
"01.12.2015 04:00:00";"1";"0";"16";"0,73";"2097152";"62705";"2,99";"0";"3";"32";"0";"2"
"01.12.2015 04:05:00";"1";"0";"18";"0,81";"2097152";"66899";"3,19";"0";"4";"32";"0";"1"
"01.12.2015 04:10:00";"1";"0";"17";"0,78";"2097152";"79482";"3,79";"0";"3";"32";"0";"2"
"01.12.2015 04:15:00";"1";"0";"16";"0,73";"2097152";"54316";"2,59";"0";"3";"32";"0";"2"
"01.12.2015 04:20:00";"1";"0";"17";"0,8";"2097152";"71093";"3,39";"0";"3";"32";"0";"1"
"01.12.2015 04:25:00";"1";"0";"17";"0,78";"2097152";"57043";"2,72";"0";"4";"32";"0";"2"
"01.12.2015 04:30:00";"1";"0";"16";"0,75";"2097152";"89129";"4,25";"0";"3";"32";"0";"2"
"01.12.2015 04:35:00";"1";"0";"18";"0,83";"2097152";"62705";"2,99";"0";"3";"32";"0";"1"
"01.12.2015 04:40:00";"1";"0";"17";"0,78";"2097152";"83676";"3,99";"0";"3";"32";"0";"2"
"01.12.2015 04:45:00";"1";"0";"17";"0,76";"2097152";"108842";"5,19";"0";"3";"32";"0";"2"
"01.12.2015 04:50:00";"1";"0";"18";"0,82";"2097152";"71093";"3,39";"0";"3";"32";"0";"1"
"01.12.2015 04:55:00";"1";"0";"17";"0,79";"2097152";"65431";"3,12";"0";"3";"32";"0";"2"
"01.12.2015 05:00:00";"1";"0";"16";"0,73";"2097152";"96259";"4,59";"0";"3";"32";"0";"2"
"01.12.2015 05:05:00";"1";"0";"18";"0,82";"2097152";"83676";"3,99";"0";"4";"32";"0";"1"
"01.12.2015 05:10:00";"1";"0";"17";"0,78";"2097152";"83676";"3,99";"0";"3";"32";"0";"2"
"01.12.2015 05:15:00";"1";"0";"16";"0,74";"2097152";"57043";"2,72";"0";"3";"32";"0";"2"
"01.12.2015 05:20:00";"1";"0";"18";"0,81";"2097152";"79482";"3,79";"0";"3";"32";"0";"1"
"01.12.2015 05:25:00";"1";"0";"17";"0,78";"2097152";"68157";"3,25";"0";"3";"32";"0";"2"
"01.12.2015 05:30:00";"1";"0";"16";"0,72";"2097152";"86403";"4,12";"0";"3";"32";"0";"2"
"01.12.2015 05:35:00";"1";"0";"18";"0,8";"2097152";"66899";"3,19";"0";"3";"32";"0";"1"
"01.12.2015 05:40:00";"1";"0";"17";"0,77";"2097152";"55575";"2,65";"0";"3";"32";"0";"2"
"01.12.2015 05:45:00";"1";"0";"16";"0,73";"2097152";"57043";"2,72";"0";"3";"32";"0";"2"
"01.12.2015 05:50:00";"1";"0";"18";"0,81";"2097152";"75288";"3,59";"0";"3";"32";"0";"1"
"01.12.2015 05:55:00";"1";"0";"17";"0,78";"2097152";"62705";"2,99";"0";"3";"32";"0";"2"
"01.12.2015 06:00:00";"1";"0";"16";"0,74";"2097152";"72352";"3,45";"0";"3";"32";"0";"2"
"01.12.2015 06:05:00";"1";"0";"18";"0,83";"2097152";"66899";"3,19";"0";"4";"32";"0";"1"
"01.12.2015 06:10:00";"1";"0";"17";"0,79";"2097152";"58511";"2,79";"0";"3";"32";"0";"2"
"01.12.2015 06:15:00";"1";"0";"16";"0,74";"2097152";"48654";"2,32";"0";"3";"32";"0";"2"
"01.12.2015 06:20:00";"1";"0";"18";"0,8";"2097152";"50122";"2,39";"0";"3";"32";"0";"1"
"01.12.2015 06:25:00";"1";"0";"17";"0,8";"2097152";"45928";"2,19";"0";"3";"32";"0";"2"
"01.12.2015 06:30:00";"1";"0";"16";"0,73";"2097152";"54316";"2,59";"0";"3";"32";"0";"2"
"01.12.2015 06:35:00";"1";"0";"18";"0,82";"2097152";"44460";"2,12";"0";"3";"32";"0";"1"
"01.12.2015 06:40:00";"1";"0";"17";"0,78";"2097152";"66899";"3,19";"0";"3";"32";"0";"2"
"01.12.2015 06:45:00";"1";"0";"16";"0,74";"2097152";"83676";"3,99";"0";"3";"32";"0";"2"
"01.12.2015 06:50:00";"1";"0";"18";"0,81";"2097152";"55575";"2,65";"0";"3";"32";"0";"1"
"01.12.2015 06:55:00";"1";"0";"17";"0,78";"2097152";"83676";"3,99";"0";"4";"32";"0";"2"
"01.12.2015 07:00:00";"1";"0";"16";"0,73";"2097152";"104648";"4,99";"0";"3";"32";"0";"2"
"01.12.2015 07:05:00";"1";"0";"18";"0,82";"2097152";"71093";"3,39";"0";"4";"32";"0";"1"
"01.12.2015 07:10:00";"1";"0";"17";"0,78";"2097152";"80740";"3,85";"0";"3";"32";"0";"2"
"01.12.2015 07:15:00";"1";"0";"16";"0,75";"2097152";"92065";"4,39";"0";"3";"32";"0";"2"
"01.12.2015 07:20:00";"1";"0";"18";"0,8";"2097152";"80740";"3,85";"0";"3";"32";"0";"1"
"01.12.2015 07:25:00";"1";"0";"17";"0,78";"2097152";"104648";"4,99";"0";"4";"32";"0";"2"
"01.12.2015 07:30:00";"1";"0";"16";"0,74";"2097152";"75288";"3,59";"0";"3";"32";"0";"2"
"01.12.2015 07:35:00";"1";"0";"18";"0,81";"2097152";"71093";"3,39";"0";"3";"32";"0";"1"
"01.12.2015 07:40:00";"1";"0";"17";"0,78";"2097152";"65431";"3,12";"0";"3";"32";"0";"2"
"01.12.2015 07:45:00";"1";"0";"16";"0,73";"2097152";"76546";"3,65";"0";"3";"32";"0";"2"
"01.12.2015 07:50:00";"1";"0";"18";"0,8";"2097152";"59769";"2,85";"0";"4";"32";"0";"1"
"01.12.2015 07:55:00";"1";"0";"17";"0,79";"2097152";"42992";"2,05";"0";"4";"32";"0";"2"
"01.12.2015 08:00:00";"1";"0";"16";"0,71";"2097152";"79482";"3,79";"0";"3";"32";"0";"2"
"01.12.2015 08:05:00";"1";"0";"18";"0,82";"2097152";"52848";"2,52";"0";"4";"32";"0";"1"
"01.12.2015 08:10:00";"1";"0";"17";"0,79";"2097152";"84935";"4,05";"0";"3";"32";"0";"2"
"01.12.2015 08:15:00";"1";"0";"18";"0,84";"2097152";"59769";"2,85";"0";"3";"32";"0";"1"
"01.12.2015 08:20:00";"1";"0";"17";"0,75";"2097152";"63963";"3,05";"0";"3";"32";"0";"2"
"01.12.2015 08:25:00";"1";"0";"16";"0,72";"2097152";"78014";"3,72";"0";"3";"32";"0";"2"
"01.12.2015 08:30:00";"1";"0";"19";"0,88";"2097152";"80740";"3,85";"0";"3";"32";"1";"1"
"01.12.2015 08:35:00";"1";"0";"16";"0,74";"2097152";"82208";"3,92";"0";"3";"32";"0";"2"
"01.12.2015 08:40:00";"1";"0";"16";"0,76";"2097152";"57043";"2,72";"0";"3";"32";"0";"2"
"01.12.2015 08:45:00";"1";"0";"19";"0,87";"2097152";"86403";"4,12";"0";"3";"32";"0";"2"
"01.12.2015 08:50:00";"1";"0";"16";"0,73";"2097152";"82208";"3,92";"0";"3";"32";"0";"1"
"01.12.2015 08:55:00";"1";"0";"16";"0,74";"2097152";"82208";"3,92";"0";"3";"32";"0";"2"
"01.12.2015 09:00:00";"1";"0";"18";"0,84";"2097152";"78014";"3,72";"0";"3";"32";"0";"2"
"01.12.2015 09:05:00";"1";"0";"16";"0,75";"2097152";"78014";"3,72";"0";"3";"32";"0";"1"
"01.12.2015 09:10:00";"1";"0";"16";"0,73";"2097152";"54316";"2,59";"0";"3";"32";"0";"2"
"01.12.2015 09:15:00";"1";"0";"19";"0,88";"2097152";"63963";"3,05";"0";"3";"32";"0";"2"
"01.12.2015 09:20:00";"1";"0";"17";"0,76";"2097152";"76546";"3,65";"0";"3";"32";"0";"1"
"01.12.2015 09:25:00";"1";"0";"16";"0,74";"2097152";"92065";"4,39";"0";"4";"32";"0";"2"
"01.12.2015 09:30:00";"1";"0";"19";"0,85";"2097152";"84935";"4,05";"0";"3";"32";"0";"2"
"01.12.2015 09:35:00";"1";"0";"16";"0,74";"2097152";"69625";"3,32";"0";"3";"32";"0";"1"
"01.12.2015 09:40:00";"1";"0";"17";"0,77";"2097152";"66899";"3,19";"0";"3";"32";"0";"2"
"01.12.2015 09:45:00";"1";"0";"19";"0,86";"2097152";"66899";"3,19";"0";"3";"32";"0";"2"
"01.12.2015 09:50:00";"1";"0";"16";"0,75";"2097152";"98986";"4,72";"0";"3";"32";"0";"1"
"01.12.2015 09:55:00";"1";"0";"17";"0,76";"2097152";"61237";"2,92";"0";"3";"32";"0";"2"
"01.12.2015 10:00:00";"1";"0";"19";"0,87";"2097152";"42992";"2,05";"0";"3";"32";"0";"2"
"01.12.2015 10:05:00";"1";"0";"17";"0,76";"2097152";"72352";"3,45";"0";"3";"32";"0";"1"
"01.12.2015 10:10:00";"1";"0";"16";"0,74";"2097152";"52848";"2,52";"0";"3";"32";"0";"2"
"01.12.2015 10:15:00";"1";"0";"19";"0,89";"2097152";"87871";"4,19";"0";"3";"32";"0";"2"
"01.12.2015 10:20:00";"1";"0";"16";"0,75";"2097152";"101712";"4,85";"0";"3";"32";"0";"1"
"01.12.2015 10:25:00";"1";"0";"16";"0,75";"2097152";"93323";"4,45";"0";"3";"32";"0";"2"
"01.12.2015 10:30:00";"1";"0";"19";"0,86";"2097152";"48654";"2,32";"0";"3";"32";"0";"2"
"01.12.2015 10:35:00";"1";"0";"17";"0,75";"2097152";"61237";"2,92";"0";"3";"32";"0";"1"
"01.12.2015 10:40:00";"1";"0";"16";"0,73";"2097152";"82208";"3,92";"0";"3";"32";"0";"2"
"01.12.2015 10:45:00";"1";"0";"19";"0,87";"2097152";"78014";"3,72";"0";"3";"32";"0";"2"
"01.12.2015 10:50:00";"1";"0";"16";"0,75";"2097152";"111568";"5,32";"0";"3";"32";"0";"1"
"01.12.2015 10:55:00";"1";"0";"16";"0,75";"2097152";"98986";"4,72";"0";"3";"32";"0";"2"
"01.12.2015 11:00:00";"1";"0";"19";"0,86";"2097152";"87871";"4,19";"0";"3";"32";"0";"2"
"01.12.2015 11:05:00";"1";"0";"17";"0,77";"2097152";"73820";"3,52";"0";"4";"32";"0";"1"
"01.12.2015 11:10:00";"1";"0";"16";"0,75";"2097152";"63963";"3,05";"0";"3";"32";"0";"2"
"01.12.2015 11:15:00";"1";"0";"19";"0,85";"2097152";"65431";"3,12";"0";"3";"32";"0";"2"
"01.12.2015 11:20:00";"1";"0";"16";"0,75";"2097152";"93323";"4,45";"0";"3";"32";"0";"1"
"01.12.2015 11:25:00";"1";"0";"16";"0,75";"2097152";"72352";"3,45";"0";"3";"32";"0";"2"
"01.12.2015 11:30:00";"1";"0";"19";"0,85";"2097152";"98986";"4,72";"1";"11";"32";"0";"2"
"01.12.2015 11:35:00";"1";"0";"17";"0,76";"2097152";"73820";"3,52";"0";"3";"32";"0";"1"
"01.12.2015 11:40:00";"1";"0";"16";"0,74";"2097152";"65431";"3,12";"0";"3";"32";"0";"2"
"01.12.2015 11:45:00";"1";"0";"19";"0,86";"2097152";"90597";"4,32";"0";"4";"32";"0";"2"
"01.12.2015 11:50:00";"1";"0";"17";"0,76";"2097152";"110100";"5,25";"0";"3";"32";"0";"1"
"01.12.2015 11:55:00";"1";"0";"17";"0,76";"2097152";"90597";"4,32";"0";"3";"32";"0";"2"
"01.12.2015 12:00:00";"1";"0";"19";"0,85";"2097152";"86403";"4,12";"0";"3";"32";"0";"2"
"01.12.2015 12:05:00";"1";"0";"17";"0,77";"2097152";"90597";"4,32";"2";"4";"32";"0";"1"
"01.12.2015 12:10:00";"1";"0";"17";"0,77";"2097152";"72352";"3,45";"0";"3";"32";"0";"2"
"01.12.2015 12:15:00";"1";"0";"19";"0,85";"2097152";"78014";"3,72";"0";"3";"32";"0";"2"
"01.12.2015 12:20:00";"1";"0";"16";"0,74";"2097152";"96259";"4,59";"0";"3";"32";"0";"1"
"01.12.2015 12:25:00";"1";"0";"16";"0,75";"2097152";"92065";"4,39";"0";"3";"32";"0";"2"
"01.12.2015 12:30:00";"1";"0";"19";"0,88";"2097152";"71093";"3,39";"0";"3";"32";"0";"2"
"01.12.2015 12:35:00";"1";"0";"17";"0,76";"2097152";"97518";"4,65";"0";"3";"32";"0";"1"
"01.12.2015 12:40:00";"1";"0";"17";"0,77";"2097152";"129814";"6,19";"0";"3";"32";"0";"2"
"01.12.2015 12:45:00";"1";"0";"16";"0,75";"2097152";"96259";"4,59";"0";"3";"32";"0";"2"
"01.12.2015 12:50:00";"1";"0";"18";"0,82";"2097152";"79482";"3,79";"0";"3";"32";"0";"2"
"01.12.2015 12:55:00";"1";"0";"18";"0,82";"2097152";"84935";"4,05";"0";"3";"32";"0";"2"
"01.12.2015 13:00:00";"1";"0";"16";"0,74";"2097152";"98986";"4,72";"0";"3";"32";"0";"2"
"01.12.2015 13:05:00";"1";"0";"18";"0,81";"2097152";"97518";"4,65";"0";"3";"32";"0";"2"
"01.12.2015 13:10:00";"1";"0";"18";"0,82";"2097152";"86403";"4,12";"0";"3";"32";"0";"2"
"01.12.2015 13:15:00";"1";"0";"19";"0,86";"2097152";"75288";"3,59";"0";"4";"32";"0";"2"
"01.12.2015 13:20:00";"1";"0";"17";"0,76";"2097152";"59769";"2,85";"0";"3";"32";"0";"1"
"01.12.2015 13:25:00";"1";"0";"16";"0,74";"2097152";"65431";"3,12";"0";"3";"32";"0";"2"
"01.12.2015 13:30:00";"1";"0";"19";"0,86";"2097152";"66899";"3,19";"0";"3";"32";"0";"2"
"01.12.2015 13:35:00";"1";"0";"17";"0,77";"2097152";"84935";"4,05";"0";"3";"32";"0";"1"
"01.12.2015 13:40:00";"1";"0";"16";"0,73";"2097152";"80740";"3,85";"0";"3";"32";"0";"2"
"01.12.2015 13:45:00";"1";"0";"19";"0,86";"2097152";"97518";"4,65";"0";"3";"32";"0";"2"
"01.12.2015 13:50:00";"1";"0";"16";"0,75";"2097152";"105906";"5,05";"0";"3";"32";"0";"1"
"01.12.2015 13:55:00";"1";"0";"16";"0,74";"2097152";"96259";"4,59";"0";"3";"32";"0";"2"
"01.12.2015 14:00:00";"1";"0";"19";"0,86";"2097152";"111568";"5,32";"0";"3";"32";"0";"2"
"01.12.2015 14:05:00";"1";"0";"17";"0,76";"2097152";"105906";"5,05";"0";"3";"32";"0";"1"
"01.12.2015 14:10:00";"1";"0";"16";"0,73";"2097152";"90597";"4,32";"0";"3";"32";"0";"2"
"01.12.2015 14:15:00";"1";"0";"19";"0,86";"2097152";"93323";"4,45";"0";"3";"32";"0";"2"
"01.12.2015 14:20:00";"1";"0";"16";"0,75";"2097152";"79482";"3,79";"0";"3";"32";"0";"1"
"01.12.2015 14:25:00";"1";"0";"16";"0,74";"2097152";"101712";"4,85";"0";"3";"32";"0";"2"
"01.12.2015 14:30:00";"1";"0";"19";"0,85";"2097152";"71093";"3,39";"0";"3";"32";"0";"2"
"01.12.2015 14:35:00";"1";"0";"17";"0,76";"2097152";"98986";"4,72";"0";"3";"32";"0";"1"
"01.12.2015 14:40:00";"1";"0";"16";"0,74";"2097152";"124151";"5,92";"0";"3";"32";"0";"2"
"01.12.2015 14:45:00";"1";"0";"19";"0,85";"2097152";"83676";"3,99";"0";"3";"32";"0";"2"
"01.12.2015 14:50:00";"1";"0";"16";"0,75";"2097152";"131072";"6,25";"0";"3";"32";"0";"1"
"01.12.2015 14:55:00";"1";"0";"16";"0,74";"2097152";"132540";"6,32";"0";"3";"32";"0";"2"
"01.12.2015 15:00:00";"1";"0";"19";"0,86";"2097152";"87871";"4,19";"0";"3";"32";"0";"2"
"01.12.2015 15:05:00";"1";"0";"17";"0,78";"2097152";"96259";"4,59";"0";"3";"32";"0";"1"
"01.12.2015 15:10:00";"1";"0";"16";"0,74";"2097152";"75288";"3,59";"0";"3";"32";"0";"2"
"01.12.2015 15:15:00";"1";"0";"19";"0,86";"2097152";"161900";"7,72";"0";"3";"32";"0";"2"
"01.12.2015 15:20:00";"1";"0";"16";"0,74";"2097152";"129814";"6,19";"0";"3";"32";"0";"1"
"01.12.2015 15:25:00";"1";"0";"16";"0,74";"2097152";"75288";"3,59";"0";"3";"32";"0";"2"
"01.12.2015 15:30:00";"1";"0";"19";"0,86";"2097152";"82208";"3,92";"0";"3";"32";"0";"2"
"01.12.2015 15:35:00";"1";"0";"16";"0,75";"2097152";"79482";"3,79";"0";"3";"32";"0";"1"
"01.12.2015 15:40:00";"1";"0";"16";"0,74";"2097152";"96259";"4,59";"0";"3";"32";"0";"2"
"01.12.2015 15:45:00";"1";"0";"19";"0,86";"2097152";"83676";"3,99";"0";"3";"32";"0";"2"
"01.12.2015 15:50:00";"1";"0";"16";"0,74";"2097152";"100454";"4,79";"0";"3";"32";"0";"1"
"01.12.2015 15:55:00";"1";"0";"16";"0,74";"2097152";"58511";"2,79";"0";"3";"32";"0";"2"
"01.12.2015 16:00:00";"1";"0";"18";"0,85";"2097152";"75288";"3,59";"0";"3";"32";"0";"2"
"01.12.2015 16:05:00";"1";"0";"17";"0,78";"2097152";"66899";"3,19";"0";"3";"32";"0";"1"
"01.12.2015 16:10:00";"1";"0";"16";"0,75";"2097152";"62705";"2,99";"0";"3";"32";"0";"2"
"01.12.2015 16:15:00";"1";"0";"20";"0,89";"2097152";"199649";"9,52";"0";"3";"32";"0";"2"
"01.12.2015 16:20:00";"1";"0";"17";"0,76";"2097152";"108842";"5,19";"0";"3";"32";"0";"1"
"01.12.2015 16:25:00";"1";"0";"17";"0,77";"2097152";"75288";"3,59";"0";"3";"32";"0";"2"
"01.12.2015 16:30:00";"1";"0";"19";"0,87";"2097152";"66899";"3,19";"0";"3";"32";"0";"2"
"01.12.2015 16:35:00";"1";"0";"16";"0,74";"2097152";"58511";"2,79";"0";"3";"32";"0";"1"
"01.12.2015 16:40:00";"1";"0";"16";"0,73";"2097152";"71093";"3,39";"0";"3";"32";"0";"2"
"01.12.2015 16:45:00";"1";"0";"19";"0,86";"2097152";"83676";"3,99";"0";"3";"32";"0";"2"
"01.12.2015 16:50:00";"1";"0";"16";"0,75";"2097152";"108842";"5,19";"0";"3";"32";"0";"1"
"01.12.2015 16:55:00";"1";"0";"16";"0,74";"2097152";"104648";"4,99";"0";"3";"32";"0";"2"
"01.12.2015 17:00:00";"1";"0";"19";"0,87";"2097152";"83676";"3,99";"0";"3";"32";"0";"2"
"01.12.2015 17:05:00";"1";"0";"17";"0,79";"2097152";"75288";"3,59";"0";"4";"32";"0";"1"
"01.12.2015 17:10:00";"1";"0";"16";"0,75";"2097152";"80740";"3,85";"0";"3";"32";"0";"2"
"01.12.2015 17:15:00";"1";"0";"19";"0,85";"2097152";"75288";"3,59";"0";"3";"32";"0";"2"
"01.12.2015 17:20:00";"1";"0";"16";"0,75";"2097152";"110100";"5,25";"0";"3";"32";"0";"1"
"01.12.2015 17:25:00";"1";"0";"16";"0,74";"2097152";"134008";"6,39";"0";"3";"32";"0";"2"
"01.12.2015 17:30:00";"1";"0";"19";"0,87";"2097152";"84935";"4,05";"0";"3";"32";"0";"2"
"01.12.2015 17:35:00";"1";"0";"17";"0,77";"2097152";"71093";"3,39";"0";"3";"32";"0";"1"
"01.12.2015 17:40:00";"1";"0";"17";"0,77";"2097152";"71093";"3,39";"0";"3";"32";"0";"2"
"01.12.2015 17:45:00";"1";"0";"19";"0,87";"2097152";"104648";"4,99";"0";"3";"32";"0";"2"
"01.12.2015 17:50:00";"1";"0";"16";"0,74";"2097152";"83676";"3,99";"0";"3";"32";"0";"1"
"01.12.2015 17:55:00";"1";"0";"16";"0,74";"2097152";"71093";"3,39";"0";"3";"32";"0";"2"
"01.12.2015 18:00:00";"1";"0";"19";"0,87";"2097152";"92065";"4,39";"0";"3";"32";"0";"2"
"01.12.2015 18:05:00";"1";"0";"17";"0,79";"2097152";"71093";"3,39";"0";"3";"32";"0";"1"
"01.12.2015 18:10:00";"1";"0";"16";"0,74";"2097152";"45928";"2,19";"0";"3";"32";"0";"2"
"01.12.2015 18:15:00";"1";"0";"19";"0,85";"2097152";"62705";"2,99";"0";"3";"32";"0";"2"
"01.12.2015 18:20:00";"1";"0";"16";"0,75";"2097152";"54316";"2,59";"0";"3";"32";"0";"1"
"01.12.2015 18:25:00";"1";"0";"16";"0,74";"2097152";"79482";"3,79";"0";"3";"32";"0";"2"
"01.12.2015 18:30:00";"1";"0";"19";"0,85";"2097152";"89129";"4,25";"0";"3";"32";"0";"2"
"01.12.2015 18:35:00";"1";"0";"16";"0,74";"2097152";"92065";"4,39";"0";"3";"32";"0";"1"
"01.12.2015 18:40:00";"1";"0";"16";"0,74";"2097152";"92065";"4,39";"0";"3";"32";"0";"2"
"01.12.2015 18:45:00";"1";"0";"19";"0,86";"2097152";"96259";"4,59";"0";"3";"32";"0";"2"
"01.12.2015 18:50:00";"1";"0";"16";"0,75";"2097152";"75288";"3,59";"0";"3";"32";"0";"1"
"01.12.2015 18:55:00";"1";"0";"16";"0,74";"2097152";"69625";"3,32";"0";"3";"32";"0";"2"
"01.12.2015 19:00:00";"1";"0";"19";"0,86";"2097152";"86403";"4,12";"0";"3";"32";"0";"2"
"01.12.2015 19:05:00";"1";"0";"16";"0,75";"2097152";"71093";"3,39";"0";"3";"32";"0";"1"
"01.12.2015 19:10:00";"1";"0";"16";"0,74";"2097152";"79482";"3,79";"0";"3";"32";"0";"2"
"01.12.2015 19:15:00";"1";"0";"19";"0,86";"2097152";"107374";"5,12";"0";"3";"32";"0";"2"
"01.12.2015 19:20:00";"1";"0";"17";"0,76";"2097152";"100454";"4,79";"0";"3";"32";"0";"1"
"01.12.2015 19:25:00";"1";"0";"16";"0,74";"2097152";"62705";"2,99";"0";"3";"32";"0";"2"
"01.12.2015 19:30:00";"1";"0";"19";"0,87";"2097152";"87871";"4,19";"0";"3";"32";"0";"2"
"01.12.2015 19:35:00";"1";"0";"17";"0,76";"2097152";"83676";"3,99";"0";"3";"32";"0";"1"
"01.12.2015 19:40:00";"1";"0";"16";"0,73";"2097152";"75288";"3,59";"0";"3";"32";"0";"2"
"01.12.2015 19:45:00";"1";"0";"19";"0,86";"2097152";"76546";"3,65";"0";"3";"32";"0";"2"
"01.12.2015 19:50:00";"1";"0";"16";"0,75";"2097152";"75288";"3,59";"0";"3";"32";"0";"1"
"01.12.2015 19:55:00";"1";"0";"16";"0,74";"2097152";"96259";"4,59";"0";"3";"32";"0";"2"
"01.12.2015 20:00:00";"1";"0";"19";"0,88";"2097152";"83676";"3,99";"0";"3";"32";"0";"2"
"01.12.2015 20:05:00";"1";"0";"16";"0,76";"2097152";"104648";"4,99";"0";"3";"32";"0";"1"
"01.12.2015 20:10:00";"1";"0";"16";"0,73";"2097152";"83676";"3,99";"0";"3";"32";"0";"2"
"01.12.2015 20:15:00";"1";"0";"19";"0,85";"2097152";"75288";"3,59";"0";"3";"32";"0";"2"
"01.12.2015 20:20:00";"1";"0";"16";"0,75";"2097152";"62705";"2,99";"0";"3";"32";"0";"1"
"01.12.2015 20:25:00";"1";"0";"16";"0,74";"2097152";"87871";"4,19";"0";"3";"32";"0";"2"
"01.12.2015 20:30:00";"1";"0";"19";"0,85";"2097152";"87871";"4,19";"0";"3";"32";"0";"2"
"01.12.2015 20:35:00";"1";"0";"17";"0,76";"2097152";"87871";"4,19";"0";"3";"32";"0";"1"
"01.12.2015 20:40:00";"1";"0";"16";"0,73";"2097152";"96259";"4,59";"0";"3";"32";"0";"2"
"01.12.2015 20:45:00";"1";"0";"19";"0,86";"2097152";"63963";"3,05";"0";"3";"32";"0";"2"
"01.12.2015 20:50:00";"1";"0";"17";"0,77";"2097152";"58511";"2,79";"0";"3";"32";"0";"1"
"01.12.2015 20:55:00";"1";"0";"16";"0,73";"2097152";"61237";"2,92";"0";"3";"32";"0";"2"
"01.12.2015 21:00:00";"1";"0";"19";"0,87";"2097152";"63963";"3,05";"0";"3";"32";"0";"2"
"01.12.2015 21:05:00";"1";"0";"17";"0,77";"2097152";"71093";"3,39";"0";"3";"32";"0";"1"
"01.12.2015 21:10:00";"1";"0";"16";"0,74";"2097152";"78014";"3,72";"0";"3";"32";"0";"2"
"01.12.2015 21:15:00";"1";"0";"19";"0,88";"2097152";"117231";"5,59";"0";"3";"32";"0";"2"
"01.12.2015 21:20:00";"1";"0";"16";"0,75";"2097152";"101712";"4,85";"0";"3";"32";"0";"1"
"01.12.2015 21:25:00";"1";"0";"16";"0,75";"2097152";"94791";"4,52";"0";"3";"32";"0";"2"
"01.12.2015 21:30:00";"1";"0";"18";"0,84";"2097152";"104648";"4,99";"0";"3";"32";"0";"2"
"01.12.2015 21:35:00";"1";"0";"16";"0,74";"2097152";"80740";"3,85";"0";"3";"32";"0";"1"
"01.12.2015 21:40:00";"1";"0";"16";"0,73";"2097152";"93323";"4,45";"0";"3";"32";"0";"2"
"01.12.2015 21:45:00";"1";"0";"16";"0,75";"2097152";"83676";"3,99";"0";"3";"32";"0";"2"
"01.12.2015 21:50:00";"1";"0";"16";"0,75";"2097152";"78014";"3,72";"0";"3";"32";"0";"2"
"01.12.2015 21:55:00";"1";"0";"19";"0,86";"2097152";"71093";"3,39";"0";"3";"32";"0";"2"
"01.12.2015 22:00:00";"1";"0";"16";"0,73";"2097152";"71093";"3,39";"0";"3";"32";"0";"2"
"01.12.2015 22:05:00";"1";"0";"17";"0,8";"2097152";"63963";"3,05";"0";"4";"32";"0";"2"
"01.12.2015 22:10:00";"1";"0";"19";"0,87";"2097152";"72352";"3,45";"0";"3";"32";"0";"2"
"01.12.2015 22:15:00";"1";"0";"16";"0,75";"2097152";"62705";"2,99";"0";"3";"32";"0";"2"
"01.12.2015 22:20:00";"1";"0";"16";"0,75";"2097152";"90597";"4,32";"0";"3";"32";"0";"2"
"01.12.2015 22:25:00";"1";"0";"19";"0,87";"2097152";"96259";"4,59";"0";"3";"32";"0";"2"
"01.12.2015 22:30:00";"1";"0";"17";"0,76";"2097152";"100454";"4,79";"0";"3";"32";"0";"2"
"01.12.2015 22:35:00";"1";"0";"16";"0,76";"2097152";"83676";"3,99";"0";"3";"32";"0";"2"
"01.12.2015 22:40:00";"1";"0";"19";"0,87";"2097152";"79482";"3,79";"0";"3";"32";"0";"2"
"01.12.2015 22:45:00";"1";"0";"17";"0,76";"2097152";"78014";"3,72";"0";"3";"32";"0";"2"
"01.12.2015 22:50:00";"1";"0";"17";"0,77";"2097152";"108842";"5,19";"0";"3";"32";"0";"2"
"01.12.2015 22:55:00";"1";"0";"19";"0,87";"2097152";"75288";"3,59";"0";"3";"32";"0";"2"
"01.12.2015 23:00:00";"1";"0";"17";"0,76";"2097152";"98986";"4,72";"0";"3";"32";"0";"2"
"01.12.2015 23:05:00";"1";"0";"17";"0,78";"2097152";"100454";"4,79";"0";"3";"32";"0";"2"
"01.12.2015 23:10:00";"1";"0";"19";"0,88";"2097152";"96259";"4,59";"0";"3";"32";"0";"2"
"01.12.2015 23:15:00";"1";"0";"16";"0,75";"2097152";"79482";"3,79";"0";"3";"32";"0";"2"
"01.12.2015 23:20:00";"1";"0";"16";"0,75";"2097152";"82208";"3,92";"0";"3";"32";"0";"2"
"01.12.2015 23:25:00";"1";"0";"19";"0,85";"2097152";"62705";"2,99";"0";"3";"32";"0";"2"
"01.12.2015 23:30:00";"1";"0";"16";"0,73";"2097152";"75288";"3,59";"0";"3";"32";"0";"2"
"01.12.2015 23:35:00";"1";"0";"16";"0,75";"2097152";"71093";"3,39";"0";"3";"32";"0";"2"
"01.12.2015 23:40:00";"1";"0";"19";"0,85";"2097152";"92065";"4,39";"0";"3";"32";"0";"2"
"01.12.2015 23:45:00";"1";"0";"16";"0,75";"2097152";"66899";"3,19";"0";"3";"32";"0";"2"
"01.12.2015 23:50:00";"1";"0";"17";"0,77";"2097152";"45928";"2,19";"0";"3";"32";"0";"2"
"01.12.2015 23:55:00";"1";"0";"19";"0,87";"2097152";"69625";"3,32";"0";"3";"32";"0";"2"
"02.12.2015 00:00:00";"1";"0";"16";"0,73";"2097152";"87871";"4,19";"0";"4";"32";"0";"2"
"02.12.2015 00:05:00";"1";"0";"18";"0,82";"2097152";"75288";"3,59";"0";"4";"32";"0";"2"
"02.12.2015 00:10:00";"1";"0";"19";"0,86";"2097152";"59769";"2,85";"0";"3";"32";"0";"2"
"02.12.2015 00:15:00";"1";"0";"16";"0,74";"2097152";"59769";"2,85";"0";"3";"32";"0";"2"
"02.12.2015 00:20:00";"1";"0";"16";"0,74";"2097152";"61237";"2,92";"0";"3";"32";"0";"2"
"02.12.2015 00:25:00";"1";"0";"19";"0,87";"2097152";"61237";"2,92";"0";"3";"32";"0";"2"
"02.12.2015 00:30:00";"1";"0";"16";"0,74";"2097152";"79482";"3,79";"0";"3";"32";"0";"2"
"02.12.2015 00:35:00";"1";"0";"16";"0,75";"2097152";"96259";"4,59";"0";"3";"32";"0";"2"
"02.12.2015 00:40:00";"1";"0";"19";"0,85";"2097152";"66899";"3,19";"0";"3";"32";"0";"2"
"02.12.2015 00:45:00";"1";"0";"16";"0,73";"2097152";"69625";"3,32";"0";"3";"32";"0";"2"
"02.12.2015 00:50:00";"1";"0";"17";"0,78";"2097152";"75288";"3,59";"0";"3";"32";"0";"2"
"02.12.2015 00:55:00";"1";"0";"19";"0,88";"2097152";"73820";"3,52";"0";"3";"32";"0";"2"
"02.12.2015 01:00:00";"1";"0";"17";"0,76";"2097152";"76546";"3,65";"0";"3";"32";"0";"2"
"02.12.2015 01:05:00";"1";"0";"17";"0,77";"2097152";"96259";"4,59";"0";"3";"32";"0";"2"
"02.12.2015 01:10:00";"1";"0";"19";"0,86";"2097152";"90597";"4,32";"0";"3";"32";"0";"2"
"02.12.2015 01:15:00";"1";"0";"16";"0,74";"2097152";"83676";"3,99";"0";"3";"32";"0";"2"
"02.12.2015 01:20:00";"1";"0";"16";"0,74";"2097152";"72352";"3,45";"0";"3";"32";"0";"2"
"02.12.2015 01:25:00";"1";"0";"19";"0,86";"2097152";"75288";"3,59";"0";"3";"32";"0";"2"
"02.12.2015 01:30:00";"1";"0";"16";"0,73";"2097152";"58511";"2,79";"0";"3";"32";"0";"2"
"02.12.2015 01:35:00";"1";"0";"17";"0,76";"2097152";"68157";"3,25";"0";"3";"32";"0";"2"
"02.12.2015 01:40:00";"1";"0";"19";"0,85";"2097152";"80740";"3,85";"0";"3";"32";"0";"2"
"02.12.2015 01:45:00";"1";"0";"16";"0,74";"2097152";"92065";"4,39";"0";"3";"32";"0";"2"
"02.12.2015 01:50:00";"1";"0";"16";"0,75";"2097152";"105906";"5,05";"0";"3";"32";"0";"2"
"02.12.2015 01:55:00";"1";"0";"19";"0,85";"2097152";"93323";"4,45";"0";"3";"32";"0";"2"
"02.12.2015 02:00:00";"1";"0";"17";"0,76";"2097152";"111568";"5,32";"0";"3";"32";"0";"2"
"02.12.2015 02:05:00";"1";"0";"16";"0,75";"2097152";"87871";"4,19";"0";"4";"32";"0";"2"
"02.12.2015 02:10:00";"1";"0";"19";"0,88";"2097152";"96259";"4,59";"0";"3";"32";"0";"2"
"02.12.2015 02:15:00";"1";"0";"16";"0,73";"2097152";"71093";"3,39";"0";"3";"32";"0";"2"
"02.12.2015 02:20:00";"1";"0";"16";"0,74";"2097152";"125619";"5,99";"0";"3";"32";"0";"2"
"02.12.2015 02:25:00";"1";"0";"19";"0,86";"2097152";"92065";"4,39";"0";"3";"32";"0";"2"
"02.12.2015 02:30:00";"1";"0";"16";"0,73";"2097152";"87871";"4,19";"0";"3";"32";"0";"2"
"02.12.2015 02:35:00";"1";"0";"17";"0,77";"2097152";"83676";"3,99";"0";"3";"32";"0";"2"
"02.12.2015 02:40:00";"1";"0";"19";"0,87";"2097152";"93323";"4,45";"0";"3";"32";"0";"2"
"02.12.2015 02:45:00";"1";"0";"16";"0,75";"2097152";"103180";"4,92";"0";"3";"32";"0";"2"
"02.12.2015 02:50:00";"1";"0";"16";"0,75";"2097152";"87871";"4,19";"0";"3";"32";"0";"2"
"02.12.2015 02:55:00";"1";"0";"18";"0,84";"2097152";"93323";"4,45";"0";"3";"32";"0";"2"
"02.12.2015 03:00:00";"1";"0";"16";"0,73";"2097152";"94791";"4,52";"0";"3";"32";"0";"2"
"02.12.2015 03:05:00";"1";"0";"17";"0,76";"2097152";"104648";"4,99";"0";"4";"32";"0";"2"
"02.12.2015 03:10:00";"1";"0";"18";"0,84";"2097152";"103180";"4,92";"0";"3";"32";"0";"2"
"02.12.2015 03:15:00";"1";"0";"16";"0,74";"2097152";"73820";"3,52";"0";"3";"32";"0";"2"
"02.12.2015 03:20:00";"1";"0";"16";"0,74";"2097152";"80740";"3,85";"0";"3";"32";"0";"2"
"02.12.2015 03:25:00";"1";"0";"19";"0,86";"2097152";"66899";"3,19";"0";"3";"32";"0";"2"
"02.12.2015 03:30:00";"1";"0";"19";"0,86";"2097152";"103180";"4,92";"1";"17";"32";"0";"2"
"02.12.2015 03:35:00";"1";"0";"17";"0,76";"2097152";"66899";"3,19";"0";"3";"32";"0";"2"
"02.12.2015 03:40:00";"1";"0";"18";"0,84";"2097152";"57043";"2,72";"0";"3";"32";"0";"2"
"02.12.2015 03:45:00";"1";"0";"16";"0,74";"2097152";"65431";"3,12";"0";"3";"32";"0";"2"
"02.12.2015 03:50:00";"1";"0";"17";"0,78";"2097152";"72352";"3,45";"0";"3";"32";"0";"2"
"02.12.2015 03:55:00";"1";"0";"19";"0,87";"2097152";"100454";"4,79";"0";"3";"32";"0";"2"
"02.12.2015 04:00:00";"1";"0";"16";"0,74";"2097152";"80740";"3,85";"0";"3";"32";"0";"2"
"02.12.2015 04:05:00";"1";"0";"16";"0,76";"2097152";"76546";"3,65";"0";"4";"32";"0";"2"
"02.12.2015 04:10:00";"1";"0";"18";"0,84";"2097152";"89129";"4,25";"0";"3";"32";"0";"2"
"02.12.2015 04:15:00";"1";"0";"16";"0,75";"2097152";"54316";"2,59";"0";"3";"32";"0";"2"
"02.12.2015 04:20:00";"1";"0";"17";"0,76";"2097152";"69625";"3,32";"0";"3";"32";"0";"2"
"02.12.2015 04:25:00";"1";"0";"19";"0,85";"2097152";"93323";"4,45";"0";"3";"32";"0";"2"
"02.12.2015 04:30:00";"1";"0";"17";"0,76";"2097152";"96259";"4,59";"0";"3";"32";"0";"2"
"02.12.2015 04:35:00";"1";"0";"17";"0,76";"2097152";"78014";"3,72";"0";"3";"32";"0";"2"
"02.12.2015 04:40:00";"1";"0";"19";"0,86";"2097152";"84935";"4,05";"0";"3";"32";"0";"2"
"02.12.2015 04:45:00";"1";"0";"16";"0,73";"2097152";"94791";"4,52";"0";"3";"32";"0";"2"
"02.12.2015 04:50:00";"1";"0";"17";"0,77";"2097152";"61237";"2,92";"0";"3";"32";"0";"2"
"02.12.2015 04:55:00";"1";"0";"19";"0,85";"2097152";"65431";"3,12";"0";"3";"32";"0";"2"
"02.12.2015 05:00:00";"1";"0";"17";"0,78";"2097152";"108842";"5,19";"0";"3";"32";"0";"2"
"02.12.2015 05:05:00";"1";"0";"17";"0,77";"2097152";"189792";"9,05";"0";"3";"32";"0";"2"
"02.12.2015 05:10:00";"1";"0";"19";"0,85";"2097152";"72352";"3,45";"0";"3";"32";"0";"2"
"02.12.2015 05:15:00";"1";"0";"16";"0,73";"2097152";"58511";"2,79";"0";"3";"32";"0";"2"
"02.12.2015 05:20:00";"1";"0";"17";"0,76";"2097152";"72352";"3,45";"0";"3";"32";"0";"2"
"02.12.2015 05:25:00";"1";"0";"19";"0,85";"2097152";"90597";"4,32";"0";"3";"32";"0";"2"
"02.12.2015 05:30:00";"1";"0";"16";"0,74";"2097152";"84935";"4,05";"0";"3";"32";"0";"2"
"02.12.2015 05:35:00";"1";"0";"16";"0,75";"2097152";"59769";"2,85";"0";"3";"32";"0";"2"
"02.12.2015 05:40:00";"1";"0";"18";"0,84";"2097152";"58511";"2,79";"0";"3";"32";"0";"2"
"02.12.2015 05:45:00";"1";"0";"16";"0,74";"2097152";"87871";"4,19";"0";"3";"32";"0";"2"
"02.12.2015 05:50:00";"1";"0";"16";"0,74";"2097152";"97518";"4,65";"0";"3";"32";"0";"2"
"02.12.2015 05:55:00";"1";"0";"18";"0,84";"2097152";"57043";"2,72";"0";"3";"32";"0";"2"
"02.12.2015 06:00:00";"1";"0";"16";"0,74";"2097152";"78014";"3,72";"0";"3";"32";"0";"2"
"02.12.2015 06:05:00";"1";"0";"16";"0,76";"2097152";"82208";"3,92";"0";"3";"32";"0";"2"
"02.12.2015 06:10:00";"1";"0";"19";"0,86";"2097152";"80740";"3,85";"0";"3";"32";"0";"2"
"02.12.2015 06:15:00";"1";"0";"17";"0,76";"2097152";"87871";"4,19";"0";"3";"32";"0";"2"
"02.12.2015 06:20:00";"1";"0";"17";"0,77";"2097152";"75288";"3,59";"0";"3";"32";"0";"2"
"02.12.2015 06:25:00";"1";"0";"19";"0,87";"2097152";"62705";"2,99";"0";"3";"32";"0";"2"
"02.12.2015 06:30:00";"1";"0";"16";"0,75";"2097152";"58511";"2,79";"0";"3";"32";"0";"2"
"02.12.2015 06:35:00";"1";"0";"16";"0,74";"2097152";"103180";"4,92";"0";"3";"32";"0";"2"
"02.12.2015 06:40:00";"1";"0";"18";"0,85";"2097152";"101712";"4,85";"0";"3";"32";"0";"2"
"02.12.2015 06:45:00";"1";"0";"19";"0,86";"2097152";"94791";"4,52";"0";"3";"32";"0";"2"
"02.12.2015 06:50:00";"1";"0";"16";"0,74";"2097152";"58511";"2,79";"0";"3";"32";"0";"1"
"02.12.2015 06:55:00";"1";"0";"16";"0,74";"2097152";"44460";"2,12";"0";"3";"32";"0";"2"
"02.12.2015 07:00:00";"1";"0";"19";"0,84";"2097152";"52848";"2,52";"0";"3";"32";"0";"2"
"02.12.2015 07:05:00";"1";"0";"16";"0,76";"2097152";"71093";"3,39";"0";"3";"32";"0";"1"
"02.12.2015 07:10:00";"1";"0";"16";"0,74";"2097152";"87871";"4,19";"0";"3";"32";"0";"2"
"02.12.2015 07:15:00";"1";"0";"19";"0,86";"2097152";"65431";"3,12";"0";"3";"32";"0";"2"
"02.12.2015 07:20:00";"1";"0";"16";"0,74";"2097152";"69625";"3,32";"0";"3";"32";"0";"1"
"02.12.2015 07:25:00";"1";"0";"16";"0,75";"2097152";"73820";"3,52";"0";"3";"32";"0";"2"
"02.12.2015 07:30:00";"1";"0";"19";"0,85";"2097152";"54316";"2,59";"0";"3";"32";"0";"2"
"02.12.2015 07:35:00";"1";"0";"17";"0,77";"2097152";"50122";"2,39";"0";"3";"32";"0";"1"
"02.12.2015 07:40:00";"1";"0";"16";"0,75";"2097152";"63963";"3,05";"0";"3";"32";"0";"2"
"02.12.2015 07:45:00";"1";"0";"19";"0,87";"2097152";"69625";"3,32";"0";"3";"32";"0";"2"
"02.12.2015 07:50:00";"1";"0";"16";"0,75";"2097152";"47186";"2,25";"0";"3";"32";"0";"1"
"02.12.2015 07:55:00";"1";"0";"17";"0,77";"2097152";"78014";"3,72";"0";"3";"32";"0";"2"
"02.12.2015 08:00:00";"1";"0";"19";"0,86";"2097152";"61237";"2,92";"0";"3";"32";"0";"2"
"02.12.2015 08:05:00";"1";"0";"17";"0,77";"2097152";"72352";"3,45";"0";"4";"32";"0";"1"
"02.12.2015 08:10:00";"1";"0";"16";"0,75";"2097152";"76546";"3,65";"0";"3";"32";"0";"2"
"02.12.2015 08:15:00";"1";"0";"19";"0,86";"2097152";"69625";"3,32";"0";"3";"32";"0";"2"
"02.12.2015 08:20:00";"1";"0";"17";"0,77";"2097152";"68157";"3,25";"0";"3";"32";"0";"1"
"02.12.2015 08:25:00";"1";"0";"17";"0,76";"2097152";"86403";"4,12";"0";"3";"32";"0";"2"
"02.12.2015 08:30:00";"1";"0";"19";"0,86";"2097152";"71093";"3,39";"0";"3";"32";"0";"2"
"02.12.2015 08:35:00";"1";"0";"16";"0,75";"2097152";"72352";"3,45";"0";"3";"32";"0";"1"
"02.12.2015 08:40:00";"1";"0";"16";"0,74";"2097152";"78014";"3,72";"0";"3";"32";"0";"2"
"02.12.2015 08:45:00";"1";"0";"19";"0,87";"2097152";"98986";"4,72";"0";"3";"32";"0";"3"
"02.12.2015 08:50:00";"1";"0";"17";"0,78";"2097152";"65431";"3,12";"0";"3";"32";"0";"1"
"02.12.2015 08:55:00";"1";"0";"16";"0,74";"2097152";"73820";"3,52";"0";"3";"32";"0";"2"
"02.12.2015 09:00:00";"1";"0";"19";"0,86";"2097152";"97518";"4,65";"0";"3";"32";"0";"3"
"02.12.2015 09:05:00";"1";"0";"16";"0,75";"2097152";"96259";"4,59";"0";"4";"32";"0";"1"
"02.12.2015 09:10:00";"1";"0";"16";"0,74";"2097152";"94791";"4,52";"0";"3";"32";"0";"2"
"02.12.2015 09:15:00";"1";"0";"19";"0,86";"2097152";"59769";"2,85";"0";"3";"32";"0";"3"
"02.12.2015 09:20:00";"1";"0";"16";"0,75";"2097152";"57043";"2,72";"0";"3";"32";"0";"1"
"02.12.2015 09:25:00";"1";"0";"16";"0,74";"2097152";"71093";"3,39";"0";"3";"32";"0";"2"
"02.12.2015 09:30:00";"1";"0";"19";"0,87";"2097152";"72352";"3,45";"0";"3";"32";"0";"3"
"02.12.2015 09:35:00";"1";"0";"17";"0,76";"2097152";"86403";"4,12";"0";"3";"32";"0";"1"
"02.12.2015 09:40:00";"1";"0";"16";"0,74";"2097152";"78014";"3,72";"0";"3";"32";"0";"2"
"02.12.2015 09:45:00";"1";"0";"19";"0,87";"2097152";"76546";"3,65";"0";"3";"32";"0";"3"
"02.12.2015 09:50:00";"1";"0";"17";"0,76";"2097152";"75288";"3,59";"0";"3";"32";"0";"1"
"02.12.2015 09:55:00";"1";"0";"16";"0,75";"2097152";"68157";"3,25";"0";"3";"32";"0";"2"
"02.12.2015 10:00:00";"1";"0";"19";"0,84";"2097152";"83676";"3,99";"0";"3";"32";"0";"3"
"02.12.2015 10:05:00";"1";"0";"16";"0,75";"2097152";"83676";"3,99";"0";"3";"32";"0";"1"
"02.12.2015 10:10:00";"1";"0";"16";"0,74";"2097152";"92065";"4,39";"0";"3";"32";"0";"2"
"02.12.2015 10:15:00";"1";"0";"19";"0,87";"2097152";"55575";"2,65";"0";"3";"32";"0";"3"
"02.12.2015 10:20:00";"1";"0";"17";"0,77";"2097152";"68157";"3,25";"0";"3";"32";"0";"1"
"02.12.2015 10:25:00";"1";"0";"17";"0,76";"2097152";"65431";"3,12";"0";"3";"32";"0";"2"
"02.12.2015 10:30:00";"1";"0";"19";"0,88";"2097152";"79482";"3,79";"0";"3";"32";"0";"3"
"02.12.2015 10:35:00";"1";"0";"16";"0,75";"2097152";"61237";"2,92";"0";"3";"32";"0";"1"
"02.12.2015 10:40:00";"1";"0";"16";"0,75";"2097152";"61237";"2,92";"0";"3";"32";"0";"2"
"02.12.2015 10:45:00";"1";"0";"19";"0,86";"2097152";"55575";"2,65";"0";"3";"32";"0";"3"
"02.12.2015 10:50:00";"1";"0";"16";"0,74";"2097152";"78014";"3,72";"0";"3";"32";"0";"1"
"02.12.2015 10:55:00";"1";"0";"16";"0,73";"2097152";"65431";"3,12";"0";"3";"32";"0";"2"
"02.12.2015 11:00:00";"1";"0";"19";"0,87";"2097152";"78014";"3,72";"0";"3";"32";"0";"3"
"02.12.2015 11:05:00";"1";"0";"17";"0,78";"2097152";"72352";"3,45";"0";"3";"32";"0";"1"
"02.12.2015 11:10:00";"1";"0";"17";"0,76";"2097152";"73820";"3,52";"0";"3";"32";"0";"2"
"02.12.2015 11:15:00";"1";"0";"19";"0,88";"2097152";"89129";"4,25";"0";"3";"32";"0";"3"
"02.12.2015 11:20:00";"1";"0";"17";"0,77";"2097152";"103180";"4,92";"0";"3";"32";"0";"1"
"02.12.2015 11:25:00";"1";"0";"16";"0,74";"2097152";"78014";"3,72";"0";"3";"32";"0";"2"
"02.12.2015 11:30:00";"1";"0";"19";"0,85";"2097152";"68157";"3,25";"0";"3";"32";"0";"3"
"02.12.2015 11:35:00";"1";"0";"17";"0,78";"2097152";"62705";"2,99";"0";"3";"32";"0";"1"
"02.12.2015 11:40:00";"1";"0";"16";"0,75";"2097152";"36071";"1,72";"0";"3";"32";"0";"2"
"02.12.2015 11:45:00";"1";"0";"19";"0,85";"2097152";"69625";"3,32";"0";"3";"32";"0";"3"
"02.12.2015 11:50:00";"1";"0";"16";"0,74";"2097152";"57043";"2,72";"0";"3";"32";"0";"1"
"02.12.2015 11:55:00";"1";"0";"16";"0,75";"2097152";"92065";"4,39";"0";"3";"32";"0";"2"
"02.12.2015 12:00:00";"1";"0";"19";"0,85";"2097152";"97518";"4,65";"0";"3";"32";"0";"3"
"02.12.2015 12:05:00";"1";"0";"17";"0,76";"2097152";"54316";"2,59";"0";"3";"32";"0";"1"
"02.12.2015 12:10:00";"1";"0";"16";"0,75";"2097152";"75288";"3,59";"0";"3";"32";"0";"2"
"02.12.2015 12:15:00";"1";"0";"19";"0,88";"2097152";"92065";"4,39";"0";"4";"32";"1";"3"
"02.12.2015 12:20:00";"1";"0";"16";"0,75";"2097152";"71093";"3,39";"0";"3";"32";"0";"1"
"02.12.2015 12:25:00";"1";"0";"16";"0,76";"2097152";"111568";"5,32";"0";"3";"32";"0";"2"
"02.12.2015 12:30:00";"1";"0";"20";"0,89";"2097152";"83676";"3,99";"0";"3";"32";"0";"3"
"02.12.2015 12:35:00";"1";"0";"17";"0,77";"2097152";"121425";"5,79";"0";"3";"32";"0";"1"
"02.12.2015 12:40:00";"1";"0";"16";"0,72";"2097152";"96259";"4,59";"0";"3";"32";"0";"2"
"02.12.2015 12:45:00";"1";"0";"19";"0,86";"2097152";"51380";"2,45";"0";"3";"32";"0";"3"
"02.12.2015 12:50:00";"1";"0";"16";"0,75";"2097152";"100454";"4,79";"0";"3";"32";"0";"1"
"02.12.2015 12:55:00";"1";"0";"16";"0,75";"2097152";"96259";"4,59";"0";"3";"32";"0";"2"
"02.12.2015 13:00:00";"1";"0";"19";"0,87";"2097152";"61237";"2,92";"0";"3";"32";"0";"3"
"02.12.2015 13:05:00";"1";"0";"17";"0,77";"2097152";"87871";"4,19";"0";"4";"32";"0";"1"
"02.12.2015 13:10:00";"1";"0";"16";"0,75";"2097152";"75288";"3,59";"0";"3";"32";"0";"2"
"02.12.2015 13:15:00";"1";"0";"19";"0,88";"2097152";"100454";"4,79";"0";"4";"32";"0";"3"
"02.12.2015 13:20:00";"1";"0";"17";"0,77";"2097152";"57043";"2,72";"0";"3";"32";"0";"1"
"02.12.2015 13:25:00";"1";"0";"17";"0,75";"2097152";"75288";"3,59";"0";"3";"32";"0";"2"
"02.12.2015 13:30:00";"1";"0";"19";"0,87";"2097152";"84935";"4,05";"0";"3";"32";"0";"3"
"02.12.2015 13:35:00";"1";"0";"17";"0,76";"2097152";"104648";"4,99";"0";"3";"32";"0";"1"
"02.12.2015 13:40:00";"1";"0";"16";"0,74";"2097152";"83676";"3,99";"0";"3";"32";"0";"2"
"02.12.2015 13:45:00";"1";"0";"19";"0,88";"2097152";"84935";"4,05";"0";"3";"32";"0";"3"
"02.12.2015 13:50:00";"1";"0";"17";"0,75";"2097152";"96259";"4,59";"0";"3";"32";"0";"1"
"02.12.2015 13:55:00";"1";"0";"16";"0,75";"2097152";"87871";"4,19";"0";"3";"32";"0";"2"
"02.12.2015 14:00:00";"1";"0";"19";"0,86";"2097152";"69625";"3,32";"0";"3";"32";"0";"3"
"02.12.2015 14:05:00";"1";"0";"17";"0,79";"2097152";"90597";"4,32";"0";"3";"32";"0";"1"
"02.12.2015 14:10:00";"1";"0";"17";"0,78";"2097152";"96259";"4,59";"0";"3";"32";"0";"2"
"02.12.2015 14:15:00";"1";"0";"19";"0,88";"2097152";"96259";"4,59";"0";"3";"32";"0";"3"
"02.12.2015 14:20:00";"1";"0";"16";"0,75";"2097152";"66899";"3,19";"0";"3";"32";"0";"1"
"02.12.2015 14:25:00";"1";"0";"17";"0,76";"2097152";"84935";"4,05";"0";"3";"32";"0";"2"
"02.12.2015 14:30:00";"1";"0";"19";"0,86";"2097152";"62705";"2,99";"0";"3";"32";"0";"3"
"02.12.2015 14:35:00";"1";"0";"17";"0,79";"2097152";"78014";"3,72";"0";"3";"32";"0";"1"
"02.12.2015 14:40:00";"1";"0";"16";"0,74";"2097152";"80740";"3,85";"0";"3";"32";"0";"2"
"02.12.2015 14:45:00";"1";"0";"20";"0,92";"2097152";"93323";"4,45";"0";"3";"32";"0";"3"
"02.12.2015 14:50:00";"1";"0";"17";"0,77";"2097152";"96259";"4,59";"0";"3";"32";"0";"1"
"02.12.2015 14:55:00";"1";"0";"17";"0,8";"2097152";"47186";"2,25";"0";"3";"32";"0";"2"
"02.12.2015 15:00:00";"1";"0";"19";"0,88";"2097152";"80740";"3,85";"0";"3";"32";"0";"3"
"02.12.2015 15:05:00";"1";"0";"17";"0,77";"2097152";"96259";"4,59";"0";"3";"32";"0";"1"
"02.12.2015 15:10:00";"1";"0";"17";"0,77";"2097152";"80740";"3,85";"0";"3";"32";"0";"2"
"02.12.2015 15:15:00";"1";"0";"20";"0,89";"2097152";"55575";"2,65";"0";"3";"32";"0";"3"
"02.12.2015 15:20:00";"1";"0";"17";"0,77";"2097152";"62705";"2,99";"0";"3";"32";"0";"1"
"02.12.2015 15:25:00";"1";"0";"17";"0,76";"2097152";"54316";"2,59";"0";"3";"32";"0";"2"
"02.12.2015 15:30:00";"1";"0";"19";"0,87";"2097152";"55575";"2,65";"0";"3";"32";"0";"3"
"02.12.2015 15:35:00";"1";"0";"17";"0,77";"2097152";"71093";"3,39";"0";"3";"32";"0";"1"
"02.12.2015 15:40:00";"1";"0";"17";"0,77";"2097152";"80740";"3,85";"0";"3";"32";"0";"2"
"02.12.2015 15:45:00";"1";"0";"19";"0,88";"2097152";"89129";"4,25";"0";"3";"32";"0";"3"
"02.12.2015 15:50:00";"1";"0";"17";"0,79";"2097152";"96259";"4,59";"0";"3";"32";"0";"1"
"02.12.2015 15:55:00";"1";"0";"17";"0,8";"2097152";"50122";"2,39";"0";"3";"32";"0";"2"
"02.12.2015 16:00:00";"1";"0";"20";"0,91";"2097152";"73820";"3,52";"0";"3";"32";"0";"3"
"02.12.2015 16:05:00";"1";"0";"17";"0,79";"2097152";"83676";"3,99";"0";"3";"32";"0";"1"
"02.12.2015 16:10:00";"1";"0";"17";"0,78";"2097152";"71093";"3,39";"0";"3";"32";"0";"2"
"02.12.2015 16:15:00";"1";"0";"17";"0,8";"2097152";"72352";"3,45";"0";"3";"32";"0";"2"
"02.12.2015 16:20:00";"1";"0";"18";"0,81";"2097152";"63963";"3,05";"0";"3";"32";"0";"2"
"02.12.2015 16:25:00";"1";"0";"20";"0,89";"2097152";"83676";"3,99";"0";"4";"32";"0";"2"
"02.12.2015 16:30:00";"1";"0";"17";"0,78";"2097152";"92065";"4,39";"0";"3";"32";"0";"2"
"02.12.2015 16:35:00";"1";"0";"17";"0,79";"2097152";"61237";"2,92";"0";"3";"32";"0";"2"
"02.12.2015 16:40:00";"1";"0";"19";"0,88";"2097152";"69625";"3,32";"0";"3";"32";"0";"2"
"02.12.2015 16:45:00";"1";"0";"17";"0,77";"2097152";"69625";"3,32";"0";"3";"32";"0";"3"
"02.12.2015 16:50:00";"1";"0";"17";"0,77";"2097152";"62705";"2,99";"0";"3";"32";"0";"2"
"02.12.2015 16:55:00";"1";"0";"20";"0,91";"2097152";"63963";"3,05";"0";"3";"32";"0";"2"
"02.12.2015 17:00:00";"1";"0";"17";"0,79";"2097152";"90597";"4,32";"0";"3";"32";"0";"2"
"02.12.2015 17:05:00";"1";"0";"17";"0,78";"2097152";"71093";"3,39";"0";"3";"32";"0";"2"
"02.12.2015 17:10:00";"1";"0";"20";"0,9";"2097152";"71093";"3,39";"0";"3";"32";"0";"2"
"02.12.2015 17:15:00";"1";"0";"17";"0,76";"2097152";"82208";"3,92";"0";"3";"32";"0";"2"
"02.12.2015 17:20:00";"1";"0";"17";"0,77";"2097152";"76546";"3,65";"0";"3";"32";"0";"2"
"02.12.2015 17:25:00";"1";"0";"19";"0,87";"2097152";"72352";"3,45";"0";"3";"32";"0";"2"
"02.12.2015 17:30:00";"1";"0";"16";"0,75";"2097152";"84935";"4,05";"0";"3";"32";"0";"2"
"02.12.2015 17:35:00";"1";"0";"17";"0,79";"2097152";"203843";"9,72";"0";"3";"32";"0";"2"
"02.12.2015 17:40:00";"1";"0";"20";"0,89";"2097152";"83676";"3,99";"0";"3";"32";"0";"2"
"02.12.2015 17:45:00";"1";"0";"17";"0,77";"2097152";"79482";"3,79";"0";"3";"32";"0";"2"
"02.12.2015 17:50:00";"1";"0";"17";"0,77";"2097152";"84935";"4,05";"0";"3";"32";"0";"2"
"02.12.2015 17:55:00";"1";"0";"19";"0,87";"2097152";"93323";"4,45";"0";"3";"32";"0";"2"
"02.12.2015 18:00:00";"1";"0";"16";"0,75";"2097152";"90597";"4,32";"0";"3";"32";"0";"2"
"02.12.2015 18:05:00";"1";"0";"17";"0,77";"2097152";"82208";"3,92";"0";"4";"32";"0";"2"
"02.12.2015 18:10:00";"1";"0";"19";"0,87";"2097152";"61237";"2,92";"0";"3";"32";"0";"2"
"02.12.2015 18:15:00";"1";"0";"17";"0,78";"2097152";"65431";"3,12";"0";"3";"32";"0";"2"
"02.12.2015 18:20:00";"1";"0";"16";"0,76";"2097152";"104648";"4,99";"0";"3";"32";"0";"2"
"02.12.2015 18:25:00";"1";"0";"19";"0,87";"2097152";"96259";"4,59";"0";"4";"32";"0";"2"
"02.12.2015 18:30:00";"1";"0";"17";"0,76";"2097152";"73820";"3,52";"0";"3";"32";"0";"2"
"02.12.2015 18:35:00";"1";"0";"17";"0,76";"2097152";"75288";"3,59";"0";"3";"32";"0";"2"
"02.12.2015 18:40:00";"1";"0";"19";"0,87";"2097152";"62705";"2,99";"0";"3";"32";"0";"2"
"02.12.2015 18:45:00";"1";"0";"17";"0,76";"2097152";"79482";"3,79";"0";"3";"32";"0";"2"
"02.12.2015 18:50:00";"1";"0";"17";"0,76";"2097152";"68157";"3,25";"0";"3";"32";"0";"2"
"02.12.2015 18:55:00";"1";"0";"19";"0,87";"2097152";"84935";"4,05";"0";"3";"32";"0";"2"
"02.12.2015 19:00:00";"1";"0";"17";"0,76";"2097152";"71093";"3,39";"0";"3";"32";"0";"2"
"02.12.2015 19:05:00";"1";"0";"17";"0,79";"2097152";"58511";"2,79";"0";"4";"32";"0";"2"
"02.12.2015 19:10:00";"1";"0";"20";"0,89";"2097152";"71093";"3,39";"0";"3";"32";"0";"2"
"02.12.2015 19:15:00";"1";"0";"17";"0,77";"2097152";"75288";"3,59";"0";"3";"32";"0";"2"
"02.12.2015 19:20:00";"1";"0";"17";"0,77";"2097152";"100454";"4,79";"0";"3";"32";"0";"2"
"02.12.2015 19:25:00";"1";"0";"20";"0,89";"2097152";"104648";"4,99";"0";"3";"32";"0";"2"
"02.12.2015 19:30:00";"1";"0";"17";"0,75";"2097152";"79482";"3,79";"0";"3";"32";"0";"2"
"02.12.2015 19:35:00";"1";"0";"17";"0,76";"2097152";"72352";"3,45";"0";"3";"32";"0";"2"
"02.12.2015 19:40:00";"1";"0";"19";"0,87";"2097152";"66899";"3,19";"0";"3";"32";"0";"2"
"02.12.2015 19:45:00";"1";"0";"17";"0,77";"2097152";"69625";"3,32";"0";"3";"32";"0";"2"
"02.12.2015 19:50:00";"1";"0";"17";"0,76";"2097152";"83676";"3,99";"0";"3";"32";"0";"2"
"02.12.2015 19:55:00";"1";"0";"20";"0,91";"2097152";"96259";"4,59";"0";"3";"32";"0";"2"
"02.12.2015 20:00:00";"1";"0";"16";"0,75";"2097152";"90597";"4,32";"0";"3";"32";"0";"2"
"02.12.2015 20:05:00";"1";"0";"17";"0,77";"2097152";"92065";"4,39";"0";"4";"32";"0";"2"
"02.12.2015 20:10:00";"1";"0";"19";"0,87";"2097152";"89129";"4,25";"0";"3";"32";"0";"2"
"02.12.2015 20:15:00";"1";"0";"17";"0,76";"2097152";"97518";"4,65";"0";"3";"32";"0";"2"
"02.12.2015 20:20:00";"1";"0";"17";"0,77";"2097152";"89129";"4,25";"0";"3";"32";"0";"2"
"02.12.2015 20:25:00";"1";"0";"20";"0,9";"2097152";"100454";"4,79";"0";"3";"32";"0";"2"
"02.12.2015 20:30:00";"1";"0";"16";"0,75";"2097152";"76546";"3,65";"0";"3";"32";"0";"2"
"02.12.2015 20:35:00";"1";"0";"17";"0,77";"2097152";"96259";"4,59";"0";"3";"32";"0";"2"
"02.12.2015 20:40:00";"1";"0";"19";"0,86";"2097152";"104648";"4,99";"0";"3";"32";"0";"2"
"02.12.2015 20:45:00";"1";"0";"17";"0,78";"2097152";"75288";"3,59";"0";"3";"32";"0";"2"
"02.12.2015 20:50:00";"1";"0";"17";"0,78";"2097152";"71093";"3,39";"0";"3";"32";"0";"2"
"02.12.2015 20:55:00";"1";"0";"20";"0,89";"2097152";"69625";"3,32";"0";"3";"32";"0";"2"
"02.12.2015 21:00:00";"1";"0";"17";"0,76";"2097152";"87871";"4,19";"0";"3";"32";"0";"2"
"02.12.2015 21:05:00";"1";"0";"17";"0,77";"2097152";"75288";"3,59";"0";"3";"32";"0";"2"
"02.12.2015 21:10:00";"1";"0";"19";"0,87";"2097152";"66899";"3,19";"0";"3";"32";"0";"2"
"02.12.2015 21:15:00";"1";"0";"17";"0,76";"2097152";"73820";"3,52";"0";"3";"32";"0";"2"
"02.12.2015 21:20:00";"1";"0";"17";"0,75";"2097152";"62705";"2,99";"0";"3";"32";"0";"2"
"02.12.2015 21:25:00";"1";"0";"19";"0,88";"2097152";"59769";"2,85";"0";"3";"32";"0";"2"
"02.12.2015 21:30:00";"1";"0";"17";"0,76";"2097152";"82208";"3,92";"0";"3";"32";"0";"2"
"02.12.2015 21:35:00";"1";"0";"17";"0,77";"2097152";"100454";"4,79";"0";"3";"32";"0";"2"
"02.12.2015 21:40:00";"1";"0";"19";"0,87";"2097152";"117231";"5,59";"0";"3";"32";"0";"2"
"02.12.2015 21:45:00";"1";"0";"17";"0,76";"2097152";"73820";"3,52";"0";"3";"32";"0";"2"
"02.12.2015 21:50:00";"1";"0";"17";"0,76";"2097152";"92065";"4,39";"0";"3";"32";"0";"2"
"02.12.2015 21:55:00";"1";"0";"19";"0,88";"2097152";"82208";"3,92";"0";"3";"32";"0";"2"
"02.12.2015 22:00:00";"1";"0";"17";"0,77";"2097152";"87871";"4,19";"0";"3";"32";"0";"2"
"02.12.2015 22:05:00";"1";"0";"18";"0,82";"2097152";"62705";"2,99";"0";"3";"32";"0";"2"
"02.12.2015 22:10:00";"1";"0";"20";"0,92";"2097152";"38797";"1,85";"0";"3";"32";"0";"2"
"02.12.2015 22:15:00";"1";"0";"17";"0,78";"2097152";"65431";"3,12";"0";"3";"32";"0";"2"
"02.12.2015 22:20:00";"1";"0";"18";"0,83";"2097152";"75288";"3,59";"0";"3";"32";"0";"2"
"02.12.2015 22:25:00";"1";"0";"20";"0,94";"2097152";"79482";"3,79";"0";"3";"32";"0";"2"
"02.12.2015 22:30:00";"1";"0";"18";"0,84";"2097152";"113036";"5,39";"0";"3";"32";"0";"2"
"02.12.2015 22:35:00";"1";"0";"18";"0,83";"2097152";"100454";"4,79";"0";"3";"32";"0";"2"
"02.12.2015 22:40:00";"1";"0";"21";"0,96";"2097152";"83676";"3,99";"0";"3";"32";"0";"2"
"02.12.2015 22:45:00";"1";"0";"18";"0,83";"2097152";"82208";"3,92";"0";"3";"32";"0";"2"
"02.12.2015 22:50:00";"1";"0";"17";"0,79";"2097152";"105906";"5,05";"0";"3";"32";"0";"2"
"02.12.2015 22:55:00";"1";"0";"20";"0,9";"2097152";"93323";"4,45";"0";"3";"32";"0";"2"
"02.12.2015 23:00:00";"1";"0";"17";"0,77";"2097152";"93323";"4,45";"0";"3";"32";"0";"2"
"02.12.2015 23:05:00";"1";"0";"17";"0,78";"2097152";"75288";"3,59";"0";"4";"32";"0";"2"
"02.12.2015 23:10:00";"1";"0";"19";"0,87";"2097152";"50122";"2,39";"0";"3";"32";"0";"2"
"02.12.2015 23:15:00";"1";"0";"17";"0,77";"2097152";"65431";"3,12";"0";"3";"32";"0";"2"
"02.12.2015 23:20:00";"1";"0";"17";"0,77";"2097152";"65431";"3,12";"0";"3";"32";"0";"2"
"02.12.2015 23:25:00";"1";"0";"20";"0,89";"2097152";"62705";"2,99";"0";"3";"32";"0";"2"
"02.12.2015 23:30:00";"1";"0";"17";"0,76";"2097152";"66899";"3,19";"0";"3";"32";"0";"2"
"02.12.2015 23:35:00";"1";"0";"17";"0,77";"2097152";"54316";"2,59";"0";"3";"32";"0";"2"
"02.12.2015 23:40:00";"1";"0";"19";"0,88";"2097152";"89129";"4,25";"0";"3";"32";"0";"2"
"02.12.2015 23:45:00";"1";"0";"17";"0,77";"2097152";"59769";"2,85";"0";"3";"32";"0";"2"
"02.12.2015 23:50:00";"1";"0";"18";"0,8";"2097152";"73820";"3,52";"0";"3";"32";"0";"2"
"02.12.2015 23:55:00";"1";"0";"20";"0,9";"2097152";"125619";"5,99";"0";"4";"32";"0";"2"
"03.12.2015 00:00:00";"1";"0";"17";"0,77";"2097152";"62705";"2,99";"0";"4";"32";"0";"2"
"03.12.2015 00:05:00";"1";"0";"18";"0,85";"2097152";"58511";"2,79";"0";"4";"32";"0";"2"
"03.12.2015 00:10:00";"1";"0";"20";"0,9";"2097152";"66899";"3,19";"0";"3";"32";"0";"2"
"03.12.2015 00:15:00";"1";"0";"16";"0,75";"2097152";"79482";"3,79";"0";"3";"32";"0";"2"
"03.12.2015 00:20:00";"1";"0";"15";"0,71";"2097152";"79482";"3,79";"0";"3";"32";"0";"2"
"03.12.2015 00:25:00";"1";"0";"19";"0,86";"2097152";"66899";"3,19";"0";"3";"32";"0";"2"
"03.12.2015 00:30:00";"1";"0";"16";"0,76";"2097152";"72352";"3,45";"0";"3";"32";"0";"2"
"03.12.2015 00:35:00";"1";"0";"17";"0,77";"2097152";"96259";"4,59";"0";"3";"32";"0";"2"
"03.12.2015 00:40:00";"1";"0";"19";"0,85";"2097152";"107374";"5,12";"0";"3";"32";"0";"2"
"03.12.2015 00:45:00";"1";"0";"16";"0,74";"2097152";"146591";"6,99";"0";"3";"32";"0";"2"
"03.12.2015 00:50:00";"1";"0";"16";"0,72";"2097152";"92065";"4,39";"0";"3";"32";"0";"2"
"03.12.2015 00:55:00";"1";"0";"18";"0,82";"2097152";"75288";"3,59";"0";"3";"32";"0";"2"
"03.12.2015 01:00:00";"1";"0";"16";"0,74";"2097152";"73820";"3,52";"0";"3";"32";"0";"2"
"03.12.2015 01:05:00";"1";"0";"16";"0,75";"2097152";"90597";"4,32";"0";"3";"32";"0";"2"
"03.12.2015 01:10:00";"1";"0";"18";"0,82";"2097152";"82208";"3,92";"0";"3";"32";"0";"2"
"03.12.2015 01:15:00";"1";"0";"16";"0,71";"2097152";"59769";"2,85";"0";"3";"32";"0";"2"
"03.12.2015 01:20:00";"1";"0";"16";"0,72";"2097152";"71093";"3,39";"0";"3";"32";"0";"2"
"03.12.2015 01:25:00";"1";"0";"19";"0,85";"2097152";"73820";"3,52";"0";"3";"32";"0";"2"
"03.12.2015 01:30:00";"1";"0";"16";"0,72";"2097152";"79482";"3,79";"0";"3";"32";"0";"2"
"03.12.2015 01:35:00";"1";"0";"16";"0,72";"2097152";"100454";"4,79";"0";"3";"32";"0";"2"
"03.12.2015 01:40:00";"1";"0";"18";"0,82";"2097152";"104648";"4,99";"0";"3";"32";"0";"2"
"03.12.2015 01:45:00";"1";"0";"16";"0,73";"2097152";"63963";"3,05";"0";"4";"32";"0";"2"
"03.12.2015 01:50:00";"1";"0";"16";"0,72";"2097152";"75288";"3,59";"0";"3";"32";"0";"2"
"03.12.2015 01:55:00";"1";"0";"18";"0,82";"2097152";"63963";"3,05";"0";"4";"32";"0";"2"
"03.12.2015 02:00:00";"1";"0";"15";"0,71";"2097152";"51380";"2,45";"0";"3";"32";"0";"2"
"03.12.2015 02:05:00";"1";"0";"16";"0,73";"2097152";"79482";"3,79";"0";"4";"32";"0";"2"
"03.12.2015 02:10:00";"1";"0";"18";"0,82";"2097152";"65431";"3,12";"0";"3";"32";"0";"2"
"03.12.2015 02:15:00";"1";"0";"16";"0,73";"2097152";"92065";"4,39";"0";"3";"32";"0";"2"
"03.12.2015 02:20:00";"1";"0";"16";"0,72";"2097152";"71093";"3,39";"0";"3";"32";"0";"2"
"03.12.2015 02:25:00";"1";"0";"18";"0,83";"2097152";"89129";"4,25";"0";"4";"32";"0";"2"
"03.12.2015 02:30:00";"1";"0";"16";"0,72";"2097152";"75288";"3,59";"0";"3";"32";"0";"2"
"03.12.2015 02:35:00";"1";"0";"16";"0,72";"2097152";"58511";"2,79";"0";"3";"32";"0";"2"
"03.12.2015 02:40:00";"1";"0";"18";"0,83";"2097152";"51380";"2,45";"0";"3";"32";"0";"2"
"03.12.2015 02:45:00";"1";"0";"16";"0,72";"2097152";"76546";"3,65";"0";"3";"32";"0";"2"
"03.12.2015 02:50:00";"1";"0";"15";"0,71";"2097152";"72352";"3,45";"0";"3";"32";"0";"2"
"03.12.2015 02:55:00";"1";"0";"18";"0,82";"2097152";"66899";"3,19";"0";"3";"32";"0";"2"
"03.12.2015 03:00:00";"1";"0";"16";"0,72";"2097152";"90597";"4,32";"0";"3";"32";"0";"2"
"03.12.2015 03:05:00";"1";"0";"16";"0,73";"2097152";"78014";"3,72";"0";"4";"32";"0";"2"
"03.12.2015 03:10:00";"1";"0";"18";"0,83";"2097152";"71093";"3,39";"0";"3";"32";"0";"2"
"03.12.2015 03:15:00";"1";"0";"16";"0,73";"2097152";"71093";"3,39";"0";"3";"32";"0";"2"
"03.12.2015 03:20:00";"1";"0";"16";"0,72";"2097152";"58511";"2,79";"0";"3";"32";"0";"2"
"03.12.2015 03:25:00";"1";"0";"18";"0,82";"2097152";"51380";"2,45";"0";"3";"32";"0";"2"
"03.12.2015 03:30:00";"1";"0";"16";"0,72";"2097152";"57043";"2,72";"0";"3";"32";"0";"2"
"03.12.2015 03:35:00";"1";"0";"16";"0,72";"2097152";"63963";"3,05";"0";"3";"32";"0";"2"
"03.12.2015 03:40:00";"1";"0";"18";"0,83";"2097152";"79482";"3,79";"0";"3";"32";"0";"2"
"03.12.2015 03:45:00";"1";"0";"16";"0,71";"2097152";"86403";"4,12";"0";"3";"32";"0";"2"
"03.12.2015 03:50:00";"1";"0";"19";"0,86";"2097152";"108842";"5,19";"0";"17";"32";"0";"2"
"03.12.2015 03:55:00";"1";"0";"18";"0,84";"2097152";"79482";"3,79";"0";"3";"32";"0";"2"
"03.12.2015 04:00:00";"1";"0";"15";"0,71";"2097152";"69625";"3,32";"0";"3";"32";"0";"2"
"03.12.2015 04:05:00";"1";"0";"16";"0,73";"2097152";"75288";"3,59";"0";"4";"32";"0";"2"
"03.12.2015 04:10:00";"1";"0";"18";"0,82";"2097152";"92065";"4,39";"0";"3";"32";"0";"2"
"03.12.2015 04:15:00";"1";"0";"15";"0,72";"2097152";"108842";"5,19";"0";"3";"32";"0";"2"
"03.12.2015 04:20:00";"1";"0";"16";"0,73";"2097152";"68157";"3,25";"0";"3";"32";"0";"2"
"03.12.2015 04:25:00";"1";"0";"19";"0,85";"2097152";"66899";"3,19";"0";"3";"32";"0";"2"
"03.12.2015 04:30:00";"1";"0";"16";"0,72";"2097152";"103180";"4,92";"0";"3";"32";"0";"2"
"03.12.2015 04:35:00";"1";"0";"16";"0,73";"2097152";"84935";"4,05";"0";"3";"32";"0";"2"
"03.12.2015 04:40:00";"1";"0";"19";"0,84";"2097152";"96259";"4,59";"0";"3";"32";"0";"2"
"03.12.2015 04:45:00";"1";"0";"16";"0,73";"2097152";"96259";"4,59";"0";"3";"32";"0";"2"
"03.12.2015 04:50:00";"1";"0";"16";"0,74";"2097152";"107374";"5,12";"0";"3";"32";"0";"2"
"03.12.2015 04:55:00";"1";"0";"18";"0,83";"2097152";"128346";"6,12";"0";"3";"32";"0";"2"
"03.12.2015 05:00:00";"1";"0";"16";"0,72";"2097152";"63963";"3,05";"0";"3";"32";"0";"2"
"03.12.2015 05:05:00";"1";"0";"16";"0,73";"2097152";"78014";"3,72";"0";"4";"32";"0";"2"
"03.12.2015 05:10:00";"1";"0";"18";"0,83";"2097152";"86403";"4,12";"0";"3";"32";"0";"2"
"03.12.2015 05:15:00";"1";"0";"15";"0,71";"2097152";"104648";"4,99";"0";"3";"32";"0";"2"
"03.12.2015 05:20:00";"1";"0";"16";"0,74";"2097152";"94791";"4,52";"0";"3";"32";"0";"2"
"03.12.2015 05:25:00";"1";"0";"18";"0,84";"2097152";"72352";"3,45";"0";"3";"32";"0";"2"
"03.12.2015 05:30:00";"1";"0";"16";"0,74";"2097152";"96259";"4,59";"0";"3";"32";"0";"2"
"03.12.2015 05:35:00";"1";"0";"16";"0,72";"2097152";"82208";"3,92";"0";"4";"32";"0";"2"
"03.12.2015 05:40:00";"1";"0";"19";"0,85";"2097152";"98986";"4,72";"0";"3";"32";"0";"2"
"03.12.2015 05:45:00";"1";"0";"15";"0,71";"2097152";"76546";"3,65";"0";"3";"32";"0";"2"
"03.12.2015 05:50:00";"1";"0";"16";"0,73";"2097152";"84935";"4,05";"0";"3";"32";"0";"2"
"03.12.2015 05:55:00";"1";"0";"18";"0,83";"2097152";"83676";"3,99";"0";"3";"32";"0";"2"
"03.12.2015 06:00:00";"1";"0";"15";"0,7";"2097152";"51380";"2,45";"0";"3";"32";"0";"2"
"03.12.2015 06:05:00";"1";"0";"16";"0,73";"2097152";"57043";"2,72";"0";"4";"32";"0";"2"
"03.12.2015 06:10:00";"1";"0";"18";"0,82";"2097152";"71093";"3,39";"0";"3";"32";"0";"2"
"03.12.2015 06:15:00";"1";"0";"17";"0,76";"2097152";"98986";"4,72";"0";"3";"32";"0";"2"
"03.12.2015 06:20:00";"1";"0";"16";"0,74";"2097152";"198181";"9,45";"0";"3";"32";"0";"2"
"03.12.2015 06:25:00";"1";"0";"19";"0,85";"2097152";"80740";"3,85";"0";"3";"32";"0";"2"
"03.12.2015 06:30:00";"1";"0";"16";"0,74";"2097152";"110100";"5,25";"0";"3";"32";"0";"2"
"03.12.2015 06:35:00";"1";"0";"16";"0,72";"2097152";"80740";"3,85";"0";"4";"32";"0";"2"
"03.12.2015 06:40:00";"1";"0";"18";"0,83";"2097152";"68157";"3,25";"0";"3";"32";"0";"2"
"03.12.2015 06:45:00";"1";"0";"16";"0,71";"2097152";"75288";"3,59";"0";"3";"32";"0";"2"
"03.12.2015 06:50:00";"1";"0";"16";"0,74";"2097152";"107374";"5,12";"0";"3";"32";"0";"2"
"03.12.2015 06:55:00";"1";"0";"18";"0,84";"2097152";"84935";"4,05";"0";"3";"32";"0";"2"
"03.12.2015 07:00:00";"1";"0";"15";"0,7";"2097152";"100454";"4,79";"0";"3";"32";"0";"2"
"03.12.2015 07:05:00";"1";"0";"16";"0,73";"2097152";"115763";"5,52";"0";"4";"32";"0";"2"
"03.12.2015 07:10:00";"1";"0";"18";"0,84";"2097152";"71093";"3,39";"0";"3";"32";"0";"2"
"03.12.2015 07:15:00";"1";"0";"16";"0,73";"2097152";"82208";"3,92";"0";"4";"32";"0";"2"
"03.12.2015 07:20:00";"1";"0";"16";"0,71";"2097152";"76546";"3,65";"0";"3";"32";"0";"2"
"03.12.2015 07:25:00";"1";"0";"18";"0,83";"2097152";"87871";"4,19";"0";"3";"32";"0";"2"
"03.12.2015 07:30:00";"1";"0";"16";"0,73";"2097152";"87871";"4,19";"0";"3";"32";"0";"2"
"03.12.2015 07:35:00";"1";"0";"16";"0,72";"2097152";"66899";"3,19";"0";"3";"32";"0";"2"
"03.12.2015 07:40:00";"1";"0";"18";"0,82";"2097152";"55575";"2,65";"0";"3";"32";"0";"2"
"03.12.2015 07:45:00";"1";"0";"16";"0,72";"2097152";"68157";"3,25";"0";"3";"32";"0";"2"
"03.12.2015 07:50:00";"1";"0";"16";"0,72";"2097152";"82208";"3,92";"0";"3";"32";"0";"2"
"03.12.2015 07:55:00";"1";"0";"18";"0,83";"2097152";"66899";"3,19";"0";"3";"32";"0";"2"
"03.12.2015 08:00:00";"1";"0";"16";"0,71";"2097152";"58511";"2,79";"0";"3";"32";"0";"2"
"03.12.2015 08:05:00";"1";"0";"16";"0,73";"2097152";"51380";"2,45";"0";"4";"32";"0";"2"
"03.12.2015 08:10:00";"1";"0";"18";"0,83";"2097152";"54316";"2,59";"0";"3";"32";"0";"2"
"03.12.2015 08:15:00";"1";"0";"15";"0,71";"2097152";"47186";"2,25";"0";"3";"32";"0";"2"
"03.12.2015 08:20:00";"1";"0";"16";"0,72";"2097152";"72352";"3,45";"0";"3";"32";"0";"2"
"03.12.2015 08:25:00";"1";"0";"18";"0,83";"2097152";"68157";"3,25";"0";"3";"32";"0";"2"
"03.12.2015 08:30:00";"1";"0";"15";"0,7";"2097152";"72352";"3,45";"0";"3";"32";"0";"2"
"03.12.2015 08:35:00";"1";"0";"16";"0,74";"2097152";"66899";"3,19";"0";"3";"32";"0";"2"
"03.12.2015 08:40:00";"1";"0";"18";"0,84";"2097152";"65431";"3,12";"0";"3";"32";"0";"2"
"03.12.2015 08:45:00";"1";"0";"16";"0,73";"2097152";"63963";"3,05";"0";"3";"32";"0";"2"
"03.12.2015 08:50:00";"1";"0";"16";"0,72";"2097152";"52848";"2,52";"0";"3";"32";"0";"2"
"03.12.2015 08:55:00";"1";"0";"18";"0,83";"2097152";"59769";"2,85";"0";"3";"32";"0";"2"
"03.12.2015 09:00:00";"1";"0";"16";"0,74";"2097152";"103180";"4,92";"0";"3";"32";"0";"2"
"03.12.2015 09:05:00";"1";"0";"16";"0,72";"2097152";"50122";"2,39";"0";"4";"32";"0";"2"
"03.12.2015 09:10:00";"1";"0";"18";"0,82";"2097152";"48654";"2,32";"0";"3";"32";"0";"2"
"03.12.2015 09:15:00";"1";"0";"16";"0,72";"2097152";"61237";"2,92";"0";"3";"32";"0";"2"
"03.12.2015 09:20:00";"1";"0";"16";"0,71";"2097152";"55575";"2,65";"0";"3";"32";"0";"2"
"03.12.2015 09:25:00";"1";"0";"18";"0,83";"2097152";"52848";"2,52";"0";"4";"32";"0";"2"
"03.12.2015 09:30:00";"1";"0";"16";"0,73";"2097152";"61237";"2,92";"0";"3";"32";"0";"2"
"03.12.2015 09:35:00";"1";"0";"16";"0,72";"2097152";"83676";"3,99";"0";"3";"32";"0";"2"
"03.12.2015 09:40:00";"1";"0";"19";"0,85";"2097152";"86403";"4,12";"0";"3";"32";"0";"2"
"03.12.2015 09:45:00";"1";"0";"16";"0,72";"2097152";"76546";"3,65";"0";"3";"32";"0";"2"
"03.12.2015 09:50:00";"1";"0";"16";"0,72";"2097152";"68157";"3,25";"0";"3";"32";"0";"2"
"03.12.2015 09:55:00";"1";"0";"18";"0,82";"2097152";"84935";"4,05";"0";"3";"32";"0";"2"
"03.12.2015 10:00:00";"1";"0";"16";"0,71";"2097152";"78014";"3,72";"0";"3";"32";"0";"2"
"03.12.2015 10:05:00";"1";"0";"16";"0,73";"2097152";"50122";"2,39";"0";"3";"32";"0";"2"
"03.12.2015 10:10:00";"1";"0";"18";"0,82";"2097152";"82208";"3,92";"0";"3";"32";"0";"2"
"03.12.2015 10:15:00";"1";"0";"18";"0,83";"2097152";"73820";"3,52";"0";"3";"32";"0";"3"
"03.12.2015 10:20:00";"1";"0";"16";"0,72";"2097152";"63963";"3,05";"0";"3";"32";"0";"1"
"03.12.2015 10:25:00";"1";"0";"16";"0,72";"2097152";"62705";"2,99";"0";"3";"32";"0";"2"
"03.12.2015 10:30:00";"1";"0";"18";"0,83";"2097152";"59769";"2,85";"0";"3";"32";"0";"3"
"03.12.2015 10:35:00";"1";"0";"16";"0,73";"2097152";"78014";"3,72";"0";"3";"32";"0";"1"
"03.12.2015 10:40:00";"1";"0";"16";"0,72";"2097152";"84935";"4,05";"0";"3";"32";"0";"2"
"03.12.2015 10:45:00";"1";"0";"16";"0,72";"2097152";"55575";"2,65";"0";"3";"32";"0";"2"
"03.12.2015 10:50:00";"1";"0";"16";"0,71";"2097152";"73820";"3,52";"0";"3";"32";"0";"2"
"03.12.2015 10:55:00";"1";"0";"18";"0,83";"2097152";"89129";"4,25";"0";"3";"32";"0";"2"
"03.12.2015 11:00:00";"1";"0";"16";"0,71";"2097152";"63963";"3,05";"0";"3";"32";"0";"2"
"03.12.2015 11:05:00";"1";"0";"16";"0,73";"2097152";"65431";"3,12";"0";"3";"32";"0";"2"
"03.12.2015 11:10:00";"1";"0";"19";"0,86";"2097152";"83676";"3,99";"0";"3";"32";"0";"2"
"03.12.2015 11:15:00";"1";"0";"16";"0,73";"2097152";"61237";"2,92";"0";"3";"32";"0";"2"
"03.12.2015 11:20:00";"1";"0";"16";"0,71";"2097152";"66899";"3,19";"0";"3";"32";"0";"2"
"03.12.2015 11:25:00";"1";"0";"19";"0,84";"2097152";"61237";"2,92";"0";"3";"32";"0";"2"
"03.12.2015 11:30:00";"1";"0";"16";"0,72";"2097152";"23488";"1,12";"0";"3";"32";"0";"2"
"03.12.2015 11:35:00";"1";"0";"16";"0,73";"2097152";"57043";"2,72";"0";"3";"32";"0";"2"
"03.12.2015 11:40:00";"1";"0";"18";"0,83";"2097152";"86403";"4,12";"0";"3";"32";"0";"2"
"03.12.2015 11:45:00";"1";"0";"16";"0,72";"2097152";"111568";"5,32";"0";"3";"32";"0";"2"
"03.12.2015 11:50:00";"1";"0";"16";"0,73";"2097152";"98986";"4,72";"0";"3";"32";"0";"2"
"03.12.2015 11:55:00";"1";"0";"18";"0,83";"2097152";"84935";"4,05";"0";"4";"32";"0";"2"
"03.12.2015 12:00:00";"1";"0";"15";"0,71";"2097152";"68157";"3,25";"0";"3";"32";"0";"2"
"03.12.2015 12:05:00";"1";"0";"16";"0,74";"2097152";"76546";"3,65";"0";"3";"32";"0";"2"
"03.12.2015 12:10:00";"1";"0";"18";"0,83";"2097152";"83676";"3,99";"0";"3";"32";"0";"2"
"03.12.2015 12:15:00";"1";"0";"16";"0,72";"2097152";"89129";"4,25";"0";"3";"32";"0";"2"
"03.12.2015 12:20:00";"1";"0";"16";"0,74";"2097152";"97518";"4,65";"0";"3";"32";"0";"2"
"03.12.2015 12:25:00";"1";"0";"18";"0,83";"2097152";"65431";"3,12";"0";"3";"32";"0";"2"
"03.12.2015 12:30:00";"1";"0";"15";"0,69";"2097152";"87871";"4,19";"0";"3";"32";"0";"2"
"03.12.2015 12:35:00";"1";"0";"16";"0,72";"2097152";"59769";"2,85";"0";"3";"32";"0";"2"
"03.12.2015 12:40:00";"1";"0";"18";"0,83";"2097152";"50122";"2,39";"0";"3";"32";"0";"2"
"03.12.2015 12:45:00";"1";"0";"15";"0,71";"2097152";"66899";"3,19";"0";"3";"32";"0";"2"
"03.12.2015 12:50:00";"1";"0";"16";"0,74";"2097152";"45928";"2,19";"0";"3";"32";"0";"2"
"03.12.2015 12:55:00";"1";"0";"18";"0,84";"2097152";"48654";"2,32";"0";"3";"32";"0";"2"
"03.12.2015 13:00:00";"1";"0";"16";"0,72";"2097152";"50122";"2,39";"0";"3";"32";"0";"2"
"03.12.2015 13:05:00";"1";"0";"16";"0,73";"2097152";"69625";"3,32";"0";"4";"32";"0";"2"
"03.12.2015 13:10:00";"1";"0";"18";"0,83";"2097152";"65431";"3,12";"0";"3";"32";"0";"2"
"03.12.2015 13:15:00";"1";"0";"16";"0,71";"2097152";"68157";"3,25";"0";"3";"32";"0";"2"
"03.12.2015 13:20:00";"1";"0";"16";"0,72";"2097152";"82208";"3,92";"0";"3";"32";"0";"2"
"03.12.2015 13:25:00";"1";"0";"18";"0,83";"2097152";"68157";"3,25";"0";"3";"32";"0";"2"
"03.12.2015 13:30:00";"1";"0";"16";"0,74";"2097152";"71093";"3,39";"0";"3";"32";"0";"2"
"03.12.2015 13:35:00";"1";"0";"16";"0,71";"2097152";"101712";"4,85";"0";"3";"32";"0";"2"
"03.12.2015 13:40:00";"1";"0";"18";"0,83";"2097152";"97518";"4,65";"0";"3";"32";"0";"2"
"03.12.2015 13:45:00";"1";"0";"16";"0,73";"2097152";"66899";"3,19";"0";"3";"32";"0";"2"
"03.12.2015 13:50:00";"1";"0";"16";"0,73";"2097152";"57043";"2,72";"0";"3";"32";"0";"2"
"03.12.2015 13:55:00";"1";"0";"19";"0,85";"2097152";"79482";"3,79";"0";"3";"32";"0";"2"
"03.12.2015 14:00:00";"1";"0";"16";"0,73";"2097152";"61237";"2,92";"0";"3";"32";"0";"2"
"03.12.2015 14:05:00";"1";"0";"17";"0,76";"2097152";"84935";"4,05";"0";"3";"32";"0";"2"
"03.12.2015 14:10:00";"1";"0";"18";"0,84";"2097152";"97518";"4,65";"0";"3";"32";"0";"2"
"03.12.2015 14:15:00";"1";"0";"16";"0,71";"2097152";"82208";"3,92";"0";"3";"32";"0";"2"
"03.12.2015 14:20:00";"1";"0";"16";"0,72";"2097152";"51380";"2,45";"0";"3";"32";"0";"2"
"03.12.2015 14:25:00";"1";"0";"19";"0,84";"2097152";"75288";"3,59";"0";"3";"32";"0";"2"
"03.12.2015 14:30:00";"1";"0";"16";"0,72";"2097152";"69625";"3,32";"0";"3";"32";"0";"2"
"03.12.2015 14:35:00";"1";"0";"16";"0,75";"2097152";"71093";"3,39";"0";"3";"32";"0";"2"
"03.12.2015 14:40:00";"1";"0";"19";"0,86";"2097152";"68157";"3,25";"0";"3";"32";"0";"2"
"03.12.2015 14:45:00";"1";"0";"16";"0,74";"2097152";"82208";"3,92";"0";"3";"32";"0";"2"
"03.12.2015 14:50:00";"1";"0";"16";"0,75";"2097152";"94791";"4,52";"0";"3";"32";"0";"2"
"03.12.2015 14:55:00";"1";"0";"18";"0,84";"2097152";"75288";"3,59";"0";"3";"32";"0";"2"
"03.12.2015 15:00:00";"1";"0";"16";"0,72";"2097152";"61237";"2,92";"0";"3";"32";"0";"2"
"03.12.2015 15:05:00";"1";"0";"17";"0,76";"2097152";"65431";"3,12";"0";"3";"32";"0";"2"
"03.12.2015 15:10:00";"1";"0";"18";"0,82";"2097152";"71093";"3,39";"0";"3";"32";"0";"2"
"03.12.2015 15:15:00";"1";"0";"16";"0,72";"2097152";"111568";"5,32";"0";"3";"32";"0";"2"
"03.12.2015 15:20:00";"1";"0";"16";"0,75";"2097152";"57043";"2,72";"0";"3";"32";"0";"2"
"03.12.2015 15:25:00";"1";"0";"18";"0,83";"2097152";"65431";"3,12";"0";"3";"32";"0";"2"
"03.12.2015 15:30:00";"1";"0";"16";"0,72";"2097152";"80740";"3,85";"0";"3";"32";"0";"2"
"03.12.2015 15:35:00";"1";"0";"16";"0,74";"2097152";"75288";"3,59";"0";"3";"32";"0";"2"
"03.12.2015 15:40:00";"1";"0";"19";"0,84";"2097152";"62705";"2,99";"0";"3";"32";"0";"2"
"03.12.2015 15:45:00";"1";"0";"16";"0,74";"2097152";"66899";"3,19";"0";"3";"32";"0";"2"
"03.12.2015 15:50:00";"1";"0";"16";"0,73";"2097152";"71093";"3,39";"0";"3";"32";"0";"2"
"03.12.2015 15:55:00";"1";"0";"19";"0,86";"2097152";"66899";"3,19";"0";"3";"32";"0";"2"
"03.12.2015 16:00:00";"1";"0";"16";"0,71";"2097152";"111568";"5,32";"0";"3";"32";"0";"2"
"03.12.2015 16:05:00";"1";"0";"16";"0,75";"2097152";"76546";"3,65";"0";"3";"32";"0";"2"
"03.12.2015 16:10:00";"1";"0";"19";"0,84";"2097152";"44460";"2,12";"0";"3";"32";"0";"2"
"03.12.2015 16:15:00";"1";"0";"16";"0,72";"2097152";"54316";"2,59";"0";"3";"32";"0";"2"
"03.12.2015 16:20:00";"1";"0";"16";"0,72";"2097152";"75288";"3,59";"0";"3";"32";"0";"2"
"03.12.2015 16:25:00";"1";"0";"19";"0,85";"2097152";"68157";"3,25";"0";"3";"32";"0";"2"
"03.12.2015 16:30:00";"1";"0";"16";"0,72";"2097152";"69625";"3,32";"0";"3";"32";"0";"2"
"03.12.2015 16:35:00";"1";"0";"16";"0,72";"2097152";"75288";"3,59";"0";"3";"32";"0";"2"
"03.12.2015 16:40:00";"1";"0";"19";"0,86";"2097152";"69625";"3,32";"0";"3";"32";"0";"2"
"03.12.2015 16:45:00";"1";"0";"16";"0,72";"2097152";"69625";"3,32";"0";"3";"32";"0";"2"
"03.12.2015 16:50:00";"1";"0";"16";"0,72";"2097152";"50122";"2,39";"0";"3";"32";"0";"2"
"03.12.2015 16:55:00";"1";"0";"18";"0,83";"2097152";"69625";"3,32";"0";"3";"32";"0";"2"
"03.12.2015 17:00:00";"1";"0";"16";"0,72";"2097152";"80740";"3,85";"0";"3";"32";"0";"2"
"03.12.2015 17:05:00";"1";"0";"16";"0,74";"2097152";"63963";"3,05";"0";"3";"32";"0";"2"
"03.12.2015 17:10:00";"1";"0";"19";"0,85";"2097152";"66899";"3,19";"0";"3";"32";"0";"2"
"03.12.2015 17:15:00";"1";"0";"16";"0,73";"2097152";"65431";"3,12";"0";"3";"32";"0";"2"
"03.12.2015 17:20:00";"1";"0";"16";"0,72";"2097152";"87871";"4,19";"0";"3";"32";"0";"2"
"03.12.2015 17:25:00";"1";"0";"18";"0,84";"2097152";"59769";"2,85";"0";"4";"32";"0";"2"
"03.12.2015 17:30:00";"1";"0";"16";"0,71";"2097152";"52848";"2,52";"0";"3";"32";"0";"2"
"03.12.2015 17:35:00";"1";"0";"16";"0,72";"2097152";"84935";"4,05";"0";"3";"32";"0";"2"
"03.12.2015 17:40:00";"1";"0";"18";"0,83";"2097152";"75288";"3,59";"0";"3";"32";"0";"2"
"03.12.2015 17:45:00";"1";"0";"16";"0,71";"2097152";"84935";"4,05";"0";"3";"32";"0";"2"
"03.12.2015 17:50:00";"1";"0";"16";"0,73";"2097152";"62705";"2,99";"0";"3";"32";"0";"2"
"03.12.2015 17:55:00";"1";"0";"18";"0,83";"2097152";"72352";"3,45";"0";"3";"32";"0";"2"
"03.12.2015 18:00:00";"1";"0";"15";"0,71";"2097152";"62705";"2,99";"0";"3";"32";"0";"2"
"03.12.2015 18:05:00";"1";"0";"16";"0,74";"2097152";"45928";"2,19";"0";"4";"32";"0";"2"
"03.12.2015 18:10:00";"1";"0";"18";"0,83";"2097152";"83676";"3,99";"0";"3";"32";"0";"2"
"03.12.2015 18:15:00";"1";"0";"16";"0,72";"2097152";"75288";"3,59";"0";"3";"32";"0";"2"
"03.12.2015 18:20:00";"1";"0";"16";"0,74";"2097152";"82208";"3,92";"0";"3";"32";"0";"2"
"03.12.2015 18:25:00";"1";"0";"18";"0,83";"2097152";"82208";"3,92";"0";"3";"32";"0";"2"
"03.12.2015 18:30:00";"1";"0";"15";"0,7";"2097152";"82208";"3,92";"0";"3";"32";"0";"2"
"03.12.2015 18:35:00";"1";"0";"16";"0,75";"2097152";"71093";"3,39";"0";"3";"32";"0";"2"
"03.12.2015 18:40:00";"1";"0";"18";"0,83";"2097152";"83676";"3,99";"0";"3";"32";"0";"2"
"03.12.2015 18:45:00";"1";"0";"16";"0,72";"2097152";"72352";"3,45";"0";"3";"32";"0";"2"
"03.12.2015 18:50:00";"1";"0";"16";"0,72";"2097152";"59769";"2,85";"0";"3";"32";"0";"2"
"03.12.2015 18:55:00";"1";"0";"18";"0,82";"2097152";"47186";"2,25";"0";"3";"32";"0";"2"
"03.12.2015 19:00:00";"1";"0";"16";"0,72";"2097152";"66899";"3,19";"0";"3";"32";"0";"2"
"03.12.2015 19:05:00";"1";"0";"17";"0,77";"2097152";"117231";"5,59";"0";"3";"32";"0";"2"
"03.12.2015 19:10:00";"1";"0";"18";"0,83";"2097152";"196923";"9,39";"0";"3";"32";"0";"2"
"03.12.2015 19:15:00";"1";"0";"18";"0,83";"2097152";"69625";"3,32";"0";"3";"32";"0";"3"
"03.12.2015 19:20:00";"1";"0";"16";"0,72";"2097152";"86403";"4,12";"0";"3";"32";"0";"1"
"03.12.2015 19:25:00";"1";"0";"16";"0,72";"2097152";"72352";"3,45";"0";"3";"32";"0";"2"
"03.12.2015 19:30:00";"1";"0";"19";"0,85";"2097152";"61237";"2,92";"0";"3";"32";"0";"3"
"03.12.2015 19:35:00";"1";"0";"16";"0,75";"2097152";"63963";"3,05";"0";"3";"32";"0";"1"
"03.12.2015 19:40:00";"1";"0";"16";"0,73";"2097152";"82208";"3,92";"0";"3";"32";"0";"2"
"03.12.2015 19:45:00";"1";"0";"16";"0,72";"2097152";"55575";"2,65";"0";"3";"32";"0";"2"
"03.12.2015 19:50:00";"1";"0";"16";"0,72";"2097152";"83676";"3,99";"0";"3";"32";"0";"2"
"03.12.2015 19:55:00";"1";"0";"18";"0,83";"2097152";"92065";"4,39";"0";"3";"32";"0";"2"
"03.12.2015 20:00:00";"1";"0";"16";"0,71";"2097152";"59769";"2,85";"0";"3";"32";"0";"2"
"03.12.2015 20:05:00";"1";"0";"16";"0,72";"2097152";"58511";"2,79";"0";"3";"32";"0";"2"
"03.12.2015 20:10:00";"1";"0";"18";"0,82";"2097152";"69625";"3,32";"0";"3";"32";"0";"2"
"03.12.2015 20:15:00";"1";"0";"15";"0,71";"2097152";"97518";"4,65";"0";"3";"32";"0";"2"
"03.12.2015 20:20:00";"1";"0";"16";"0,74";"2097152";"93323";"4,45";"0";"3";"32";"0";"2"
"03.12.2015 20:25:00";"1";"0";"18";"0,83";"2097152";"104648";"4,99";"0";"3";"32";"0";"2"
"03.12.2015 20:30:00";"1";"0";"16";"0,73";"2097152";"78014";"3,72";"0";"3";"32";"0";"2"
"03.12.2015 20:35:00";"1";"0";"16";"0,73";"2097152";"83676";"3,99";"0";"3";"32";"0";"2"
"03.12.2015 20:40:00";"1";"0";"18";"0,82";"2097152";"58511";"2,79";"0";"3";"32";"0";"2"
"03.12.2015 20:45:00";"1";"0";"16";"0,72";"2097152";"58511";"2,79";"0";"3";"32";"0";"2"
"03.12.2015 20:50:00";"1";"0";"16";"0,74";"2097152";"79482";"3,79";"0";"3";"32";"0";"2"
"03.12.2015 20:55:00";"1";"0";"19";"0,84";"2097152";"50122";"2,39";"0";"3";"32";"0";"2"
"03.12.2015 21:00:00";"1";"0";"16";"0,71";"2097152";"66899";"3,19";"0";"3";"32";"0";"2"
"03.12.2015 21:05:00";"1";"0";"16";"0,73";"2097152";"87871";"4,19";"0";"3";"32";"0";"2"
"03.12.2015 21:10:00";"1";"0";"18";"0,83";"2097152";"87871";"4,19";"0";"3";"32";"0";"2"
"03.12.2015 21:15:00";"1";"0";"16";"0,71";"2097152";"92065";"4,39";"0";"3";"32";"0";"2"
"03.12.2015 21:20:00";"1";"0";"16";"0,71";"2097152";"101712";"4,85";"0";"3";"32";"0";"2"
"03.12.2015 21:25:00";"1";"0";"19";"0,86";"2097152";"76546";"3,65";"0";"3";"32";"0";"2"
"03.12.2015 21:30:00";"1";"0";"16";"0,74";"2097152";"104648";"4,99";"0";"3";"32";"0";"2"
"03.12.2015 21:35:00";"1";"0";"16";"0,72";"2097152";"92065";"4,39";"0";"3";"32";"0";"2"
"03.12.2015 21:40:00";"1";"0";"18";"0,82";"2097152";"80740";"3,85";"0";"3";"32";"0";"2"
"03.12.2015 21:45:00";"1";"0";"16";"0,71";"2097152";"87871";"4,19";"0";"3";"32";"0";"2"
"03.12.2015 21:50:00";"1";"0";"16";"0,73";"2097152";"71093";"3,39";"0";"3";"32";"0";"2"
"03.12.2015 21:55:00";"1";"0";"18";"0,82";"2097152";"40265";"1,92";"0";"3";"32";"0";"2"
"03.12.2015 22:00:00";"1";"0";"15";"0,71";"2097152";"72352";"3,45";"0";"3";"32";"0";"2"
"03.12.2015 22:05:00";"1";"0";"16";"0,75";"2097152";"93323";"4,45";"0";"3";"32";"0";"2"
"03.12.2015 22:10:00";"1";"0";"19";"0,85";"2097152";"58511";"2,79";"0";"3";"32";"0";"2"
"03.12.2015 22:15:00";"1";"0";"16";"0,72";"2097152";"47186";"2,25";"0";"3";"32";"0";"2"
"03.12.2015 22:20:00";"1";"0";"16";"0,71";"2097152";"62705";"2,99";"0";"3";"32";"0";"2"
"03.12.2015 22:25:00";"1";"0";"18";"0,82";"2097152";"83676";"3,99";"0";"3";"32";"0";"2"
"03.12.2015 22:30:00";"1";"0";"15";"0,7";"2097152";"71093";"3,39";"0";"3";"32";"0";"2"
"03.12.2015 22:35:00";"1";"0";"16";"0,74";"2097152";"62705";"2,99";"0";"3";"32";"0";"2"
"03.12.2015 22:40:00";"1";"0";"18";"0,82";"2097152";"75288";"3,59";"0";"3";"32";"0";"2"
"03.12.2015 22:45:00";"1";"0";"15";"0,7";"2097152";"63963";"3,05";"0";"3";"32";"0";"2"
"03.12.2015 22:50:00";"1";"0";"16";"0,71";"2097152";"63963";"3,05";"0";"3";"32";"0";"2"
"03.12.2015 22:55:00";"1";"0";"18";"0,84";"2097152";"62705";"2,99";"0";"3";"32";"0";"2"
"03.12.2015 23:00:00";"1";"0";"15";"0,69";"2097152";"50122";"2,39";"0";"3";"32";"0";"2"
"03.12.2015 23:05:00";"1";"0";"16";"0,73";"2097152";"62705";"2,99";"0";"3";"32";"0";"2"
"03.12.2015 23:10:00";"1";"0";"18";"0,81";"2097152";"75288";"3,59";"0";"3";"32";"0";"2"
"03.12.2015 23:15:00";"1";"0";"15";"0,7";"2097152";"96259";"4,59";"0";"3";"32";"0";"2"
"03.12.2015 23:20:00";"1";"0";"15";"0,71";"2097152";"75288";"3,59";"0";"3";"32";"0";"2"
"03.12.2015 23:25:00";"1";"0";"18";"0,81";"2097152";"92065";"4,39";"0";"3";"32";"0";"2"
"03.12.2015 23:30:00";"1";"0";"15";"0,7";"2097152";"62705";"2,99";"0";"3";"32";"0";"2"
"03.12.2015 23:35:00";"1";"0";"15";"0,7";"2097152";"62705";"2,99";"0";"3";"32";"0";"2"
"03.12.2015 23:40:00";"1";"0";"18";"0,82";"2097152";"57043";"2,72";"0";"3";"32";"0";"2"
"03.12.2015 23:45:00";"1";"0";"15";"0,71";"2097152";"94791";"4,52";"0";"3";"32";"0";"2"
"03.12.2015 23:50:00";"1";"0";"16";"0,72";"2097152";"87871";"4,19";"0";"3";"32";"0";"2"
"03.12.2015 23:55:00";"1";"0";"19";"0,87";"2097152";"45928";"2,19";"0";"4";"32";"0";"2"
